timestamp, index, uuid, name, utilization.gpu [%], memory.used [MiB], power.draw [W], temperature.gpu, clocks.current.sm [MHz]
2026/09/15 02:17:14.497, 0, GPU-3d9bae9f-f6a5-a533-682a-2990f19ffa90, NVIDIA H100 80GB HBM3, 0 %, 1 MiB, 118.92 W, 41, 1980 MHz
2026/09/15 02:17:14.498, 1, GPU-d67482aa-44bc-1a33-2545-de34f4bb6c82, NVIDIA H100 80GB HBM3, 0 %, 1 MiB, 70.98 W, 35, 345 MHz
2026/09/15 02:17:14.500, 2, GPU-6c47d827-68bc-9d8f-448e-55624a5f2f65, NVIDIA H100 80GB HBM3, 0 %, 1 MiB, 71.50 W, 26, 345 MHz
2026/09/15 02:17:14.508, 3, GPU-a481f1cc-7ac4-a6c3-b8a4-eed1d39e45aa, NVIDIA H100 80GB HBM3, 0 %, 1 MiB, 74.99 W, 26, 345 MHz
2026/09/15 02:17:14.509, 4, GPU-a60182ac-1fbd-0654-4298-7dfab8d789ca, NVIDIA H100 80GB HBM3, 0 %, 1 MiB, 72.47 W, 26, 345 MHz
2026/09/15 02:17:14.511, 5, GPU-11bb96fb-3b4c-98eb-f310-70437157969c, NVIDIA H100 80GB HBM3, 0 %, 1 MiB, 69.33 W, 26, 345 MHz
2026/09/15 02:17:14.513, 6, GPU-7d80084d-f83b-1a50-3007-35e8f2af67c2, NVIDIA H100 80GB HBM3, 0 %, 1 MiB, 70.88 W, 27, 345 MHz
2026/09/15 02:17:14.514, 7, GPU-69cdf81a-1c5b-4e7c-54e2-2dd45eb25e36, NVIDIA H100 80GB HBM3, 0 %, 1 MiB, 70.31 W, 26, 345 MHz
2026/09/15 02:17:15.518, 0, GPU-3d9bae9f-f6a5-a533-682a-2990f19ffa90, NVIDIA H100 80GB HBM3, 0 %, 1 MiB, 76.61 W, 39, 690 MHz
2026/09/15 02:17:15.524, 1, GPU-d67482aa-44bc-1a33-2545-de34f4bb6c82, NVIDIA H100 80GB HBM3, 0 %, 1 MiB, 71.02 W, 35, 345 MHz
2026/09/15 02:17:15.526, 2, GPU-6c47d827-68bc-9d8f-448e-55624a5f2f65, NVIDIA H100 80GB HBM3, 0 %, 1 MiB, 71.50 W, 26, 345 MHz
2026/09/15 02:17:15.528, 3, GPU-a481f1cc-7ac4-a6c3-b8a4-eed1d39e45aa, NVIDIA H100 80GB HBM3, 0 %, 1 MiB, 74.90 W, 26, 345 MHz
2026/09/15 02:17:15.536, 4, GPU-a60182ac-1fbd-0654-4298-7dfab8d789ca, NVIDIA H100 80GB HBM3, 0 %, 1 MiB, 72.25 W, 26, 345 MHz
2026/09/15 02:17:15.538, 5, GPU-11bb96fb-3b4c-98eb-f310-70437157969c, NVIDIA H100 80GB HBM3, 0 %, 1 MiB, 69.35 W, 26, 345 MHz
2026/09/15 02:17:15.540, 6, GPU-7d80084d-f83b-1a50-3007-35e8f2af67c2, NVIDIA H100 80GB HBM3, 0 %, 1 MiB, 70.92 W, 27, 345 MHz
2026/09/15 02:17:15.541, 7, GPU-69cdf81a-1c5b-4e7c-54e2-2dd45eb25e36, NVIDIA H100 80GB HBM3, 0 %, 1 MiB, 70.30 W, 26, 345 MHz
2026/09/15 02:17:16.543, 0, GPU-3d9bae9f-f6a5-a533-682a-2990f19ffa90, NVIDIA H100 80GB HBM3, 0 %, 1 MiB, 73.09 W, 39, 435 MHz
2026/09/15 02:17:16.545, 1, GPU-d67482aa-44bc-1a33-2545-de34f4bb6c82, NVIDIA H100 80GB HBM3, 0 %, 1 MiB, 70.98 W, 35, 345 MHz
2026/09/15 02:17:16.547, 2, GPU-6c47d827-68bc-9d8f-448e-55624a5f2f65, NVIDIA H100 80GB HBM3, 0 %, 1 MiB, 71.47 W, 26, 345 MHz
2026/09/15 02:17:16.548, 3, GPU-a481f1cc-7ac4-a6c3-b8a4-eed1d39e45aa, NVIDIA H100 80GB HBM3, 0 %, 1 MiB, 74.99 W, 26, 345 MHz
2026/09/15 02:17:16.550, 4, GPU-a60182ac-1fbd-0654-4298-7dfab8d789ca, NVIDIA H100 80GB HBM3, 0 %, 1 MiB, 72.42 W, 26, 345 MHz
2026/09/15 02:17:16.552, 5, GPU-11bb96fb-3b4c-98eb-f310-70437157969c, NVIDIA H100 80GB HBM3, 0 %, 1 MiB, 69.32 W, 26, 345 MHz
2026/09/15 02:17:16.553, 6, GPU-7d80084d-f83b-1a50-3007-35e8f2af67c2, NVIDIA H100 80GB HBM3, 0 %, 1 MiB, 70.90 W, 27, 345 MHz
2026/09/15 02:17:16.562, 7, GPU-69cdf81a-1c5b-4e7c-54e2-2dd45eb25e36, NVIDIA H100 80GB HBM3, 0 %, 1 MiB, 70.25 W, 26, 345 MHz
2026/09/15 02:17:17.564, 0, GPU-3d9bae9f-f6a5-a533-682a-2990f19ffa90, NVIDIA H100 80GB HBM3, 0 %, 1 MiB, 72.16 W, 39, 345 MHz
2026/09/15 02:17:17.565, 1, GPU-d67482aa-44bc-1a33-2545-de34f4bb6c82, NVIDIA H100 80GB HBM3, 0 %, 1 MiB, 70.97 W, 35, 345 MHz
2026/09/15 02:17:17.567, 2, GPU-6c47d827-68bc-9d8f-448e-55624a5f2f65, NVIDIA H100 80GB HBM3, 0 %, 1 MiB, 71.50 W, 26, 345 MHz
2026/09/15 02:17:17.569, 3, GPU-a481f1cc-7ac4-a6c3-b8a4-eed1d39e45aa, NVIDIA H100 80GB HBM3, 0 %, 1 MiB, 74.94 W, 26, 345 MHz
2026/09/15 02:17:17.570, 4, GPU-a60182ac-1fbd-0654-4298-7dfab8d789ca, NVIDIA H100 80GB HBM3, 0 %, 1 MiB, 72.25 W, 26, 345 MHz
2026/09/15 02:17:17.572, 5, GPU-11bb96fb-3b4c-98eb-f310-70437157969c, NVIDIA H100 80GB HBM3, 0 %, 1 MiB, 69.32 W, 26, 345 MHz
2026/09/15 02:17:17.573, 6, GPU-7d80084d-f83b-1a50-3007-35e8f2af67c2, NVIDIA H100 80GB HBM3, 0 %, 1 MiB, 70.86 W, 27, 345 MHz
2026/09/15 02:17:17.575, 7, GPU-69cdf81a-1c5b-4e7c-54e2-2dd45eb25e36, NVIDIA H100 80GB HBM3, 0 %, 1 MiB, 70.27 W, 26, 345 MHz
2026/09/15 02:17:18.576, 0, GPU-3d9bae9f-f6a5-a533-682a-2990f19ffa90, NVIDIA H100 80GB HBM3, 0 %, 1 MiB, 72.01 W, 39, 345 MHz
2026/09/15 02:17:18.578, 1, GPU-d67482aa-44bc-1a33-2545-de34f4bb6c82, NVIDIA H100 80GB HBM3, 0 %, 1 MiB, 70.97 W, 35, 345 MHz
2026/09/15 02:17:18.579, 2, GPU-6c47d827-68bc-9d8f-448e-55624a5f2f65, NVIDIA H100 80GB HBM3, 0 %, 1 MiB, 71.51 W, 26, 345 MHz
2026/09/15 02:17:18.581, 3, GPU-a481f1cc-7ac4-a6c3-b8a4-eed1d39e45aa, NVIDIA H100 80GB HBM3, 0 %, 1 MiB, 74.92 W, 26, 345 MHz
2026/09/15 02:17:18.582, 4, GPU-a60182ac-1fbd-0654-4298-7dfab8d789ca, NVIDIA H100 80GB HBM3, 0 %, 1 MiB, 72.37 W, 26, 345 MHz
2026/09/15 02:17:18.584, 5, GPU-11bb96fb-3b4c-98eb-f310-70437157969c, NVIDIA H100 80GB HBM3, 0 %, 1 MiB, 69.35 W, 26, 345 MHz
2026/09/15 02:17:18.586, 6, GPU-7d80084d-f83b-1a50-3007-35e8f2af67c2, NVIDIA H100 80GB HBM3, 0 %, 1 MiB, 70.88 W, 27, 345 MHz
2026/09/15 02:17:18.587, 7, GPU-69cdf81a-1c5b-4e7c-54e2-2dd45eb25e36, NVIDIA H100 80GB HBM3, 0 %, 1 MiB, 70.34 W, 26, 345 MHz
2026/09/15 02:17:19.589, 0, GPU-3d9bae9f-f6a5-a533-682a-2990f19ffa90, NVIDIA H100 80GB HBM3, 0 %, 1 MiB, 71.91 W, 38, 345 MHz
2026/09/15 02:17:19.591, 1, GPU-d67482aa-44bc-1a33-2545-de34f4bb6c82, NVIDIA H100 80GB HBM3, 0 %, 1 MiB, 70.95 W, 35, 345 MHz
2026/09/15 02:17:19.592, 2, GPU-6c47d827-68bc-9d8f-448e-55624a5f2f65, NVIDIA H100 80GB HBM3, 0 %, 1 MiB, 71.52 W, 26, 345 MHz
2026/09/15 02:17:19.594, 3, GPU-a481f1cc-7ac4-a6c3-b8a4-eed1d39e45aa, NVIDIA H100 80GB HBM3, 0 %, 1 MiB, 74.95 W, 26, 345 MHz
2026/09/15 02:17:19.595, 4, GPU-a60182ac-1fbd-0654-4298-7dfab8d789ca, NVIDIA H100 80GB HBM3, 0 %, 1 MiB, 72.32 W, 26, 345 MHz
2026/09/15 02:17:19.597, 5, GPU-11bb96fb-3b4c-98eb-f310-70437157969c, NVIDIA H100 80GB HBM3, 0 %, 1 MiB, 69.33 W, 26, 345 MHz
2026/09/15 02:17:19.606, 6, GPU-7d80084d-f83b-1a50-3007-35e8f2af67c2, NVIDIA H100 80GB HBM3, 0 %, 1 MiB, 70.90 W, 27, 345 MHz
2026/09/15 02:17:19.608, 7, GPU-69cdf81a-1c5b-4e7c-54e2-2dd45eb25e36, NVIDIA H100 80GB HBM3, 0 %, 1 MiB, 70.27 W, 26, 345 MHz
2026/09/15 02:17:20.618, 0, GPU-3d9bae9f-f6a5-a533-682a-2990f19ffa90, NVIDIA H100 80GB HBM3, 0 %, 1 MiB, 71.90 W, 38, 345 MHz
2026/09/15 02:17:20.644, 1, GPU-d67482aa-44bc-1a33-2545-de34f4bb6c82, NVIDIA H100 80GB HBM3, 0 %, 1 MiB, 70.99 W, 35, 345 MHz
2026/09/15 02:17:20.646, 2, GPU-6c47d827-68bc-9d8f-448e-55624a5f2f65, NVIDIA H100 80GB HBM3, 0 %, 1 MiB, 71.57 W, 26, 345 MHz
2026/09/15 02:17:20.647, 3, GPU-a481f1cc-7ac4-a6c3-b8a4-eed1d39e45aa, NVIDIA H100 80GB HBM3, 0 %, 1 MiB, 74.91 W, 26, 345 MHz
2026/09/15 02:17:20.648, 4, GPU-a60182ac-1fbd-0654-4298-7dfab8d789ca, NVIDIA H100 80GB HBM3, 0 %, 1 MiB, 72.31 W, 26, 345 MHz
2026/09/15 02:17:20.650, 5, GPU-11bb96fb-3b4c-98eb-f310-70437157969c, NVIDIA H100 80GB HBM3, 0 %, 1 MiB, 69.31 W, 26, 345 MHz
2026/09/15 02:17:20.651, 6, GPU-7d80084d-f83b-1a50-3007-35e8f2af67c2, NVIDIA H100 80GB HBM3, 0 %, 1 MiB, 70.89 W, 27, 345 MHz
2026/09/15 02:17:20.653, 7, GPU-69cdf81a-1c5b-4e7c-54e2-2dd45eb25e36, NVIDIA H100 80GB HBM3, 0 %, 1 MiB, 70.27 W, 26, 345 MHz
2026/09/15 02:17:21.654, 0, GPU-3d9bae9f-f6a5-a533-682a-2990f19ffa90, NVIDIA H100 80GB HBM3, 0 %, 1 MiB, 71.85 W, 38, 345 MHz
2026/09/15 02:17:21.656, 1, GPU-d67482aa-44bc-1a33-2545-de34f4bb6c82, NVIDIA H100 80GB HBM3, 0 %, 1 MiB, 70.94 W, 35, 345 MHz
2026/09/15 02:17:21.657, 2, GPU-6c47d827-68bc-9d8f-448e-55624a5f2f65, NVIDIA H100 80GB HBM3, 0 %, 1 MiB, 71.53 W, 26, 345 MHz
2026/09/15 02:17:21.659, 3, GPU-a481f1cc-7ac4-a6c3-b8a4-eed1d39e45aa, NVIDIA H100 80GB HBM3, 0 %, 1 MiB, 74.95 W, 26, 345 MHz
2026/09/15 02:17:21.660, 4, GPU-a60182ac-1fbd-0654-4298-7dfab8d789ca, NVIDIA H100 80GB HBM3, 0 %, 1 MiB, 72.40 W, 26, 345 MHz
2026/09/15 02:17:21.669, 5, GPU-11bb96fb-3b4c-98eb-f310-70437157969c, NVIDIA H100 80GB HBM3, 0 %, 1 MiB, 69.32 W, 26, 345 MHz
2026/09/15 02:17:21.671, 6, GPU-7d80084d-f83b-1a50-3007-35e8f2af67c2, NVIDIA H100 80GB HBM3, 0 %, 1 MiB, 70.84 W, 27, 345 MHz
2026/09/15 02:17:21.672, 7, GPU-69cdf81a-1c5b-4e7c-54e2-2dd45eb25e36, NVIDIA H100 80GB HBM3, 0 %, 1 MiB, 70.30 W, 26, 345 MHz
2026/09/15 02:17:22.675, 0, GPU-3d9bae9f-f6a5-a533-682a-2990f19ffa90, NVIDIA H100 80GB HBM3, 0 %, 1 MiB, 71.82 W, 38, 345 MHz
2026/09/15 02:17:22.676, 1, GPU-d67482aa-44bc-1a33-2545-de34f4bb6c82, NVIDIA H100 80GB HBM3, 0 %, 1 MiB, 70.94 W, 35, 345 MHz
2026/09/15 02:17:22.678, 2, GPU-6c47d827-68bc-9d8f-448e-55624a5f2f65, NVIDIA H100 80GB HBM3, 0 %, 1 MiB, 71.53 W, 26, 345 MHz
2026/09/15 02:17:22.679, 3, GPU-a481f1cc-7ac4-a6c3-b8a4-eed1d39e45aa, NVIDIA H100 80GB HBM3, 0 %, 1 MiB, 74.98 W, 26, 345 MHz
2026/09/15 02:17:22.681, 4, GPU-a60182ac-1fbd-0654-4298-7dfab8d789ca, NVIDIA H100 80GB HBM3, 0 %, 1 MiB, 72.34 W, 26, 345 MHz
2026/09/15 02:17:22.682, 5, GPU-11bb96fb-3b4c-98eb-f310-70437157969c, NVIDIA H100 80GB HBM3, 0 %, 1 MiB, 69.32 W, 26, 345 MHz
2026/09/15 02:17:22.684, 6, GPU-7d80084d-f83b-1a50-3007-35e8f2af67c2, NVIDIA H100 80GB HBM3, 0 %, 1 MiB, 70.92 W, 27, 345 MHz
2026/09/15 02:17:22.686, 7, GPU-69cdf81a-1c5b-4e7c-54e2-2dd45eb25e36, NVIDIA H100 80GB HBM3, 0 %, 1 MiB, 70.27 W, 26, 345 MHz
2026/09/15 02:17:23.687, 0, GPU-3d9bae9f-f6a5-a533-682a-2990f19ffa90, NVIDIA H100 80GB HBM3, 0 %, 1 MiB, 71.82 W, 38, 345 MHz
2026/09/15 02:17:23.689, 1, GPU-d67482aa-44bc-1a33-2545-de34f4bb6c82, NVIDIA H100 80GB HBM3, 0 %, 1 MiB, 70.94 W, 35, 345 MHz
2026/09/15 02:17:23.691, 2, GPU-6c47d827-68bc-9d8f-448e-55624a5f2f65, NVIDIA H100 80GB HBM3, 0 %, 1 MiB, 71.51 W, 26, 345 MHz
2026/09/15 02:17:23.692, 3, GPU-a481f1cc-7ac4-a6c3-b8a4-eed1d39e45aa, NVIDIA H100 80GB HBM3, 0 %, 1 MiB, 74.94 W, 26, 345 MHz
2026/09/15 02:17:23.694, 4, GPU-a60182ac-1fbd-0654-4298-7dfab8d789ca, NVIDIA H100 80GB HBM3, 0 %, 1 MiB, 72.43 W, 26, 345 MHz
2026/09/15 02:17:23.695, 5, GPU-11bb96fb-3b4c-98eb-f310-70437157969c, NVIDIA H100 80GB HBM3, 0 %, 1 MiB, 69.35 W, 26, 345 MHz
2026/09/15 02:17:23.696, 6, GPU-7d80084d-f83b-1a50-3007-35e8f2af67c2, NVIDIA H100 80GB HBM3, 0 %, 1 MiB, 70.92 W, 27, 345 MHz
2026/09/15 02:17:23.698, 7, GPU-69cdf81a-1c5b-4e7c-54e2-2dd45eb25e36, NVIDIA H100 80GB HBM3, 0 %, 1 MiB, 70.34 W, 26, 345 MHz
2026/09/15 02:17:24.699, 0, GPU-3d9bae9f-f6a5-a533-682a-2990f19ffa90, NVIDIA H100 80GB HBM3, 0 %, 1 MiB, 71.72 W, 38, 345 MHz
2026/09/15 02:17:24.701, 1, GPU-d67482aa-44bc-1a33-2545-de34f4bb6c82, NVIDIA H100 80GB HBM3, 0 %, 1 MiB, 70.91 W, 35, 345 MHz
2026/09/15 02:17:24.703, 2, GPU-6c47d827-68bc-9d8f-448e-55624a5f2f65, NVIDIA H100 80GB HBM3, 0 %, 1 MiB, 71.50 W, 26, 345 MHz
2026/09/15 02:17:24.708, 3, GPU-a481f1cc-7ac4-a6c3-b8a4-eed1d39e45aa, NVIDIA H100 80GB HBM3, 0 %, 1 MiB, 74.93 W, 26, 345 MHz
2026/09/15 02:17:24.709, 4, GPU-a60182ac-1fbd-0654-4298-7dfab8d789ca, NVIDIA H100 80GB HBM3, 0 %, 1 MiB, 72.23 W, 26, 345 MHz
2026/09/15 02:17:24.711, 5, GPU-11bb96fb-3b4c-98eb-f310-70437157969c, NVIDIA H100 80GB HBM3, 0 %, 1 MiB, 69.31 W, 26, 345 MHz
2026/09/15 02:17:24.713, 6, GPU-7d80084d-f83b-1a50-3007-35e8f2af67c2, NVIDIA H100 80GB HBM3, 0 %, 1 MiB, 70.90 W, 27, 345 MHz
2026/09/15 02:17:24.715, 7, GPU-69cdf81a-1c5b-4e7c-54e2-2dd45eb25e36, NVIDIA H100 80GB HBM3, 0 %, 1 MiB, 70.27 W, 26, 345 MHz
2026/09/15 02:17:25.718, 0, GPU-3d9bae9f-f6a5-a533-682a-2990f19ffa90, NVIDIA H100 80GB HBM3, 0 %, 1 MiB, 71.69 W, 38, 345 MHz
2026/09/15 02:17:25.725, 1, GPU-d67482aa-44bc-1a33-2545-de34f4bb6c82, NVIDIA H100 80GB HBM3, 0 %, 1 MiB, 70.95 W, 35, 345 MHz
2026/09/15 02:17:25.727, 2, GPU-6c47d827-68bc-9d8f-448e-55624a5f2f65, NVIDIA H100 80GB HBM3, 0 %, 1 MiB, 71.50 W, 26, 345 MHz
2026/09/15 02:17:25.729, 3, GPU-a481f1cc-7ac4-a6c3-b8a4-eed1d39e45aa, NVIDIA H100 80GB HBM3, 0 %, 1 MiB, 74.96 W, 26, 345 MHz
2026/09/15 02:17:25.736, 4, GPU-a60182ac-1fbd-0654-4298-7dfab8d789ca, NVIDIA H100 80GB HBM3, 0 %, 1 MiB, 72.45 W, 26, 345 MHz
2026/09/15 02:17:25.738, 5, GPU-11bb96fb-3b4c-98eb-f310-70437157969c, NVIDIA H100 80GB HBM3, 0 %, 1 MiB, 69.33 W, 26, 345 MHz
2026/09/15 02:17:25.740, 6, GPU-7d80084d-f83b-1a50-3007-35e8f2af67c2, NVIDIA H100 80GB HBM3, 0 %, 1 MiB, 70.93 W, 27, 345 MHz
2026/09/15 02:17:25.742, 7, GPU-69cdf81a-1c5b-4e7c-54e2-2dd45eb25e36, NVIDIA H100 80GB HBM3, 0 %, 1 MiB, 70.26 W, 26, 345 MHz
2026/09/15 02:17:26.743, 0, GPU-3d9bae9f-f6a5-a533-682a-2990f19ffa90, NVIDIA H100 80GB HBM3, 0 %, 4 MiB, 71.69 W, 38, 345 MHz
2026/09/15 02:17:26.745, 1, GPU-d67482aa-44bc-1a33-2545-de34f4bb6c82, NVIDIA H100 80GB HBM3, 0 %, 1 MiB, 70.94 W, 35, 345 MHz
2026/09/15 02:17:26.747, 2, GPU-6c47d827-68bc-9d8f-448e-55624a5f2f65, NVIDIA H100 80GB HBM3, 0 %, 1 MiB, 71.51 W, 26, 345 MHz
2026/09/15 02:17:26.748, 3, GPU-a481f1cc-7ac4-a6c3-b8a4-eed1d39e45aa, NVIDIA H100 80GB HBM3, 0 %, 1 MiB, 74.94 W, 26, 345 MHz
2026/09/15 02:17:26.750, 4, GPU-a60182ac-1fbd-0654-4298-7dfab8d789ca, NVIDIA H100 80GB HBM3, 0 %, 1 MiB, 72.26 W, 26, 345 MHz
2026/09/15 02:17:26.752, 5, GPU-11bb96fb-3b4c-98eb-f310-70437157969c, NVIDIA H100 80GB HBM3, 0 %, 1 MiB, 69.33 W, 26, 345 MHz
2026/09/15 02:17:26.753, 6, GPU-7d80084d-f83b-1a50-3007-35e8f2af67c2, NVIDIA H100 80GB HBM3, 0 %, 1 MiB, 70.91 W, 27, 345 MHz
2026/09/15 02:17:26.762, 7, GPU-69cdf81a-1c5b-4e7c-54e2-2dd45eb25e36, NVIDIA H100 80GB HBM3, 0 %, 1 MiB, 70.26 W, 26, 345 MHz
2026/09/15 02:17:27.764, 0, GPU-3d9bae9f-f6a5-a533-682a-2990f19ffa90, NVIDIA H100 80GB HBM3, 0 %, 4 MiB, 71.70 W, 38, 345 MHz
2026/09/15 02:17:27.781, 1, GPU-d67482aa-44bc-1a33-2545-de34f4bb6c82, NVIDIA H100 80GB HBM3, 0 %, 1 MiB, 70.93 W, 35, 345 MHz
2026/09/15 02:17:27.831, 2, GPU-6c47d827-68bc-9d8f-448e-55624a5f2f65, NVIDIA H100 80GB HBM3, 0 %, 1 MiB, 71.53 W, 26, 345 MHz
2026/09/15 02:17:27.856, 3, GPU-a481f1cc-7ac4-a6c3-b8a4-eed1d39e45aa, NVIDIA H100 80GB HBM3, 0 %, 1 MiB, 74.94 W, 26, 345 MHz
2026/09/15 02:17:27.858, 4, GPU-a60182ac-1fbd-0654-4298-7dfab8d789ca, NVIDIA H100 80GB HBM3, 0 %, 1 MiB, 72.46 W, 26, 345 MHz
2026/09/15 02:17:27.893, 5, GPU-11bb96fb-3b4c-98eb-f310-70437157969c, NVIDIA H100 80GB HBM3, 0 %, 1 MiB, 69.31 W, 26, 345 MHz
2026/09/15 02:17:27.894, 6, GPU-7d80084d-f83b-1a50-3007-35e8f2af67c2, NVIDIA H100 80GB HBM3, 0 %, 1 MiB, 70.86 W, 27, 345 MHz
2026/09/15 02:17:27.896, 7, GPU-69cdf81a-1c5b-4e7c-54e2-2dd45eb25e36, NVIDIA H100 80GB HBM3, 0 %, 1 MiB, 70.32 W, 26, 345 MHz
2026/09/15 02:17:28.897, 0, GPU-3d9bae9f-f6a5-a533-682a-2990f19ffa90, NVIDIA H100 80GB HBM3, 0 %, 4 MiB, 71.69 W, 38, 345 MHz
2026/09/15 02:17:28.899, 1, GPU-d67482aa-44bc-1a33-2545-de34f4bb6c82, NVIDIA H100 80GB HBM3, 0 %, 1 MiB, 70.89 W, 35, 345 MHz
2026/09/15 02:17:28.900, 2, GPU-6c47d827-68bc-9d8f-448e-55624a5f2f65, NVIDIA H100 80GB HBM3, 0 %, 1 MiB, 71.51 W, 26, 345 MHz
2026/09/15 02:17:28.908, 3, GPU-a481f1cc-7ac4-a6c3-b8a4-eed1d39e45aa, NVIDIA H100 80GB HBM3, 0 %, 1 MiB, 74.93 W, 26, 345 MHz
2026/09/15 02:17:28.909, 4, GPU-a60182ac-1fbd-0654-4298-7dfab8d789ca, NVIDIA H100 80GB HBM3, 0 %, 1 MiB, 72.29 W, 26, 345 MHz
2026/09/15 02:17:28.911, 5, GPU-11bb96fb-3b4c-98eb-f310-70437157969c, NVIDIA H100 80GB HBM3, 0 %, 1 MiB, 69.33 W, 26, 345 MHz
2026/09/15 02:17:28.913, 6, GPU-7d80084d-f83b-1a50-3007-35e8f2af67c2, NVIDIA H100 80GB HBM3, 0 %, 1 MiB, 70.92 W, 27, 345 MHz
2026/09/15 02:17:28.914, 7, GPU-69cdf81a-1c5b-4e7c-54e2-2dd45eb25e36, NVIDIA H100 80GB HBM3, 0 %, 1 MiB, 70.28 W, 26, 345 MHz
2026/09/15 02:17:29.918, 0, GPU-3d9bae9f-f6a5-a533-682a-2990f19ffa90, NVIDIA H100 80GB HBM3, 0 %, 4 MiB, 71.63 W, 38, 345 MHz
2026/09/15 02:17:29.924, 1, GPU-d67482aa-44bc-1a33-2545-de34f4bb6c82, NVIDIA H100 80GB HBM3, 0 %, 1 MiB, 70.91 W, 35, 345 MHz
2026/09/15 02:17:29.926, 2, GPU-6c47d827-68bc-9d8f-448e-55624a5f2f65, NVIDIA H100 80GB HBM3, 0 %, 1 MiB, 71.52 W, 26, 345 MHz
2026/09/15 02:17:29.927, 3, GPU-a481f1cc-7ac4-a6c3-b8a4-eed1d39e45aa, NVIDIA H100 80GB HBM3, 0 %, 1 MiB, 74.93 W, 26, 345 MHz
2026/09/15 02:17:29.936, 4, GPU-a60182ac-1fbd-0654-4298-7dfab8d789ca, NVIDIA H100 80GB HBM3, 0 %, 1 MiB, 72.29 W, 26, 345 MHz
2026/09/15 02:17:29.938, 5, GPU-11bb96fb-3b4c-98eb-f310-70437157969c, NVIDIA H100 80GB HBM3, 0 %, 1 MiB, 69.34 W, 26, 345 MHz
2026/09/15 02:17:29.940, 6, GPU-7d80084d-f83b-1a50-3007-35e8f2af67c2, NVIDIA H100 80GB HBM3, 0 %, 1 MiB, 70.85 W, 27, 345 MHz
2026/09/15 02:17:29.942, 7, GPU-69cdf81a-1c5b-4e7c-54e2-2dd45eb25e36, NVIDIA H100 80GB HBM3, 0 %, 1 MiB, 70.26 W, 26, 345 MHz
2026/09/15 02:17:30.943, 0, GPU-3d9bae9f-f6a5-a533-682a-2990f19ffa90, NVIDIA H100 80GB HBM3, 0 %, 4 MiB, 71.61 W, 38, 345 MHz
2026/09/15 02:17:30.945, 1, GPU-d67482aa-44bc-1a33-2545-de34f4bb6c82, NVIDIA H100 80GB HBM3, 0 %, 1 MiB, 70.89 W, 34, 345 MHz
2026/09/15 02:17:30.947, 2, GPU-6c47d827-68bc-9d8f-448e-55624a5f2f65, NVIDIA H100 80GB HBM3, 0 %, 1 MiB, 71.49 W, 26, 345 MHz
2026/09/15 02:17:30.949, 3, GPU-a481f1cc-7ac4-a6c3-b8a4-eed1d39e45aa, NVIDIA H100 80GB HBM3, 0 %, 1 MiB, 74.94 W, 26, 345 MHz
2026/09/15 02:17:30.950, 4, GPU-a60182ac-1fbd-0654-4298-7dfab8d789ca, NVIDIA H100 80GB HBM3, 0 %, 1 MiB, 72.32 W, 26, 345 MHz
2026/09/15 02:17:30.952, 5, GPU-11bb96fb-3b4c-98eb-f310-70437157969c, NVIDIA H100 80GB HBM3, 0 %, 1 MiB, 69.33 W, 26, 345 MHz
2026/09/15 02:17:30.953, 6, GPU-7d80084d-f83b-1a50-3007-35e8f2af67c2, NVIDIA H100 80GB HBM3, 0 %, 1 MiB, 70.91 W, 27, 345 MHz
2026/09/15 02:17:30.962, 7, GPU-69cdf81a-1c5b-4e7c-54e2-2dd45eb25e36, NVIDIA H100 80GB HBM3, 0 %, 1 MiB, 70.31 W, 26, 345 MHz
2026/09/15 02:17:31.964, 0, GPU-3d9bae9f-f6a5-a533-682a-2990f19ffa90, NVIDIA H100 80GB HBM3, 0 %, 4 MiB, 71.58 W, 38, 345 MHz
2026/09/15 02:17:31.991, 1, GPU-d67482aa-44bc-1a33-2545-de34f4bb6c82, NVIDIA H100 80GB HBM3, 0 %, 1 MiB, 70.87 W, 34, 345 MHz
2026/09/15 02:17:32.031, 2, GPU-6c47d827-68bc-9d8f-448e-55624a5f2f65, NVIDIA H100 80GB HBM3, 0 %, 1 MiB, 71.54 W, 26, 345 MHz
2026/09/15 02:17:32.059, 3, GPU-a481f1cc-7ac4-a6c3-b8a4-eed1d39e45aa, NVIDIA H100 80GB HBM3, 0 %, 1 MiB, 74.93 W, 26, 345 MHz
2026/09/15 02:17:32.092, 4, GPU-a60182ac-1fbd-0654-4298-7dfab8d789ca, NVIDIA H100 80GB HBM3, 0 %, 1 MiB, 72.24 W, 26, 345 MHz
2026/09/15 02:17:32.120, 5, GPU-11bb96fb-3b4c-98eb-f310-70437157969c, NVIDIA H100 80GB HBM3, 0 %, 1 MiB, 69.33 W, 26, 345 MHz
2026/09/15 02:17:32.148, 6, GPU-7d80084d-f83b-1a50-3007-35e8f2af67c2, NVIDIA H100 80GB HBM3, 0 %, 1 MiB, 70.84 W, 27, 345 MHz
2026/09/15 02:17:32.175, 7, GPU-69cdf81a-1c5b-4e7c-54e2-2dd45eb25e36, NVIDIA H100 80GB HBM3, 0 %, 1 MiB, 70.30 W, 26, 345 MHz
2026/09/15 02:17:33.177, 0, GPU-3d9bae9f-f6a5-a533-682a-2990f19ffa90, NVIDIA H100 80GB HBM3, 0 %, 4 MiB, 71.60 W, 38, 345 MHz
2026/09/15 02:17:33.178, 1, GPU-d67482aa-44bc-1a33-2545-de34f4bb6c82, NVIDIA H100 80GB HBM3, 0 %, 1 MiB, 70.83 W, 34, 345 MHz
2026/09/15 02:17:33.180, 2, GPU-6c47d827-68bc-9d8f-448e-55624a5f2f65, NVIDIA H100 80GB HBM3, 0 %, 1 MiB, 71.52 W, 26, 345 MHz
2026/09/15 02:17:33.181, 3, GPU-a481f1cc-7ac4-a6c3-b8a4-eed1d39e45aa, NVIDIA H100 80GB HBM3, 0 %, 1 MiB, 74.92 W, 26, 345 MHz
2026/09/15 02:17:33.183, 4, GPU-a60182ac-1fbd-0654-4298-7dfab8d789ca, NVIDIA H100 80GB HBM3, 0 %, 1 MiB, 72.39 W, 26, 345 MHz
2026/09/15 02:17:33.184, 5, GPU-11bb96fb-3b4c-98eb-f310-70437157969c, NVIDIA H100 80GB HBM3, 0 %, 1 MiB, 69.30 W, 26, 345 MHz
2026/09/15 02:17:33.186, 6, GPU-7d80084d-f83b-1a50-3007-35e8f2af67c2, NVIDIA H100 80GB HBM3, 0 %, 1 MiB, 70.91 W, 27, 345 MHz
2026/09/15 02:17:33.188, 7, GPU-69cdf81a-1c5b-4e7c-54e2-2dd45eb25e36, NVIDIA H100 80GB HBM3, 0 %, 1 MiB, 70.32 W, 26, 345 MHz
2026/09/15 02:17:34.189, 0, GPU-3d9bae9f-f6a5-a533-682a-2990f19ffa90, NVIDIA H100 80GB HBM3, 0 %, 4 MiB, 71.58 W, 38, 345 MHz
2026/09/15 02:17:34.192, 1, GPU-d67482aa-44bc-1a33-2545-de34f4bb6c82, NVIDIA H100 80GB HBM3, 0 %, 1 MiB, 70.85 W, 34, 345 MHz
2026/09/15 02:17:34.193, 2, GPU-6c47d827-68bc-9d8f-448e-55624a5f2f65, NVIDIA H100 80GB HBM3, 0 %, 1 MiB, 71.52 W, 26, 345 MHz
2026/09/15 02:17:34.195, 3, GPU-a481f1cc-7ac4-a6c3-b8a4-eed1d39e45aa, NVIDIA H100 80GB HBM3, 0 %, 1 MiB, 74.92 W, 26, 345 MHz
2026/09/15 02:17:34.196, 4, GPU-a60182ac-1fbd-0654-4298-7dfab8d789ca, NVIDIA H100 80GB HBM3, 0 %, 1 MiB, 72.26 W, 26, 345 MHz
2026/09/15 02:17:34.198, 5, GPU-11bb96fb-3b4c-98eb-f310-70437157969c, NVIDIA H100 80GB HBM3, 0 %, 1 MiB, 69.33 W, 26, 345 MHz
2026/09/15 02:17:34.207, 6, GPU-7d80084d-f83b-1a50-3007-35e8f2af67c2, NVIDIA H100 80GB HBM3, 0 %, 1 MiB, 70.92 W, 27, 345 MHz
2026/09/15 02:17:34.208, 7, GPU-69cdf81a-1c5b-4e7c-54e2-2dd45eb25e36, NVIDIA H100 80GB HBM3, 0 %, 1 MiB, 70.23 W, 26, 345 MHz
2026/09/15 02:17:35.222, 0, GPU-3d9bae9f-f6a5-a533-682a-2990f19ffa90, NVIDIA H100 80GB HBM3, 0 %, 4 MiB, 71.61 W, 37, 345 MHz
2026/09/15 02:17:35.225, 1, GPU-d67482aa-44bc-1a33-2545-de34f4bb6c82, NVIDIA H100 80GB HBM3, 0 %, 1 MiB, 70.85 W, 34, 345 MHz
2026/09/15 02:17:35.227, 2, GPU-6c47d827-68bc-9d8f-448e-55624a5f2f65, NVIDIA H100 80GB HBM3, 0 %, 1 MiB, 71.57 W, 26, 345 MHz
2026/09/15 02:17:35.228, 3, GPU-a481f1cc-7ac4-a6c3-b8a4-eed1d39e45aa, NVIDIA H100 80GB HBM3, 0 %, 1 MiB, 74.92 W, 26, 345 MHz
2026/09/15 02:17:35.236, 4, GPU-a60182ac-1fbd-0654-4298-7dfab8d789ca, NVIDIA H100 80GB HBM3, 0 %, 1 MiB, 72.26 W, 26, 345 MHz
2026/09/15 02:17:35.238, 5, GPU-11bb96fb-3b4c-98eb-f310-70437157969c, NVIDIA H100 80GB HBM3, 0 %, 1 MiB, 69.28 W, 26, 345 MHz
2026/09/15 02:17:35.239, 6, GPU-7d80084d-f83b-1a50-3007-35e8f2af67c2, NVIDIA H100 80GB HBM3, 0 %, 1 MiB, 70.85 W, 27, 345 MHz
2026/09/15 02:17:35.241, 7, GPU-69cdf81a-1c5b-4e7c-54e2-2dd45eb25e36, NVIDIA H100 80GB HBM3, 0 %, 1 MiB, 70.24 W, 26, 345 MHz
2026/09/15 02:17:36.243, 0, GPU-3d9bae9f-f6a5-a533-682a-2990f19ffa90, NVIDIA H100 80GB HBM3, 0 %, 4 MiB, 71.54 W, 37, 345 MHz
2026/09/15 02:17:36.248, 1, GPU-d67482aa-44bc-1a33-2545-de34f4bb6c82, NVIDIA H100 80GB HBM3, 0 %, 1 MiB, 70.86 W, 34, 345 MHz
2026/09/15 02:17:36.279, 2, GPU-6c47d827-68bc-9d8f-448e-55624a5f2f65, NVIDIA H100 80GB HBM3, 0 %, 1 MiB, 71.53 W, 26, 345 MHz
2026/09/15 02:17:36.309, 3, GPU-a481f1cc-7ac4-a6c3-b8a4-eed1d39e45aa, NVIDIA H100 80GB HBM3, 0 %, 1 MiB, 74.96 W, 26, 345 MHz
2026/09/15 02:17:36.336, 4, GPU-a60182ac-1fbd-0654-4298-7dfab8d789ca, NVIDIA H100 80GB HBM3, 0 %, 1 MiB, 72.48 W, 26, 345 MHz
2026/09/15 02:17:36.366, 5, GPU-11bb96fb-3b4c-98eb-f310-70437157969c, NVIDIA H100 80GB HBM3, 0 %, 1 MiB, 69.31 W, 26, 345 MHz
2026/09/15 02:17:36.393, 6, GPU-7d80084d-f83b-1a50-3007-35e8f2af67c2, NVIDIA H100 80GB HBM3, 0 %, 1 MiB, 70.90 W, 27, 345 MHz
2026/09/15 02:17:36.419, 7, GPU-69cdf81a-1c5b-4e7c-54e2-2dd45eb25e36, NVIDIA H100 80GB HBM3, 0 %, 1 MiB, 70.31 W, 26, 345 MHz
2026/09/15 02:17:37.446, 0, GPU-3d9bae9f-f6a5-a533-682a-2990f19ffa90, NVIDIA H100 80GB HBM3, 0 %, 4 MiB, 71.56 W, 37, 345 MHz
2026/09/15 02:17:37.448, 1, GPU-d67482aa-44bc-1a33-2545-de34f4bb6c82, NVIDIA H100 80GB HBM3, 0 %, 1 MiB, 70.79 W, 34, 345 MHz
2026/09/15 02:17:37.457, 2, GPU-6c47d827-68bc-9d8f-448e-55624a5f2f65, NVIDIA H100 80GB HBM3, 0 %, 1 MiB, 71.53 W, 26, 345 MHz
2026/09/15 02:17:37.459, 3, GPU-a481f1cc-7ac4-a6c3-b8a4-eed1d39e45aa, NVIDIA H100 80GB HBM3, 0 %, 1 MiB, 74.97 W, 26, 345 MHz
2026/09/15 02:17:37.462, 4, GPU-a60182ac-1fbd-0654-4298-7dfab8d789ca, NVIDIA H100 80GB HBM3, 0 %, 1 MiB, 72.31 W, 26, 345 MHz
2026/09/15 02:17:37.468, 5, GPU-11bb96fb-3b4c-98eb-f310-70437157969c, NVIDIA H100 80GB HBM3, 0 %, 1 MiB, 69.32 W, 26, 345 MHz
2026/09/15 02:17:37.470, 6, GPU-7d80084d-f83b-1a50-3007-35e8f2af67c2, NVIDIA H100 80GB HBM3, 0 %, 1 MiB, 70.91 W, 27, 345 MHz
2026/09/15 02:17:37.472, 7, GPU-69cdf81a-1c5b-4e7c-54e2-2dd45eb25e36, NVIDIA H100 80GB HBM3, 0 %, 1 MiB, 70.27 W, 26, 345 MHz
2026/09/15 02:17:38.474, 0, GPU-3d9bae9f-f6a5-a533-682a-2990f19ffa90, NVIDIA H100 80GB HBM3, 0 %, 4 MiB, 71.58 W, 37, 345 MHz
2026/09/15 02:17:38.476, 1, GPU-d67482aa-44bc-1a33-2545-de34f4bb6c82, NVIDIA H100 80GB HBM3, 0 %, 1 MiB, 70.73 W, 34, 345 MHz
2026/09/15 02:17:38.478, 2, GPU-6c47d827-68bc-9d8f-448e-55624a5f2f65, NVIDIA H100 80GB HBM3, 0 %, 1 MiB, 71.50 W, 26, 345 MHz
2026/09/15 02:17:38.482, 3, GPU-a481f1cc-7ac4-a6c3-b8a4-eed1d39e45aa, NVIDIA H100 80GB HBM3, 0 %, 1 MiB, 74.95 W, 26, 345 MHz
2026/09/15 02:17:38.485, 4, GPU-a60182ac-1fbd-0654-4298-7dfab8d789ca, NVIDIA H100 80GB HBM3, 0 %, 1 MiB, 72.34 W, 26, 345 MHz
2026/09/15 02:17:38.488, 5, GPU-11bb96fb-3b4c-98eb-f310-70437157969c, NVIDIA H100 80GB HBM3, 0 %, 1 MiB, 69.32 W, 26, 345 MHz
2026/09/15 02:17:38.490, 6, GPU-7d80084d-f83b-1a50-3007-35e8f2af67c2, NVIDIA H100 80GB HBM3, 0 %, 1 MiB, 70.86 W, 27, 345 MHz
2026/09/15 02:17:38.492, 7, GPU-69cdf81a-1c5b-4e7c-54e2-2dd45eb25e36, NVIDIA H100 80GB HBM3, 0 %, 1 MiB, 70.31 W, 26, 345 MHz
2026/09/15 02:17:39.494, 0, GPU-3d9bae9f-f6a5-a533-682a-2990f19ffa90, NVIDIA H100 80GB HBM3, 0 %, 4 MiB, 71.48 W, 37, 345 MHz
2026/09/15 02:17:39.496, 1, GPU-d67482aa-44bc-1a33-2545-de34f4bb6c82, NVIDIA H100 80GB HBM3, 0 %, 1 MiB, 70.84 W, 34, 345 MHz
2026/09/15 02:17:39.498, 2, GPU-6c47d827-68bc-9d8f-448e-55624a5f2f65, NVIDIA H100 80GB HBM3, 0 %, 1 MiB, 71.49 W, 26, 345 MHz
2026/09/15 02:17:39.508, 3, GPU-a481f1cc-7ac4-a6c3-b8a4-eed1d39e45aa, NVIDIA H100 80GB HBM3, 0 %, 1 MiB, 74.94 W, 26, 345 MHz
2026/09/15 02:17:39.510, 4, GPU-a60182ac-1fbd-0654-4298-7dfab8d789ca, NVIDIA H100 80GB HBM3, 0 %, 1 MiB, 72.26 W, 26, 345 MHz
2026/09/15 02:17:39.513, 5, GPU-11bb96fb-3b4c-98eb-f310-70437157969c, NVIDIA H100 80GB HBM3, 0 %, 1 MiB, 69.34 W, 26, 345 MHz
2026/09/15 02:17:39.516, 6, GPU-7d80084d-f83b-1a50-3007-35e8f2af67c2, NVIDIA H100 80GB HBM3, 0 %, 1 MiB, 70.93 W, 27, 345 MHz
2026/09/15 02:17:39.520, 7, GPU-69cdf81a-1c5b-4e7c-54e2-2dd45eb25e36, NVIDIA H100 80GB HBM3, 0 %, 1 MiB, 70.32 W, 26, 345 MHz
2026/09/15 02:17:40.522, 0, GPU-3d9bae9f-f6a5-a533-682a-2990f19ffa90, NVIDIA H100 80GB HBM3, 0 %, 4 MiB, 71.49 W, 37, 345 MHz
2026/09/15 02:17:40.547, 1, GPU-d67482aa-44bc-1a33-2545-de34f4bb6c82, NVIDIA H100 80GB HBM3, 0 %, 1 MiB, 70.80 W, 34, 345 MHz
2026/09/15 02:17:40.579, 2, GPU-6c47d827-68bc-9d8f-448e-55624a5f2f65, NVIDIA H100 80GB HBM3, 0 %, 1 MiB, 71.49 W, 26, 345 MHz
2026/09/15 02:17:40.609, 3, GPU-a481f1cc-7ac4-a6c3-b8a4-eed1d39e45aa, NVIDIA H100 80GB HBM3, 0 %, 1 MiB, 74.96 W, 26, 345 MHz
2026/09/15 02:17:40.663, 4, GPU-a60182ac-1fbd-0654-4298-7dfab8d789ca, NVIDIA H100 80GB HBM3, 0 %, 1 MiB, 72.22 W, 26, 345 MHz
2026/09/15 02:17:40.671, 5, GPU-11bb96fb-3b4c-98eb-f310-70437157969c, NVIDIA H100 80GB HBM3, 0 %, 1 MiB, 69.31 W, 26, 345 MHz
2026/09/15 02:17:40.696, 6, GPU-7d80084d-f83b-1a50-3007-35e8f2af67c2, NVIDIA H100 80GB HBM3, 0 %, 1 MiB, 70.89 W, 27, 345 MHz
2026/09/15 02:17:40.724, 7, GPU-69cdf81a-1c5b-4e7c-54e2-2dd45eb25e36, NVIDIA H100 80GB HBM3, 0 %, 1 MiB, 70.30 W, 26, 345 MHz
2026/09/15 02:17:41.727, 0, GPU-3d9bae9f-f6a5-a533-682a-2990f19ffa90, NVIDIA H100 80GB HBM3, 0 %, 4 MiB, 71.47 W, 37, 345 MHz
2026/09/15 02:17:41.729, 1, GPU-d67482aa-44bc-1a33-2545-de34f4bb6c82, NVIDIA H100 80GB HBM3, 0 %, 1 MiB, 70.79 W, 34, 345 MHz
2026/09/15 02:17:41.730, 2, GPU-6c47d827-68bc-9d8f-448e-55624a5f2f65, NVIDIA H100 80GB HBM3, 0 %, 1 MiB, 71.50 W, 26, 345 MHz
2026/09/15 02:17:41.732, 3, GPU-a481f1cc-7ac4-a6c3-b8a4-eed1d39e45aa, NVIDIA H100 80GB HBM3, 0 %, 1 MiB, 74.97 W, 26, 345 MHz
2026/09/15 02:17:41.736, 4, GPU-a60182ac-1fbd-0654-4298-7dfab8d789ca, NVIDIA H100 80GB HBM3, 0 %, 1 MiB, 72.41 W, 26, 345 MHz
2026/09/15 02:17:41.738, 5, GPU-11bb96fb-3b4c-98eb-f310-70437157969c, NVIDIA H100 80GB HBM3, 0 %, 1 MiB, 69.28 W, 26, 345 MHz
2026/09/15 02:17:41.740, 6, GPU-7d80084d-f83b-1a50-3007-35e8f2af67c2, NVIDIA H100 80GB HBM3, 0 %, 1 MiB, 70.90 W, 27, 345 MHz
2026/09/15 02:17:41.742, 7, GPU-69cdf81a-1c5b-4e7c-54e2-2dd45eb25e36, NVIDIA H100 80GB HBM3, 0 %, 1 MiB, 70.34 W, 26, 345 MHz
2026/09/15 02:17:42.743, 0, GPU-3d9bae9f-f6a5-a533-682a-2990f19ffa90, NVIDIA H100 80GB HBM3, 0 %, 4 MiB, 71.48 W, 37, 345 MHz
2026/09/15 02:17:42.745, 1, GPU-d67482aa-44bc-1a33-2545-de34f4bb6c82, NVIDIA H100 80GB HBM3, 0 %, 1 MiB, 70.82 W, 34, 345 MHz
2026/09/15 02:17:42.747, 2, GPU-6c47d827-68bc-9d8f-448e-55624a5f2f65, NVIDIA H100 80GB HBM3, 0 %, 1 MiB, 71.50 W, 26, 345 MHz
2026/09/15 02:17:42.749, 3, GPU-a481f1cc-7ac4-a6c3-b8a4-eed1d39e45aa, NVIDIA H100 80GB HBM3, 0 %, 1 MiB, 74.98 W, 26, 345 MHz
2026/09/15 02:17:42.750, 4, GPU-a60182ac-1fbd-0654-4298-7dfab8d789ca, NVIDIA H100 80GB HBM3, 0 %, 1 MiB, 72.19 W, 26, 345 MHz
2026/09/15 02:17:42.752, 5, GPU-11bb96fb-3b4c-98eb-f310-70437157969c, NVIDIA H100 80GB HBM3, 0 %, 1 MiB, 69.29 W, 26, 345 MHz
2026/09/15 02:17:42.753, 6, GPU-7d80084d-f83b-1a50-3007-35e8f2af67c2, NVIDIA H100 80GB HBM3, 0 %, 1 MiB, 70.90 W, 27, 345 MHz
2026/09/15 02:17:42.762, 7, GPU-69cdf81a-1c5b-4e7c-54e2-2dd45eb25e36, NVIDIA H100 80GB HBM3, 0 %, 1 MiB, 70.31 W, 26, 345 MHz
2026/09/15 02:17:43.763, 0, GPU-3d9bae9f-f6a5-a533-682a-2990f19ffa90, NVIDIA H100 80GB HBM3, 0 %, 4 MiB, 71.48 W, 37, 345 MHz
2026/09/15 02:17:43.765, 1, GPU-d67482aa-44bc-1a33-2545-de34f4bb6c82, NVIDIA H100 80GB HBM3, 0 %, 1 MiB, 70.83 W, 34, 345 MHz
2026/09/15 02:17:43.767, 2, GPU-6c47d827-68bc-9d8f-448e-55624a5f2f65, NVIDIA H100 80GB HBM3, 0 %, 1 MiB, 71.49 W, 26, 345 MHz
2026/09/15 02:17:43.768, 3, GPU-a481f1cc-7ac4-a6c3-b8a4-eed1d39e45aa, NVIDIA H100 80GB HBM3, 0 %, 1 MiB, 74.94 W, 26, 345 MHz
2026/09/15 02:17:43.770, 4, GPU-a60182ac-1fbd-0654-4298-7dfab8d789ca, NVIDIA H100 80GB HBM3, 0 %, 1 MiB, 72.43 W, 26, 345 MHz
2026/09/15 02:17:43.771, 5, GPU-11bb96fb-3b4c-98eb-f310-70437157969c, NVIDIA H100 80GB HBM3, 0 %, 1 MiB, 69.35 W, 26, 345 MHz
2026/09/15 02:17:43.773, 6, GPU-7d80084d-f83b-1a50-3007-35e8f2af67c2, NVIDIA H100 80GB HBM3, 0 %, 1 MiB, 70.83 W, 27, 345 MHz
2026/09/15 02:17:43.774, 7, GPU-69cdf81a-1c5b-4e7c-54e2-2dd45eb25e36, NVIDIA H100 80GB HBM3, 0 %, 1 MiB, 70.31 W, 26, 345 MHz
2026/09/15 02:17:44.776, 0, GPU-3d9bae9f-f6a5-a533-682a-2990f19ffa90, NVIDIA H100 80GB HBM3, 0 %, 4 MiB, 71.46 W, 37, 345 MHz
2026/09/15 02:17:44.777, 1, GPU-d67482aa-44bc-1a33-2545-de34f4bb6c82, NVIDIA H100 80GB HBM3, 0 %, 1 MiB, 70.80 W, 34, 345 MHz
2026/09/15 02:17:44.779, 2, GPU-6c47d827-68bc-9d8f-448e-55624a5f2f65, NVIDIA H100 80GB HBM3, 0 %, 1 MiB, 71.51 W, 26, 345 MHz
2026/09/15 02:17:44.780, 3, GPU-a481f1cc-7ac4-a6c3-b8a4-eed1d39e45aa, NVIDIA H100 80GB HBM3, 0 %, 1 MiB, 74.99 W, 26, 345 MHz
2026/09/15 02:17:44.782, 4, GPU-a60182ac-1fbd-0654-4298-7dfab8d789ca, NVIDIA H100 80GB HBM3, 0 %, 1 MiB, 72.28 W, 26, 345 MHz
2026/09/15 02:17:44.783, 5, GPU-11bb96fb-3b4c-98eb-f310-70437157969c, NVIDIA H100 80GB HBM3, 0 %, 1 MiB, 69.31 W, 26, 345 MHz
2026/09/15 02:17:44.785, 6, GPU-7d80084d-f83b-1a50-3007-35e8f2af67c2, NVIDIA H100 80GB HBM3, 0 %, 1 MiB, 70.90 W, 27, 345 MHz
2026/09/15 02:17:44.787, 7, GPU-69cdf81a-1c5b-4e7c-54e2-2dd45eb25e36, NVIDIA H100 80GB HBM3, 0 %, 1 MiB, 70.31 W, 26, 345 MHz
2026/09/15 02:17:45.788, 0, GPU-3d9bae9f-f6a5-a533-682a-2990f19ffa90, NVIDIA H100 80GB HBM3, 0 %, 4 MiB, 71.51 W, 37, 345 MHz
2026/09/15 02:17:45.791, 1, GPU-d67482aa-44bc-1a33-2545-de34f4bb6c82, NVIDIA H100 80GB HBM3, 0 %, 1 MiB, 70.82 W, 34, 345 MHz
2026/09/15 02:17:45.793, 2, GPU-6c47d827-68bc-9d8f-448e-55624a5f2f65, NVIDIA H100 80GB HBM3, 0 %, 1 MiB, 71.51 W, 26, 345 MHz
2026/09/15 02:17:45.795, 3, GPU-a481f1cc-7ac4-a6c3-b8a4-eed1d39e45aa, NVIDIA H100 80GB HBM3, 0 %, 1 MiB, 74.92 W, 26, 345 MHz
2026/09/15 02:17:45.796, 4, GPU-a60182ac-1fbd-0654-4298-7dfab8d789ca, NVIDIA H100 80GB HBM3, 0 %, 1 MiB, 72.36 W, 26, 345 MHz
2026/09/15 02:17:45.798, 5, GPU-11bb96fb-3b4c-98eb-f310-70437157969c, NVIDIA H100 80GB HBM3, 0 %, 1 MiB, 69.33 W, 26, 345 MHz
2026/09/15 02:17:45.807, 6, GPU-7d80084d-f83b-1a50-3007-35e8f2af67c2, NVIDIA H100 80GB HBM3, 0 %, 1 MiB, 70.89 W, 27, 345 MHz
2026/09/15 02:17:45.808, 7, GPU-69cdf81a-1c5b-4e7c-54e2-2dd45eb25e36, NVIDIA H100 80GB HBM3, 0 %, 1 MiB, 70.32 W, 26, 345 MHz
2026/09/15 02:17:46.817, 0, GPU-3d9bae9f-f6a5-a533-682a-2990f19ffa90, NVIDIA H100 80GB HBM3, 0 %, 4 MiB, 71.42 W, 37, 345 MHz
2026/09/15 02:17:46.825, 1, GPU-d67482aa-44bc-1a33-2545-de34f4bb6c82, NVIDIA H100 80GB HBM3, 0 %, 1 MiB, 70.78 W, 34, 345 MHz
2026/09/15 02:17:46.827, 2, GPU-6c47d827-68bc-9d8f-448e-55624a5f2f65, NVIDIA H100 80GB HBM3, 0 %, 1 MiB, 71.54 W, 26, 345 MHz
2026/09/15 02:17:46.829, 3, GPU-a481f1cc-7ac4-a6c3-b8a4-eed1d39e45aa, NVIDIA H100 80GB HBM3, 0 %, 1 MiB, 74.93 W, 26, 345 MHz
2026/09/15 02:17:46.837, 4, GPU-a60182ac-1fbd-0654-4298-7dfab8d789ca, NVIDIA H100 80GB HBM3, 0 %, 1 MiB, 72.25 W, 26, 345 MHz
2026/09/15 02:17:46.840, 5, GPU-11bb96fb-3b4c-98eb-f310-70437157969c, NVIDIA H100 80GB HBM3, 0 %, 1 MiB, 69.30 W, 26, 345 MHz
2026/09/15 02:17:46.841, 6, GPU-7d80084d-f83b-1a50-3007-35e8f2af67c2, NVIDIA H100 80GB HBM3, 0 %, 1 MiB, 70.87 W, 27, 345 MHz
2026/09/15 02:17:46.844, 7, GPU-69cdf81a-1c5b-4e7c-54e2-2dd45eb25e36, NVIDIA H100 80GB HBM3, 0 %, 1 MiB, 70.29 W, 26, 345 MHz
2026/09/15 02:17:47.846, 0, GPU-3d9bae9f-f6a5-a533-682a-2990f19ffa90, NVIDIA H100 80GB HBM3, 0 %, 4 MiB, 71.49 W, 37, 345 MHz
2026/09/15 02:17:47.847, 1, GPU-d67482aa-44bc-1a33-2545-de34f4bb6c82, NVIDIA H100 80GB HBM3, 0 %, 1 MiB, 70.77 W, 34, 345 MHz
2026/09/15 02:17:47.855, 2, GPU-6c47d827-68bc-9d8f-448e-55624a5f2f65, NVIDIA H100 80GB HBM3, 0 %, 1 MiB, 71.53 W, 26, 345 MHz
2026/09/15 02:17:47.857, 3, GPU-a481f1cc-7ac4-a6c3-b8a4-eed1d39e45aa, NVIDIA H100 80GB HBM3, 0 %, 1 MiB, 74.98 W, 26, 345 MHz
2026/09/15 02:17:47.859, 4, GPU-a60182ac-1fbd-0654-4298-7dfab8d789ca, NVIDIA H100 80GB HBM3, 0 %, 1 MiB, 72.26 W, 26, 345 MHz
2026/09/15 02:17:47.867, 5, GPU-11bb96fb-3b4c-98eb-f310-70437157969c, NVIDIA H100 80GB HBM3, 0 %, 1 MiB, 69.35 W, 26, 345 MHz
2026/09/15 02:17:47.869, 6, GPU-7d80084d-f83b-1a50-3007-35e8f2af67c2, NVIDIA H100 80GB HBM3, 0 %, 1 MiB, 70.86 W, 27, 345 MHz
2026/09/15 02:17:47.871, 7, GPU-69cdf81a-1c5b-4e7c-54e2-2dd45eb25e36, NVIDIA H100 80GB HBM3, 0 %, 1 MiB, 70.31 W, 26, 345 MHz
2026/09/15 02:17:48.874, 0, GPU-3d9bae9f-f6a5-a533-682a-2990f19ffa90, NVIDIA H100 80GB HBM3, 0 %, 4 MiB, 71.47 W, 37, 345 MHz
2026/09/15 02:17:48.876, 1, GPU-d67482aa-44bc-1a33-2545-de34f4bb6c82, NVIDIA H100 80GB HBM3, 0 %, 1 MiB, 70.77 W, 34, 345 MHz
2026/09/15 02:17:48.877, 2, GPU-6c47d827-68bc-9d8f-448e-55624a5f2f65, NVIDIA H100 80GB HBM3, 0 %, 1 MiB, 71.56 W, 26, 345 MHz
2026/09/15 02:17:48.879, 3, GPU-a481f1cc-7ac4-a6c3-b8a4-eed1d39e45aa, NVIDIA H100 80GB HBM3, 0 %, 1 MiB, 74.93 W, 26, 345 MHz
2026/09/15 02:17:48.880, 4, GPU-a60182ac-1fbd-0654-4298-7dfab8d789ca, NVIDIA H100 80GB HBM3, 0 %, 1 MiB, 72.32 W, 26, 345 MHz
2026/09/15 02:17:48.882, 5, GPU-11bb96fb-3b4c-98eb-f310-70437157969c, NVIDIA H100 80GB HBM3, 0 %, 1 MiB, 69.32 W, 26, 345 MHz
2026/09/15 02:17:48.884, 6, GPU-7d80084d-f83b-1a50-3007-35e8f2af67c2, NVIDIA H100 80GB HBM3, 0 %, 1 MiB, 70.91 W, 27, 345 MHz
2026/09/15 02:17:48.885, 7, GPU-69cdf81a-1c5b-4e7c-54e2-2dd45eb25e36, NVIDIA H100 80GB HBM3, 0 %, 1 MiB, 70.29 W, 26, 345 MHz
2026/09/15 02:17:49.886, 0, GPU-3d9bae9f-f6a5-a533-682a-2990f19ffa90, NVIDIA H100 80GB HBM3, 0 %, 4 MiB, 71.46 W, 37, 345 MHz
2026/09/15 02:17:49.889, 1, GPU-d67482aa-44bc-1a33-2545-de34f4bb6c82, NVIDIA H100 80GB HBM3, 0 %, 1 MiB, 70.75 W, 34, 345 MHz
2026/09/15 02:17:49.890, 2, GPU-6c47d827-68bc-9d8f-448e-55624a5f2f65, NVIDIA H100 80GB HBM3, 0 %, 1 MiB, 71.54 W, 26, 345 MHz
2026/09/15 02:17:49.892, 3, GPU-a481f1cc-7ac4-a6c3-b8a4-eed1d39e45aa, NVIDIA H100 80GB HBM3, 0 %, 1 MiB, 74.97 W, 26, 345 MHz
2026/09/15 02:17:49.893, 4, GPU-a60182ac-1fbd-0654-4298-7dfab8d789ca, NVIDIA H100 80GB HBM3, 0 %, 1 MiB, 72.24 W, 26, 345 MHz
2026/09/15 02:17:49.895, 5, GPU-11bb96fb-3b4c-98eb-f310-70437157969c, NVIDIA H100 80GB HBM3, 0 %, 1 MiB, 69.32 W, 26, 345 MHz
2026/09/15 02:17:49.896, 6, GPU-7d80084d-f83b-1a50-3007-35e8f2af67c2, NVIDIA H100 80GB HBM3, 0 %, 1 MiB, 70.92 W, 27, 345 MHz
2026/09/15 02:17:49.897, 7, GPU-69cdf81a-1c5b-4e7c-54e2-2dd45eb25e36, NVIDIA H100 80GB HBM3, 0 %, 1 MiB, 70.32 W, 26, 345 MHz
2026/09/15 02:17:50.899, 0, GPU-3d9bae9f-f6a5-a533-682a-2990f19ffa90, NVIDIA H100 80GB HBM3, 0 %, 4 MiB, 71.51 W, 37, 345 MHz
2026/09/15 02:17:50.901, 1, GPU-d67482aa-44bc-1a33-2545-de34f4bb6c82, NVIDIA H100 80GB HBM3, 0 %, 1 MiB, 70.78 W, 34, 345 MHz
2026/09/15 02:17:50.903, 2, GPU-6c47d827-68bc-9d8f-448e-55624a5f2f65, NVIDIA H100 80GB HBM3, 0 %, 1 MiB, 71.54 W, 26, 345 MHz
2026/09/15 02:17:50.907, 3, GPU-a481f1cc-7ac4-a6c3-b8a4-eed1d39e45aa, NVIDIA H100 80GB HBM3, 0 %, 1 MiB, 74.95 W, 26, 345 MHz
2026/09/15 02:17:50.909, 4, GPU-a60182ac-1fbd-0654-4298-7dfab8d789ca, NVIDIA H100 80GB HBM3, 0 %, 1 MiB, 72.36 W, 26, 345 MHz
2026/09/15 02:17:50.910, 5, GPU-11bb96fb-3b4c-98eb-f310-70437157969c, NVIDIA H100 80GB HBM3, 0 %, 1 MiB, 69.33 W, 26, 345 MHz
2026/09/15 02:17:50.912, 6, GPU-7d80084d-f83b-1a50-3007-35e8f2af67c2, NVIDIA H100 80GB HBM3, 0 %, 1 MiB, 70.86 W, 27, 345 MHz
2026/09/15 02:17:50.913, 7, GPU-69cdf81a-1c5b-4e7c-54e2-2dd45eb25e36, NVIDIA H100 80GB HBM3, 0 %, 1 MiB, 70.26 W, 26, 345 MHz
2026/09/15 02:17:51.918, 0, GPU-3d9bae9f-f6a5-a533-682a-2990f19ffa90, NVIDIA H100 80GB HBM3, 5 %, 2330 MiB, 109.09 W, 38, 1980 MHz
2026/09/15 02:17:51.921, 1, GPU-d67482aa-44bc-1a33-2545-de34f4bb6c82, NVIDIA H100 80GB HBM3, 0 %, 1 MiB, 70.79 W, 34, 345 MHz
2026/09/15 02:17:51.923, 2, GPU-6c47d827-68bc-9d8f-448e-55624a5f2f65, NVIDIA H100 80GB HBM3, 0 %, 1 MiB, 71.49 W, 26, 345 MHz
2026/09/15 02:17:51.924, 3, GPU-a481f1cc-7ac4-a6c3-b8a4-eed1d39e45aa, NVIDIA H100 80GB HBM3, 0 %, 1 MiB, 74.94 W, 26, 345 MHz
2026/09/15 02:17:51.926, 4, GPU-a60182ac-1fbd-0654-4298-7dfab8d789ca, NVIDIA H100 80GB HBM3, 0 %, 1 MiB, 72.17 W, 26, 345 MHz
2026/09/15 02:17:51.928, 5, GPU-11bb96fb-3b4c-98eb-f310-70437157969c, NVIDIA H100 80GB HBM3, 0 %, 1 MiB, 69.33 W, 26, 345 MHz
2026/09/15 02:17:51.929, 6, GPU-7d80084d-f83b-1a50-3007-35e8f2af67c2, NVIDIA H100 80GB HBM3, 0 %, 1 MiB, 70.91 W, 27, 345 MHz
2026/09/15 02:17:51.931, 7, GPU-69cdf81a-1c5b-4e7c-54e2-2dd45eb25e36, NVIDIA H100 80GB HBM3, 0 %, 1 MiB, 70.29 W, 26, 345 MHz
2026/09/15 02:17:52.934, 0, GPU-3d9bae9f-f6a5-a533-682a-2990f19ffa90, NVIDIA H100 80GB HBM3, 6 %, 4442 MiB, 117.74 W, 39, 1980 MHz
2026/09/15 02:17:52.936, 1, GPU-d67482aa-44bc-1a33-2545-de34f4bb6c82, NVIDIA H100 80GB HBM3, 0 %, 1 MiB, 70.75 W, 34, 345 MHz
2026/09/15 02:17:52.939, 2, GPU-6c47d827-68bc-9d8f-448e-55624a5f2f65, NVIDIA H100 80GB HBM3, 0 %, 1 MiB, 71.48 W, 26, 345 MHz
2026/09/15 02:17:52.941, 3, GPU-a481f1cc-7ac4-a6c3-b8a4-eed1d39e45aa, NVIDIA H100 80GB HBM3, 0 %, 1 MiB, 74.97 W, 26, 345 MHz
2026/09/15 02:17:52.942, 4, GPU-a60182ac-1fbd-0654-4298-7dfab8d789ca, NVIDIA H100 80GB HBM3, 0 %, 1 MiB, 72.39 W, 26, 345 MHz
2026/09/15 02:17:52.944, 5, GPU-11bb96fb-3b4c-98eb-f310-70437157969c, NVIDIA H100 80GB HBM3, 0 %, 1 MiB, 69.35 W, 26, 345 MHz
2026/09/15 02:17:52.945, 6, GPU-7d80084d-f83b-1a50-3007-35e8f2af67c2, NVIDIA H100 80GB HBM3, 0 %, 1 MiB, 70.93 W, 27, 345 MHz
2026/09/15 02:17:52.947, 7, GPU-69cdf81a-1c5b-4e7c-54e2-2dd45eb25e36, NVIDIA H100 80GB HBM3, 0 %, 1 MiB, 70.32 W, 26, 345 MHz
2026/09/15 02:17:53.948, 0, GPU-3d9bae9f-f6a5-a533-682a-2990f19ffa90, NVIDIA H100 80GB HBM3, 5 %, 6406 MiB, 117.78 W, 39, 1980 MHz
2026/09/15 02:17:53.951, 1, GPU-d67482aa-44bc-1a33-2545-de34f4bb6c82, NVIDIA H100 80GB HBM3, 0 %, 1 MiB, 70.78 W, 34, 345 MHz
2026/09/15 02:17:53.955, 2, GPU-6c47d827-68bc-9d8f-448e-55624a5f2f65, NVIDIA H100 80GB HBM3, 0 %, 1 MiB, 71.50 W, 26, 345 MHz
2026/09/15 02:17:53.957, 3, GPU-a481f1cc-7ac4-a6c3-b8a4-eed1d39e45aa, NVIDIA H100 80GB HBM3, 0 %, 1 MiB, 74.98 W, 26, 345 MHz
2026/09/15 02:17:53.959, 4, GPU-a60182ac-1fbd-0654-4298-7dfab8d789ca, NVIDIA H100 80GB HBM3, 0 %, 1 MiB, 72.25 W, 26, 345 MHz
2026/09/15 02:17:53.967, 5, GPU-11bb96fb-3b4c-98eb-f310-70437157969c, NVIDIA H100 80GB HBM3, 0 %, 1 MiB, 69.30 W, 26, 345 MHz
2026/09/15 02:17:53.969, 6, GPU-7d80084d-f83b-1a50-3007-35e8f2af67c2, NVIDIA H100 80GB HBM3, 0 %, 1 MiB, 70.89 W, 27, 345 MHz
2026/09/15 02:17:53.970, 7, GPU-69cdf81a-1c5b-4e7c-54e2-2dd45eb25e36, NVIDIA H100 80GB HBM3, 0 %, 1 MiB, 70.30 W, 26, 345 MHz
2026/09/15 02:17:54.972, 0, GPU-3d9bae9f-f6a5-a533-682a-2990f19ffa90, NVIDIA H100 80GB HBM3, 4 %, 8416 MiB, 117.81 W, 39, 1980 MHz
2026/09/15 02:17:54.975, 1, GPU-d67482aa-44bc-1a33-2545-de34f4bb6c82, NVIDIA H100 80GB HBM3, 0 %, 1 MiB, 70.76 W, 34, 345 MHz
2026/09/15 02:17:54.976, 2, GPU-6c47d827-68bc-9d8f-448e-55624a5f2f65, NVIDIA H100 80GB HBM3, 0 %, 1 MiB, 71.53 W, 26, 345 MHz
2026/09/15 02:17:54.978, 3, GPU-a481f1cc-7ac4-a6c3-b8a4-eed1d39e45aa, NVIDIA H100 80GB HBM3, 0 %, 1 MiB, 74.97 W, 26, 345 MHz
2026/09/15 02:17:54.979, 4, GPU-a60182ac-1fbd-0654-4298-7dfab8d789ca, NVIDIA H100 80GB HBM3, 0 %, 1 MiB, 72.47 W, 26, 345 MHz
2026/09/15 02:17:54.981, 5, GPU-11bb96fb-3b4c-98eb-f310-70437157969c, NVIDIA H100 80GB HBM3, 0 %, 1 MiB, 69.33 W, 26, 345 MHz
2026/09/15 02:17:54.982, 6, GPU-7d80084d-f83b-1a50-3007-35e8f2af67c2, NVIDIA H100 80GB HBM3, 0 %, 1 MiB, 70.87 W, 27, 345 MHz
2026/09/15 02:17:54.984, 7, GPU-69cdf81a-1c5b-4e7c-54e2-2dd45eb25e36, NVIDIA H100 80GB HBM3, 0 %, 1 MiB, 70.32 W, 26, 345 MHz
2026/09/15 02:17:55.986, 0, GPU-3d9bae9f-f6a5-a533-682a-2990f19ffa90, NVIDIA H100 80GB HBM3, 2 %, 10082 MiB, 117.78 W, 39, 1980 MHz
2026/09/15 02:17:55.988, 1, GPU-d67482aa-44bc-1a33-2545-de34f4bb6c82, NVIDIA H100 80GB HBM3, 0 %, 1 MiB, 70.78 W, 34, 345 MHz
2026/09/15 02:17:55.990, 2, GPU-6c47d827-68bc-9d8f-448e-55624a5f2f65, NVIDIA H100 80GB HBM3, 0 %, 1 MiB, 71.49 W, 26, 345 MHz
2026/09/15 02:17:55.991, 3, GPU-a481f1cc-7ac4-a6c3-b8a4-eed1d39e45aa, NVIDIA H100 80GB HBM3, 0 %, 1 MiB, 74.97 W, 26, 345 MHz
2026/09/15 02:17:55.993, 4, GPU-a60182ac-1fbd-0654-4298-7dfab8d789ca, NVIDIA H100 80GB HBM3, 0 %, 1 MiB, 72.24 W, 26, 345 MHz
2026/09/15 02:17:55.994, 5, GPU-11bb96fb-3b4c-98eb-f310-70437157969c, NVIDIA H100 80GB HBM3, 0 %, 1 MiB, 69.36 W, 26, 345 MHz
2026/09/15 02:17:55.996, 6, GPU-7d80084d-f83b-1a50-3007-35e8f2af67c2, NVIDIA H100 80GB HBM3, 0 %, 1 MiB, 70.92 W, 27, 345 MHz
2026/09/15 02:17:55.997, 7, GPU-69cdf81a-1c5b-4e7c-54e2-2dd45eb25e36, NVIDIA H100 80GB HBM3, 0 %, 1 MiB, 70.31 W, 26, 345 MHz
2026/09/15 02:17:57.000, 0, GPU-3d9bae9f-f6a5-a533-682a-2990f19ffa90, NVIDIA H100 80GB HBM3, 0 %, 10082 MiB, 117.43 W, 39, 1980 MHz
2026/09/15 02:17:57.002, 1, GPU-d67482aa-44bc-1a33-2545-de34f4bb6c82, NVIDIA H100 80GB HBM3, 0 %, 1 MiB, 70.80 W, 34, 345 MHz
2026/09/15 02:17:57.003, 2, GPU-6c47d827-68bc-9d8f-448e-55624a5f2f65, NVIDIA H100 80GB HBM3, 0 %, 1 MiB, 71.53 W, 26, 345 MHz
2026/09/15 02:17:57.008, 3, GPU-a481f1cc-7ac4-a6c3-b8a4-eed1d39e45aa, NVIDIA H100 80GB HBM3, 0 %, 1 MiB, 74.98 W, 26, 345 MHz
2026/09/15 02:17:57.009, 4, GPU-a60182ac-1fbd-0654-4298-7dfab8d789ca, NVIDIA H100 80GB HBM3, 0 %, 1 MiB, 72.36 W, 26, 345 MHz
2026/09/15 02:17:57.011, 5, GPU-11bb96fb-3b4c-98eb-f310-70437157969c, NVIDIA H100 80GB HBM3, 0 %, 1 MiB, 69.32 W, 26, 345 MHz
2026/09/15 02:17:57.012, 6, GPU-7d80084d-f83b-1a50-3007-35e8f2af67c2, NVIDIA H100 80GB HBM3, 0 %, 1 MiB, 70.90 W, 27, 345 MHz
2026/09/15 02:17:57.013, 7, GPU-69cdf81a-1c5b-4e7c-54e2-2dd45eb25e36, NVIDIA H100 80GB HBM3, 0 %, 1 MiB, 70.28 W, 26, 345 MHz
2026/09/15 02:17:58.020, 0, GPU-3d9bae9f-f6a5-a533-682a-2990f19ffa90, NVIDIA H100 80GB HBM3, 0 %, 10082 MiB, 117.42 W, 39, 1980 MHz
2026/09/15 02:17:58.022, 1, GPU-d67482aa-44bc-1a33-2545-de34f4bb6c82, NVIDIA H100 80GB HBM3, 0 %, 1 MiB, 70.80 W, 34, 345 MHz
2026/09/15 02:17:58.024, 2, GPU-6c47d827-68bc-9d8f-448e-55624a5f2f65, NVIDIA H100 80GB HBM3, 0 %, 1 MiB, 71.51 W, 26, 345 MHz
2026/09/15 02:17:58.025, 3, GPU-a481f1cc-7ac4-a6c3-b8a4-eed1d39e45aa, NVIDIA H100 80GB HBM3, 0 %, 1 MiB, 74.98 W, 26, 345 MHz
2026/09/15 02:17:58.027, 4, GPU-a60182ac-1fbd-0654-4298-7dfab8d789ca, NVIDIA H100 80GB HBM3, 0 %, 1 MiB, 72.21 W, 26, 345 MHz
2026/09/15 02:17:58.029, 5, GPU-11bb96fb-3b4c-98eb-f310-70437157969c, NVIDIA H100 80GB HBM3, 0 %, 1 MiB, 69.31 W, 26, 345 MHz
2026/09/15 02:17:58.059, 6, GPU-7d80084d-f83b-1a50-3007-35e8f2af67c2, NVIDIA H100 80GB HBM3, 0 %, 1 MiB, 70.93 W, 27, 345 MHz
2026/09/15 02:17:58.086, 7, GPU-69cdf81a-1c5b-4e7c-54e2-2dd45eb25e36, NVIDIA H100 80GB HBM3, 0 %, 1 MiB, 70.32 W, 26, 345 MHz
2026/09/15 02:17:59.088, 0, GPU-3d9bae9f-f6a5-a533-682a-2990f19ffa90, NVIDIA H100 80GB HBM3, 0 %, 10082 MiB, 117.50 W, 39, 1980 MHz
2026/09/15 02:17:59.112, 1, GPU-d67482aa-44bc-1a33-2545-de34f4bb6c82, NVIDIA H100 80GB HBM3, 0 %, 1 MiB, 70.80 W, 34, 345 MHz
2026/09/15 02:17:59.143, 2, GPU-6c47d827-68bc-9d8f-448e-55624a5f2f65, NVIDIA H100 80GB HBM3, 0 %, 1 MiB, 71.51 W, 26, 345 MHz
2026/09/15 02:17:59.170, 3, GPU-a481f1cc-7ac4-a6c3-b8a4-eed1d39e45aa, NVIDIA H100 80GB HBM3, 0 %, 1 MiB, 74.95 W, 26, 345 MHz
2026/09/15 02:17:59.198, 4, GPU-a60182ac-1fbd-0654-4298-7dfab8d789ca, NVIDIA H100 80GB HBM3, 0 %, 1 MiB, 72.24 W, 26, 345 MHz
2026/09/15 02:17:59.255, 5, GPU-11bb96fb-3b4c-98eb-f310-70437157969c, NVIDIA H100 80GB HBM3, 0 %, 1 MiB, 69.33 W, 26, 345 MHz
2026/09/15 02:17:59.279, 6, GPU-7d80084d-f83b-1a50-3007-35e8f2af67c2, NVIDIA H100 80GB HBM3, 0 %, 1 MiB, 70.88 W, 27, 345 MHz
2026/09/15 02:17:59.281, 7, GPU-69cdf81a-1c5b-4e7c-54e2-2dd45eb25e36, NVIDIA H100 80GB HBM3, 0 %, 1 MiB, 70.32 W, 26, 345 MHz
2026/09/15 02:18:00.283, 0, GPU-3d9bae9f-f6a5-a533-682a-2990f19ffa90, NVIDIA H100 80GB HBM3, 0 %, 10082 MiB, 117.49 W, 39, 1980 MHz
2026/09/15 02:18:00.285, 1, GPU-d67482aa-44bc-1a33-2545-de34f4bb6c82, NVIDIA H100 80GB HBM3, 0 %, 1 MiB, 70.75 W, 34, 345 MHz
2026/09/15 02:18:00.287, 2, GPU-6c47d827-68bc-9d8f-448e-55624a5f2f65, NVIDIA H100 80GB HBM3, 0 %, 1 MiB, 71.50 W, 26, 345 MHz
2026/09/15 02:18:00.289, 3, GPU-a481f1cc-7ac4-a6c3-b8a4-eed1d39e45aa, NVIDIA H100 80GB HBM3, 0 %, 1 MiB, 74.95 W, 26, 345 MHz
2026/09/15 02:18:00.290, 4, GPU-a60182ac-1fbd-0654-4298-7dfab8d789ca, NVIDIA H100 80GB HBM3, 0 %, 1 MiB, 72.50 W, 26, 345 MHz
2026/09/15 02:18:00.292, 5, GPU-11bb96fb-3b4c-98eb-f310-70437157969c, NVIDIA H100 80GB HBM3, 0 %, 1 MiB, 69.35 W, 26, 345 MHz
2026/09/15 02:18:00.293, 6, GPU-7d80084d-f83b-1a50-3007-35e8f2af67c2, NVIDIA H100 80GB HBM3, 0 %, 1 MiB, 70.89 W, 27, 345 MHz
2026/09/15 02:18:00.295, 7, GPU-69cdf81a-1c5b-4e7c-54e2-2dd45eb25e36, NVIDIA H100 80GB HBM3, 0 %, 1 MiB, 70.30 W, 26, 345 MHz
2026/09/15 02:18:01.296, 0, GPU-3d9bae9f-f6a5-a533-682a-2990f19ffa90, NVIDIA H100 80GB HBM3, 0 %, 10082 MiB, 117.48 W, 39, 1980 MHz
2026/09/15 02:18:01.298, 1, GPU-d67482aa-44bc-1a33-2545-de34f4bb6c82, NVIDIA H100 80GB HBM3, 0 %, 1 MiB, 70.75 W, 34, 345 MHz
2026/09/15 02:18:01.300, 2, GPU-6c47d827-68bc-9d8f-448e-55624a5f2f65, NVIDIA H100 80GB HBM3, 0 %, 1 MiB, 71.55 W, 26, 345 MHz
2026/09/15 02:18:01.307, 3, GPU-a481f1cc-7ac4-a6c3-b8a4-eed1d39e45aa, NVIDIA H100 80GB HBM3, 0 %, 1 MiB, 74.95 W, 26, 345 MHz
2026/09/15 02:18:01.309, 4, GPU-a60182ac-1fbd-0654-4298-7dfab8d789ca, NVIDIA H100 80GB HBM3, 0 %, 1 MiB, 72.25 W, 26, 345 MHz
2026/09/15 02:18:01.310, 5, GPU-11bb96fb-3b4c-98eb-f310-70437157969c, NVIDIA H100 80GB HBM3, 0 %, 1 MiB, 69.32 W, 26, 345 MHz
2026/09/15 02:18:01.312, 6, GPU-7d80084d-f83b-1a50-3007-35e8f2af67c2, NVIDIA H100 80GB HBM3, 0 %, 1 MiB, 70.89 W, 27, 345 MHz
2026/09/15 02:18:01.313, 7, GPU-69cdf81a-1c5b-4e7c-54e2-2dd45eb25e36, NVIDIA H100 80GB HBM3, 0 %, 1 MiB, 70.32 W, 26, 345 MHz
2026/09/15 02:18:02.320, 0, GPU-3d9bae9f-f6a5-a533-682a-2990f19ffa90, NVIDIA H100 80GB HBM3, 0 %, 10082 MiB, 117.49 W, 39, 1980 MHz
2026/09/15 02:18:02.322, 1, GPU-d67482aa-44bc-1a33-2545-de34f4bb6c82, NVIDIA H100 80GB HBM3, 0 %, 1 MiB, 70.81 W, 34, 345 MHz
2026/09/15 02:18:02.323, 2, GPU-6c47d827-68bc-9d8f-448e-55624a5f2f65, NVIDIA H100 80GB HBM3, 0 %, 1 MiB, 71.55 W, 26, 345 MHz
2026/09/15 02:18:02.325, 3, GPU-a481f1cc-7ac4-a6c3-b8a4-eed1d39e45aa, NVIDIA H100 80GB HBM3, 0 %, 1 MiB, 74.92 W, 26, 345 MHz
2026/09/15 02:18:02.327, 4, GPU-a60182ac-1fbd-0654-4298-7dfab8d789ca, NVIDIA H100 80GB HBM3, 0 %, 1 MiB, 72.44 W, 26, 345 MHz
2026/09/15 02:18:02.329, 5, GPU-11bb96fb-3b4c-98eb-f310-70437157969c, NVIDIA H100 80GB HBM3, 0 %, 1 MiB, 69.28 W, 26, 345 MHz
2026/09/15 02:18:02.330, 6, GPU-7d80084d-f83b-1a50-3007-35e8f2af67c2, NVIDIA H100 80GB HBM3, 0 %, 1 MiB, 70.91 W, 27, 345 MHz
2026/09/15 02:18:02.332, 7, GPU-69cdf81a-1c5b-4e7c-54e2-2dd45eb25e36, NVIDIA H100 80GB HBM3, 0 %, 1 MiB, 70.31 W, 26, 345 MHz
2026/09/15 02:18:03.334, 0, GPU-3d9bae9f-f6a5-a533-682a-2990f19ffa90, NVIDIA H100 80GB HBM3, 0 %, 10082 MiB, 117.50 W, 39, 1980 MHz
2026/09/15 02:18:03.350, 1, GPU-d67482aa-44bc-1a33-2545-de34f4bb6c82, NVIDIA H100 80GB HBM3, 0 %, 1 MiB, 70.77 W, 34, 345 MHz
2026/09/15 02:18:03.360, 2, GPU-6c47d827-68bc-9d8f-448e-55624a5f2f65, NVIDIA H100 80GB HBM3, 0 %, 1 MiB, 71.55 W, 26, 345 MHz
2026/09/15 02:18:03.362, 3, GPU-a481f1cc-7ac4-a6c3-b8a4-eed1d39e45aa, NVIDIA H100 80GB HBM3, 0 %, 1 MiB, 74.99 W, 26, 345 MHz
2026/09/15 02:18:03.364, 4, GPU-a60182ac-1fbd-0654-4298-7dfab8d789ca, NVIDIA H100 80GB HBM3, 0 %, 1 MiB, 72.30 W, 26, 345 MHz
2026/09/15 02:18:03.368, 5, GPU-11bb96fb-3b4c-98eb-f310-70437157969c, NVIDIA H100 80GB HBM3, 0 %, 1 MiB, 69.33 W, 26, 345 MHz
2026/09/15 02:18:03.369, 6, GPU-7d80084d-f83b-1a50-3007-35e8f2af67c2, NVIDIA H100 80GB HBM3, 0 %, 1 MiB, 70.90 W, 27, 345 MHz
2026/09/15 02:18:03.371, 7, GPU-69cdf81a-1c5b-4e7c-54e2-2dd45eb25e36, NVIDIA H100 80GB HBM3, 0 %, 1 MiB, 70.29 W, 26, 345 MHz
2026/09/15 02:18:04.373, 0, GPU-3d9bae9f-f6a5-a533-682a-2990f19ffa90, NVIDIA H100 80GB HBM3, 0 %, 10082 MiB, 117.50 W, 39, 1980 MHz
2026/09/15 02:18:04.375, 1, GPU-d67482aa-44bc-1a33-2545-de34f4bb6c82, NVIDIA H100 80GB HBM3, 0 %, 1 MiB, 70.76 W, 34, 345 MHz
2026/09/15 02:18:04.376, 2, GPU-6c47d827-68bc-9d8f-448e-55624a5f2f65, NVIDIA H100 80GB HBM3, 0 %, 1 MiB, 71.53 W, 26, 345 MHz
2026/09/15 02:18:04.378, 3, GPU-a481f1cc-7ac4-a6c3-b8a4-eed1d39e45aa, NVIDIA H100 80GB HBM3, 0 %, 1 MiB, 74.94 W, 26, 345 MHz
2026/09/15 02:18:04.380, 4, GPU-a60182ac-1fbd-0654-4298-7dfab8d789ca, NVIDIA H100 80GB HBM3, 0 %, 1 MiB, 72.39 W, 26, 345 MHz
2026/09/15 02:18:04.381, 5, GPU-11bb96fb-3b4c-98eb-f310-70437157969c, NVIDIA H100 80GB HBM3, 0 %, 1 MiB, 69.32 W, 26, 345 MHz
2026/09/15 02:18:04.383, 6, GPU-7d80084d-f83b-1a50-3007-35e8f2af67c2, NVIDIA H100 80GB HBM3, 0 %, 1 MiB, 70.87 W, 27, 345 MHz
2026/09/15 02:18:04.385, 7, GPU-69cdf81a-1c5b-4e7c-54e2-2dd45eb25e36, NVIDIA H100 80GB HBM3, 0 %, 1 MiB, 70.30 W, 26, 345 MHz
2026/09/15 02:18:05.386, 0, GPU-3d9bae9f-f6a5-a533-682a-2990f19ffa90, NVIDIA H100 80GB HBM3, 0 %, 10082 MiB, 117.55 W, 39, 1980 MHz
2026/09/15 02:18:05.389, 1, GPU-d67482aa-44bc-1a33-2545-de34f4bb6c82, NVIDIA H100 80GB HBM3, 0 %, 1 MiB, 70.77 W, 34, 345 MHz
2026/09/15 02:18:05.390, 2, GPU-6c47d827-68bc-9d8f-448e-55624a5f2f65, NVIDIA H100 80GB HBM3, 0 %, 1 MiB, 71.52 W, 26, 345 MHz
2026/09/15 02:18:05.392, 3, GPU-a481f1cc-7ac4-a6c3-b8a4-eed1d39e45aa, NVIDIA H100 80GB HBM3, 0 %, 1 MiB, 74.94 W, 26, 345 MHz
2026/09/15 02:18:05.393, 4, GPU-a60182ac-1fbd-0654-4298-7dfab8d789ca, NVIDIA H100 80GB HBM3, 0 %, 1 MiB, 72.37 W, 26, 345 MHz
2026/09/15 02:18:05.395, 5, GPU-11bb96fb-3b4c-98eb-f310-70437157969c, NVIDIA H100 80GB HBM3, 0 %, 1 MiB, 69.36 W, 26, 345 MHz
2026/09/15 02:18:05.396, 6, GPU-7d80084d-f83b-1a50-3007-35e8f2af67c2, NVIDIA H100 80GB HBM3, 0 %, 1 MiB, 70.89 W, 27, 345 MHz
2026/09/15 02:18:05.398, 7, GPU-69cdf81a-1c5b-4e7c-54e2-2dd45eb25e36, NVIDIA H100 80GB HBM3, 0 %, 1 MiB, 70.27 W, 26, 345 MHz
2026/09/15 02:18:06.400, 0, GPU-3d9bae9f-f6a5-a533-682a-2990f19ffa90, NVIDIA H100 80GB HBM3, 0 %, 10082 MiB, 117.52 W, 39, 1980 MHz
2026/09/15 02:18:06.421, 1, GPU-d67482aa-44bc-1a33-2545-de34f4bb6c82, NVIDIA H100 80GB HBM3, 0 %, 1 MiB, 70.78 W, 34, 345 MHz
2026/09/15 02:18:06.456, 2, GPU-6c47d827-68bc-9d8f-448e-55624a5f2f65, NVIDIA H100 80GB HBM3, 0 %, 1 MiB, 71.50 W, 26, 345 MHz
2026/09/15 02:18:06.480, 3, GPU-a481f1cc-7ac4-a6c3-b8a4-eed1d39e45aa, NVIDIA H100 80GB HBM3, 0 %, 1 MiB, 75.01 W, 26, 345 MHz
2026/09/15 02:18:06.482, 4, GPU-a60182ac-1fbd-0654-4298-7dfab8d789ca, NVIDIA H100 80GB HBM3, 0 %, 1 MiB, 72.27 W, 26, 345 MHz
2026/09/15 02:18:06.483, 5, GPU-11bb96fb-3b4c-98eb-f310-70437157969c, NVIDIA H100 80GB HBM3, 0 %, 1 MiB, 69.32 W, 26, 345 MHz
2026/09/15 02:18:06.485, 6, GPU-7d80084d-f83b-1a50-3007-35e8f2af67c2, NVIDIA H100 80GB HBM3, 0 %, 1 MiB, 70.92 W, 27, 345 MHz
2026/09/15 02:18:06.487, 7, GPU-69cdf81a-1c5b-4e7c-54e2-2dd45eb25e36, NVIDIA H100 80GB HBM3, 0 %, 1 MiB, 70.28 W, 26, 345 MHz
2026/09/15 02:18:07.488, 0, GPU-3d9bae9f-f6a5-a533-682a-2990f19ffa90, NVIDIA H100 80GB HBM3, 0 %, 10082 MiB, 117.45 W, 39, 1980 MHz
2026/09/15 02:18:07.491, 1, GPU-d67482aa-44bc-1a33-2545-de34f4bb6c82, NVIDIA H100 80GB HBM3, 0 %, 1 MiB, 70.81 W, 34, 345 MHz
2026/09/15 02:18:07.492, 2, GPU-6c47d827-68bc-9d8f-448e-55624a5f2f65, NVIDIA H100 80GB HBM3, 0 %, 1 MiB, 71.55 W, 26, 345 MHz
2026/09/15 02:18:07.494, 3, GPU-a481f1cc-7ac4-a6c3-b8a4-eed1d39e45aa, NVIDIA H100 80GB HBM3, 0 %, 1 MiB, 74.97 W, 26, 345 MHz
2026/09/15 02:18:07.495, 4, GPU-a60182ac-1fbd-0654-4298-7dfab8d789ca, NVIDIA H100 80GB HBM3, 0 %, 1 MiB, 72.45 W, 26, 345 MHz
2026/09/15 02:18:07.497, 5, GPU-11bb96fb-3b4c-98eb-f310-70437157969c, NVIDIA H100 80GB HBM3, 0 %, 1 MiB, 69.31 W, 26, 345 MHz
2026/09/15 02:18:07.507, 6, GPU-7d80084d-f83b-1a50-3007-35e8f2af67c2, NVIDIA H100 80GB HBM3, 0 %, 1 MiB, 70.93 W, 27, 345 MHz
2026/09/15 02:18:07.508, 7, GPU-69cdf81a-1c5b-4e7c-54e2-2dd45eb25e36, NVIDIA H100 80GB HBM3, 0 %, 1 MiB, 70.30 W, 26, 345 MHz
2026/09/15 02:18:08.518, 0, GPU-3d9bae9f-f6a5-a533-682a-2990f19ffa90, NVIDIA H100 80GB HBM3, 0 %, 10082 MiB, 117.46 W, 39, 1980 MHz
2026/09/15 02:18:08.521, 1, GPU-d67482aa-44bc-1a33-2545-de34f4bb6c82, NVIDIA H100 80GB HBM3, 0 %, 1 MiB, 70.77 W, 34, 345 MHz
2026/09/15 02:18:08.522, 2, GPU-6c47d827-68bc-9d8f-448e-55624a5f2f65, NVIDIA H100 80GB HBM3, 0 %, 1 MiB, 71.52 W, 26, 345 MHz
2026/09/15 02:18:08.524, 3, GPU-a481f1cc-7ac4-a6c3-b8a4-eed1d39e45aa, NVIDIA H100 80GB HBM3, 0 %, 1 MiB, 75.01 W, 26, 345 MHz
2026/09/15 02:18:08.526, 4, GPU-a60182ac-1fbd-0654-4298-7dfab8d789ca, NVIDIA H100 80GB HBM3, 0 %, 1 MiB, 72.30 W, 26, 345 MHz
2026/09/15 02:18:08.527, 5, GPU-11bb96fb-3b4c-98eb-f310-70437157969c, NVIDIA H100 80GB HBM3, 0 %, 1 MiB, 69.30 W, 26, 345 MHz
2026/09/15 02:18:08.529, 6, GPU-7d80084d-f83b-1a50-3007-35e8f2af67c2, NVIDIA H100 80GB HBM3, 0 %, 1 MiB, 70.85 W, 27, 345 MHz
2026/09/15 02:18:08.531, 7, GPU-69cdf81a-1c5b-4e7c-54e2-2dd45eb25e36, NVIDIA H100 80GB HBM3, 0 %, 1 MiB, 70.30 W, 26, 345 MHz
2026/09/15 02:18:09.533, 0, GPU-3d9bae9f-f6a5-a533-682a-2990f19ffa90, NVIDIA H100 80GB HBM3, 0 %, 10082 MiB, 117.49 W, 39, 1980 MHz
2026/09/15 02:18:09.534, 1, GPU-d67482aa-44bc-1a33-2545-de34f4bb6c82, NVIDIA H100 80GB HBM3, 0 %, 1 MiB, 70.78 W, 34, 345 MHz
2026/09/15 02:18:09.536, 2, GPU-6c47d827-68bc-9d8f-448e-55624a5f2f65, NVIDIA H100 80GB HBM3, 0 %, 1 MiB, 71.48 W, 26, 345 MHz
2026/09/15 02:18:09.538, 3, GPU-a481f1cc-7ac4-a6c3-b8a4-eed1d39e45aa, NVIDIA H100 80GB HBM3, 0 %, 1 MiB, 74.98 W, 26, 345 MHz
2026/09/15 02:18:09.539, 4, GPU-a60182ac-1fbd-0654-4298-7dfab8d789ca, NVIDIA H100 80GB HBM3, 0 %, 1 MiB, 72.51 W, 26, 345 MHz
2026/09/15 02:18:09.541, 5, GPU-11bb96fb-3b4c-98eb-f310-70437157969c, NVIDIA H100 80GB HBM3, 0 %, 1 MiB, 69.33 W, 26, 345 MHz
2026/09/15 02:18:09.542, 6, GPU-7d80084d-f83b-1a50-3007-35e8f2af67c2, NVIDIA H100 80GB HBM3, 0 %, 1 MiB, 70.85 W, 27, 345 MHz
2026/09/15 02:18:09.544, 7, GPU-69cdf81a-1c5b-4e7c-54e2-2dd45eb25e36, NVIDIA H100 80GB HBM3, 0 %, 1 MiB, 70.31 W, 26, 345 MHz
2026/09/15 02:18:10.546, 0, GPU-3d9bae9f-f6a5-a533-682a-2990f19ffa90, NVIDIA H100 80GB HBM3, 0 %, 10082 MiB, 117.49 W, 39, 1980 MHz
2026/09/15 02:18:10.548, 1, GPU-d67482aa-44bc-1a33-2545-de34f4bb6c82, NVIDIA H100 80GB HBM3, 0 %, 1 MiB, 70.77 W, 34, 345 MHz
2026/09/15 02:18:10.555, 2, GPU-6c47d827-68bc-9d8f-448e-55624a5f2f65, NVIDIA H100 80GB HBM3, 0 %, 1 MiB, 71.53 W, 26, 345 MHz
2026/09/15 02:18:10.557, 3, GPU-a481f1cc-7ac4-a6c3-b8a4-eed1d39e45aa, NVIDIA H100 80GB HBM3, 0 %, 1 MiB, 74.96 W, 26, 345 MHz
2026/09/15 02:18:10.559, 4, GPU-a60182ac-1fbd-0654-4298-7dfab8d789ca, NVIDIA H100 80GB HBM3, 0 %, 1 MiB, 72.25 W, 26, 345 MHz
2026/09/15 02:18:10.566, 5, GPU-11bb96fb-3b4c-98eb-f310-70437157969c, NVIDIA H100 80GB HBM3, 0 %, 1 MiB, 69.39 W, 26, 345 MHz
2026/09/15 02:18:10.568, 6, GPU-7d80084d-f83b-1a50-3007-35e8f2af67c2, NVIDIA H100 80GB HBM3, 0 %, 1 MiB, 70.90 W, 27, 345 MHz
2026/09/15 02:18:10.570, 7, GPU-69cdf81a-1c5b-4e7c-54e2-2dd45eb25e36, NVIDIA H100 80GB HBM3, 0 %, 1 MiB, 70.31 W, 26, 345 MHz
2026/09/15 02:18:11.572, 0, GPU-3d9bae9f-f6a5-a533-682a-2990f19ffa90, NVIDIA H100 80GB HBM3, 0 %, 10082 MiB, 117.54 W, 39, 1980 MHz
2026/09/15 02:18:11.573, 1, GPU-d67482aa-44bc-1a33-2545-de34f4bb6c82, NVIDIA H100 80GB HBM3, 0 %, 1 MiB, 70.76 W, 34, 345 MHz
2026/09/15 02:18:11.575, 2, GPU-6c47d827-68bc-9d8f-448e-55624a5f2f65, NVIDIA H100 80GB HBM3, 0 %, 1 MiB, 71.50 W, 26, 345 MHz
2026/09/15 02:18:11.577, 3, GPU-a481f1cc-7ac4-a6c3-b8a4-eed1d39e45aa, NVIDIA H100 80GB HBM3, 0 %, 1 MiB, 75.00 W, 26, 345 MHz
2026/09/15 02:18:11.578, 4, GPU-a60182ac-1fbd-0654-4298-7dfab8d789ca, NVIDIA H100 80GB HBM3, 0 %, 1 MiB, 72.49 W, 26, 345 MHz
2026/09/15 02:18:11.580, 5, GPU-11bb96fb-3b4c-98eb-f310-70437157969c, NVIDIA H100 80GB HBM3, 0 %, 1 MiB, 69.32 W, 26, 345 MHz
2026/09/15 02:18:11.581, 6, GPU-7d80084d-f83b-1a50-3007-35e8f2af67c2, NVIDIA H100 80GB HBM3, 0 %, 1 MiB, 70.90 W, 27, 345 MHz
2026/09/15 02:18:11.584, 7, GPU-69cdf81a-1c5b-4e7c-54e2-2dd45eb25e36, NVIDIA H100 80GB HBM3, 0 %, 1 MiB, 70.31 W, 26, 345 MHz
2026/09/15 02:18:12.586, 0, GPU-3d9bae9f-f6a5-a533-682a-2990f19ffa90, NVIDIA H100 80GB HBM3, 0 %, 10082 MiB, 117.50 W, 39, 1980 MHz
2026/09/15 02:18:12.587, 1, GPU-d67482aa-44bc-1a33-2545-de34f4bb6c82, NVIDIA H100 80GB HBM3, 0 %, 1 MiB, 70.79 W, 34, 345 MHz
2026/09/15 02:18:12.589, 2, GPU-6c47d827-68bc-9d8f-448e-55624a5f2f65, NVIDIA H100 80GB HBM3, 0 %, 1 MiB, 71.51 W, 26, 345 MHz
2026/09/15 02:18:12.591, 3, GPU-a481f1cc-7ac4-a6c3-b8a4-eed1d39e45aa, NVIDIA H100 80GB HBM3, 0 %, 1 MiB, 75.00 W, 26, 345 MHz
2026/09/15 02:18:12.592, 4, GPU-a60182ac-1fbd-0654-4298-7dfab8d789ca, NVIDIA H100 80GB HBM3, 0 %, 1 MiB, 72.27 W, 26, 345 MHz
2026/09/15 02:18:12.594, 5, GPU-11bb96fb-3b4c-98eb-f310-70437157969c, NVIDIA H100 80GB HBM3, 0 %, 1 MiB, 69.34 W, 26, 345 MHz
2026/09/15 02:18:12.596, 6, GPU-7d80084d-f83b-1a50-3007-35e8f2af67c2, NVIDIA H100 80GB HBM3, 0 %, 1 MiB, 70.84 W, 27, 345 MHz
2026/09/15 02:18:12.597, 7, GPU-69cdf81a-1c5b-4e7c-54e2-2dd45eb25e36, NVIDIA H100 80GB HBM3, 0 %, 1 MiB, 70.34 W, 26, 345 MHz
2026/09/15 02:18:13.599, 0, GPU-3d9bae9f-f6a5-a533-682a-2990f19ffa90, NVIDIA H100 80GB HBM3, 0 %, 10082 MiB, 117.52 W, 39, 1980 MHz
2026/09/15 02:18:13.621, 1, GPU-d67482aa-44bc-1a33-2545-de34f4bb6c82, NVIDIA H100 80GB HBM3, 0 %, 1 MiB, 70.75 W, 34, 345 MHz
2026/09/15 02:18:13.623, 2, GPU-6c47d827-68bc-9d8f-448e-55624a5f2f65, NVIDIA H100 80GB HBM3, 0 %, 1 MiB, 71.53 W, 26, 345 MHz
2026/09/15 02:18:13.626, 3, GPU-a481f1cc-7ac4-a6c3-b8a4-eed1d39e45aa, NVIDIA H100 80GB HBM3, 0 %, 1 MiB, 74.95 W, 26, 345 MHz
2026/09/15 02:18:13.636, 4, GPU-a60182ac-1fbd-0654-4298-7dfab8d789ca, NVIDIA H100 80GB HBM3, 0 %, 1 MiB, 72.34 W, 26, 345 MHz
2026/09/15 02:18:13.639, 5, GPU-11bb96fb-3b4c-98eb-f310-70437157969c, NVIDIA H100 80GB HBM3, 0 %, 1 MiB, 69.33 W, 26, 345 MHz
2026/09/15 02:18:13.640, 6, GPU-7d80084d-f83b-1a50-3007-35e8f2af67c2, NVIDIA H100 80GB HBM3, 0 %, 1 MiB, 70.88 W, 27, 345 MHz
2026/09/15 02:18:13.642, 7, GPU-69cdf81a-1c5b-4e7c-54e2-2dd45eb25e36, NVIDIA H100 80GB HBM3, 0 %, 1 MiB, 70.29 W, 26, 345 MHz
2026/09/15 02:18:14.643, 0, GPU-3d9bae9f-f6a5-a533-682a-2990f19ffa90, NVIDIA H100 80GB HBM3, 0 %, 10082 MiB, 117.61 W, 39, 1980 MHz
2026/09/15 02:18:14.646, 1, GPU-d67482aa-44bc-1a33-2545-de34f4bb6c82, NVIDIA H100 80GB HBM3, 0 %, 1 MiB, 70.76 W, 34, 345 MHz
2026/09/15 02:18:14.656, 2, GPU-6c47d827-68bc-9d8f-448e-55624a5f2f65, NVIDIA H100 80GB HBM3, 0 %, 1 MiB, 71.52 W, 26, 345 MHz
2026/09/15 02:18:14.659, 3, GPU-a481f1cc-7ac4-a6c3-b8a4-eed1d39e45aa, NVIDIA H100 80GB HBM3, 0 %, 1 MiB, 74.93 W, 26, 345 MHz
2026/09/15 02:18:14.670, 4, GPU-a60182ac-1fbd-0654-4298-7dfab8d789ca, NVIDIA H100 80GB HBM3, 0 %, 1 MiB, 72.28 W, 26, 345 MHz
2026/09/15 02:18:14.673, 5, GPU-11bb96fb-3b4c-98eb-f310-70437157969c, NVIDIA H100 80GB HBM3, 0 %, 1 MiB, 69.36 W, 26, 345 MHz
2026/09/15 02:18:14.675, 6, GPU-7d80084d-f83b-1a50-3007-35e8f2af67c2, NVIDIA H100 80GB HBM3, 0 %, 1 MiB, 70.91 W, 27, 345 MHz
2026/09/15 02:18:14.677, 7, GPU-69cdf81a-1c5b-4e7c-54e2-2dd45eb25e36, NVIDIA H100 80GB HBM3, 0 %, 1 MiB, 70.30 W, 26, 345 MHz
2026/09/15 02:18:15.679, 0, GPU-3d9bae9f-f6a5-a533-682a-2990f19ffa90, NVIDIA H100 80GB HBM3, 0 %, 10082 MiB, 117.54 W, 39, 1980 MHz
2026/09/15 02:18:15.681, 1, GPU-d67482aa-44bc-1a33-2545-de34f4bb6c82, NVIDIA H100 80GB HBM3, 0 %, 1 MiB, 70.78 W, 34, 345 MHz
2026/09/15 02:18:15.684, 2, GPU-6c47d827-68bc-9d8f-448e-55624a5f2f65, NVIDIA H100 80GB HBM3, 0 %, 1 MiB, 71.49 W, 26, 345 MHz
2026/09/15 02:18:15.686, 3, GPU-a481f1cc-7ac4-a6c3-b8a4-eed1d39e45aa, NVIDIA H100 80GB HBM3, 0 %, 1 MiB, 74.96 W, 26, 345 MHz
2026/09/15 02:18:15.689, 4, GPU-a60182ac-1fbd-0654-4298-7dfab8d789ca, NVIDIA H100 80GB HBM3, 0 %, 1 MiB, 72.34 W, 26, 345 MHz
2026/09/15 02:18:15.692, 5, GPU-11bb96fb-3b4c-98eb-f310-70437157969c, NVIDIA H100 80GB HBM3, 0 %, 1 MiB, 69.32 W, 26, 345 MHz
2026/09/15 02:18:15.695, 6, GPU-7d80084d-f83b-1a50-3007-35e8f2af67c2, NVIDIA H100 80GB HBM3, 0 %, 1 MiB, 70.90 W, 27, 345 MHz
2026/09/15 02:18:15.696, 7, GPU-69cdf81a-1c5b-4e7c-54e2-2dd45eb25e36, NVIDIA H100 80GB HBM3, 0 %, 1 MiB, 70.28 W, 26, 345 MHz
2026/09/15 02:18:16.698, 0, GPU-3d9bae9f-f6a5-a533-682a-2990f19ffa90, NVIDIA H100 80GB HBM3, 0 %, 10082 MiB, 117.54 W, 39, 1980 MHz
2026/09/15 02:18:16.709, 1, GPU-d67482aa-44bc-1a33-2545-de34f4bb6c82, NVIDIA H100 80GB HBM3, 0 %, 1 MiB, 70.77 W, 34, 345 MHz
2026/09/15 02:18:16.711, 2, GPU-6c47d827-68bc-9d8f-448e-55624a5f2f65, NVIDIA H100 80GB HBM3, 0 %, 1 MiB, 71.55 W, 26, 345 MHz
2026/09/15 02:18:16.714, 3, GPU-a481f1cc-7ac4-a6c3-b8a4-eed1d39e45aa, NVIDIA H100 80GB HBM3, 0 %, 1 MiB, 74.97 W, 26, 345 MHz
2026/09/15 02:18:16.716, 4, GPU-a60182ac-1fbd-0654-4298-7dfab8d789ca, NVIDIA H100 80GB HBM3, 0 %, 1 MiB, 72.36 W, 26, 345 MHz
2026/09/15 02:18:16.719, 5, GPU-11bb96fb-3b4c-98eb-f310-70437157969c, NVIDIA H100 80GB HBM3, 0 %, 1 MiB, 69.35 W, 26, 345 MHz
2026/09/15 02:18:16.721, 6, GPU-7d80084d-f83b-1a50-3007-35e8f2af67c2, NVIDIA H100 80GB HBM3, 0 %, 1 MiB, 70.84 W, 27, 345 MHz
2026/09/15 02:18:16.723, 7, GPU-69cdf81a-1c5b-4e7c-54e2-2dd45eb25e36, NVIDIA H100 80GB HBM3, 0 %, 1 MiB, 70.27 W, 26, 345 MHz
2026/09/15 02:18:17.725, 0, GPU-3d9bae9f-f6a5-a533-682a-2990f19ffa90, NVIDIA H100 80GB HBM3, 0 %, 10082 MiB, 117.61 W, 39, 1980 MHz
2026/09/15 02:18:17.745, 1, GPU-d67482aa-44bc-1a33-2545-de34f4bb6c82, NVIDIA H100 80GB HBM3, 0 %, 1 MiB, 70.76 W, 34, 345 MHz
2026/09/15 02:18:17.772, 2, GPU-6c47d827-68bc-9d8f-448e-55624a5f2f65, NVIDIA H100 80GB HBM3, 0 %, 1 MiB, 71.57 W, 26, 345 MHz
2026/09/15 02:18:17.809, 3, GPU-a481f1cc-7ac4-a6c3-b8a4-eed1d39e45aa, NVIDIA H100 80GB HBM3, 0 %, 1 MiB, 74.95 W, 26, 345 MHz
2026/09/15 02:18:17.812, 4, GPU-a60182ac-1fbd-0654-4298-7dfab8d789ca, NVIDIA H100 80GB HBM3, 0 %, 1 MiB, 72.26 W, 26, 345 MHz
2026/09/15 02:18:17.839, 5, GPU-11bb96fb-3b4c-98eb-f310-70437157969c, NVIDIA H100 80GB HBM3, 0 %, 1 MiB, 69.29 W, 26, 345 MHz
2026/09/15 02:18:17.871, 6, GPU-7d80084d-f83b-1a50-3007-35e8f2af67c2, NVIDIA H100 80GB HBM3, 0 %, 1 MiB, 70.88 W, 27, 345 MHz
2026/09/15 02:18:17.898, 7, GPU-69cdf81a-1c5b-4e7c-54e2-2dd45eb25e36, NVIDIA H100 80GB HBM3, 0 %, 1 MiB, 70.33 W, 26, 345 MHz
2026/09/15 02:18:18.918, 0, GPU-3d9bae9f-f6a5-a533-682a-2990f19ffa90, NVIDIA H100 80GB HBM3, 0 %, 10082 MiB, 117.56 W, 39, 1980 MHz
2026/09/15 02:18:18.922, 1, GPU-d67482aa-44bc-1a33-2545-de34f4bb6c82, NVIDIA H100 80GB HBM3, 0 %, 1 MiB, 70.77 W, 34, 345 MHz
2026/09/15 02:18:18.925, 2, GPU-6c47d827-68bc-9d8f-448e-55624a5f2f65, NVIDIA H100 80GB HBM3, 0 %, 1 MiB, 71.52 W, 26, 345 MHz
2026/09/15 02:18:18.927, 3, GPU-a481f1cc-7ac4-a6c3-b8a4-eed1d39e45aa, NVIDIA H100 80GB HBM3, 0 %, 1 MiB, 74.96 W, 26, 345 MHz
2026/09/15 02:18:18.937, 4, GPU-a60182ac-1fbd-0654-4298-7dfab8d789ca, NVIDIA H100 80GB HBM3, 0 %, 1 MiB, 72.44 W, 26, 345 MHz
2026/09/15 02:18:18.940, 5, GPU-11bb96fb-3b4c-98eb-f310-70437157969c, NVIDIA H100 80GB HBM3, 0 %, 1 MiB, 69.34 W, 26, 345 MHz
2026/09/15 02:18:18.943, 6, GPU-7d80084d-f83b-1a50-3007-35e8f2af67c2, NVIDIA H100 80GB HBM3, 0 %, 1 MiB, 70.86 W, 27, 345 MHz
2026/09/15 02:18:18.946, 7, GPU-69cdf81a-1c5b-4e7c-54e2-2dd45eb25e36, NVIDIA H100 80GB HBM3, 0 %, 1 MiB, 70.32 W, 26, 345 MHz
2026/09/15 02:18:19.949, 0, GPU-3d9bae9f-f6a5-a533-682a-2990f19ffa90, NVIDIA H100 80GB HBM3, 0 %, 10082 MiB, 117.52 W, 39, 1980 MHz
2026/09/15 02:18:19.951, 1, GPU-d67482aa-44bc-1a33-2545-de34f4bb6c82, NVIDIA H100 80GB HBM3, 0 %, 1 MiB, 70.77 W, 34, 345 MHz
2026/09/15 02:18:19.955, 2, GPU-6c47d827-68bc-9d8f-448e-55624a5f2f65, NVIDIA H100 80GB HBM3, 0 %, 1 MiB, 71.50 W, 26, 345 MHz
2026/09/15 02:18:19.957, 3, GPU-a481f1cc-7ac4-a6c3-b8a4-eed1d39e45aa, NVIDIA H100 80GB HBM3, 0 %, 1 MiB, 75.01 W, 26, 345 MHz
2026/09/15 02:18:19.959, 4, GPU-a60182ac-1fbd-0654-4298-7dfab8d789ca, NVIDIA H100 80GB HBM3, 0 %, 1 MiB, 72.29 W, 26, 345 MHz
2026/09/15 02:18:19.968, 5, GPU-11bb96fb-3b4c-98eb-f310-70437157969c, NVIDIA H100 80GB HBM3, 0 %, 1 MiB, 69.35 W, 26, 345 MHz
2026/09/15 02:18:19.970, 6, GPU-7d80084d-f83b-1a50-3007-35e8f2af67c2, NVIDIA H100 80GB HBM3, 0 %, 1 MiB, 70.91 W, 27, 345 MHz
2026/09/15 02:18:19.973, 7, GPU-69cdf81a-1c5b-4e7c-54e2-2dd45eb25e36, NVIDIA H100 80GB HBM3, 0 %, 1 MiB, 70.33 W, 26, 345 MHz
2026/09/15 02:18:20.975, 0, GPU-3d9bae9f-f6a5-a533-682a-2990f19ffa90, NVIDIA H100 80GB HBM3, 0 %, 10082 MiB, 117.51 W, 39, 1980 MHz
2026/09/15 02:18:20.978, 1, GPU-d67482aa-44bc-1a33-2545-de34f4bb6c82, NVIDIA H100 80GB HBM3, 0 %, 1 MiB, 70.78 W, 34, 345 MHz
2026/09/15 02:18:20.980, 2, GPU-6c47d827-68bc-9d8f-448e-55624a5f2f65, NVIDIA H100 80GB HBM3, 0 %, 1 MiB, 71.51 W, 26, 345 MHz
2026/09/15 02:18:20.981, 3, GPU-a481f1cc-7ac4-a6c3-b8a4-eed1d39e45aa, NVIDIA H100 80GB HBM3, 0 %, 1 MiB, 74.97 W, 26, 345 MHz
2026/09/15 02:18:20.983, 4, GPU-a60182ac-1fbd-0654-4298-7dfab8d789ca, NVIDIA H100 80GB HBM3, 0 %, 1 MiB, 72.29 W, 26, 345 MHz
2026/09/15 02:18:20.985, 5, GPU-11bb96fb-3b4c-98eb-f310-70437157969c, NVIDIA H100 80GB HBM3, 0 %, 1 MiB, 69.33 W, 26, 345 MHz
2026/09/15 02:18:20.988, 6, GPU-7d80084d-f83b-1a50-3007-35e8f2af67c2, NVIDIA H100 80GB HBM3, 0 %, 1 MiB, 70.94 W, 28, 345 MHz
2026/09/15 02:18:20.991, 7, GPU-69cdf81a-1c5b-4e7c-54e2-2dd45eb25e36, NVIDIA H100 80GB HBM3, 0 %, 1 MiB, 70.34 W, 26, 345 MHz
2026/09/15 02:18:21.994, 0, GPU-3d9bae9f-f6a5-a533-682a-2990f19ffa90, NVIDIA H100 80GB HBM3, 0 %, 10082 MiB, 117.53 W, 39, 1980 MHz
2026/09/15 02:18:21.996, 1, GPU-d67482aa-44bc-1a33-2545-de34f4bb6c82, NVIDIA H100 80GB HBM3, 0 %, 1 MiB, 70.78 W, 34, 345 MHz
2026/09/15 02:18:21.997, 2, GPU-6c47d827-68bc-9d8f-448e-55624a5f2f65, NVIDIA H100 80GB HBM3, 0 %, 1 MiB, 71.51 W, 26, 345 MHz
2026/09/15 02:18:22.008, 3, GPU-a481f1cc-7ac4-a6c3-b8a4-eed1d39e45aa, NVIDIA H100 80GB HBM3, 0 %, 1 MiB, 74.95 W, 26, 345 MHz
2026/09/15 02:18:22.039, 4, GPU-a60182ac-1fbd-0654-4298-7dfab8d789ca, NVIDIA H100 80GB HBM3, 0 %, 1 MiB, 72.35 W, 26, 345 MHz
2026/09/15 02:18:22.080, 5, GPU-11bb96fb-3b4c-98eb-f310-70437157969c, NVIDIA H100 80GB HBM3, 0 %, 1 MiB, 69.32 W, 26, 345 MHz
2026/09/15 02:18:22.108, 6, GPU-7d80084d-f83b-1a50-3007-35e8f2af67c2, NVIDIA H100 80GB HBM3, 0 %, 1 MiB, 70.90 W, 28, 345 MHz
2026/09/15 02:18:22.136, 7, GPU-69cdf81a-1c5b-4e7c-54e2-2dd45eb25e36, NVIDIA H100 80GB HBM3, 0 %, 1 MiB, 70.33 W, 26, 345 MHz
2026/09/15 02:18:23.163, 0, GPU-3d9bae9f-f6a5-a533-682a-2990f19ffa90, NVIDIA H100 80GB HBM3, 0 %, 10082 MiB, 117.55 W, 39, 1980 MHz
2026/09/15 02:18:23.165, 1, GPU-d67482aa-44bc-1a33-2545-de34f4bb6c82, NVIDIA H100 80GB HBM3, 0 %, 1 MiB, 70.76 W, 34, 345 MHz
2026/09/15 02:18:23.167, 2, GPU-6c47d827-68bc-9d8f-448e-55624a5f2f65, NVIDIA H100 80GB HBM3, 0 %, 1 MiB, 71.54 W, 26, 345 MHz
2026/09/15 02:18:23.168, 3, GPU-a481f1cc-7ac4-a6c3-b8a4-eed1d39e45aa, NVIDIA H100 80GB HBM3, 0 %, 1 MiB, 74.99 W, 26, 345 MHz
2026/09/15 02:18:23.170, 4, GPU-a60182ac-1fbd-0654-4298-7dfab8d789ca, NVIDIA H100 80GB HBM3, 0 %, 1 MiB, 72.25 W, 26, 345 MHz
2026/09/15 02:18:23.171, 5, GPU-11bb96fb-3b4c-98eb-f310-70437157969c, NVIDIA H100 80GB HBM3, 0 %, 1 MiB, 69.32 W, 26, 345 MHz
2026/09/15 02:18:23.173, 6, GPU-7d80084d-f83b-1a50-3007-35e8f2af67c2, NVIDIA H100 80GB HBM3, 0 %, 1 MiB, 70.86 W, 27, 345 MHz
2026/09/15 02:18:23.174, 7, GPU-69cdf81a-1c5b-4e7c-54e2-2dd45eb25e36, NVIDIA H100 80GB HBM3, 0 %, 1 MiB, 70.34 W, 26, 345 MHz
2026/09/15 02:18:24.176, 0, GPU-3d9bae9f-f6a5-a533-682a-2990f19ffa90, NVIDIA H100 80GB HBM3, 0 %, 10082 MiB, 117.51 W, 39, 1980 MHz
2026/09/15 02:18:24.178, 1, GPU-d67482aa-44bc-1a33-2545-de34f4bb6c82, NVIDIA H100 80GB HBM3, 0 %, 1 MiB, 70.79 W, 34, 345 MHz
2026/09/15 02:18:24.179, 2, GPU-6c47d827-68bc-9d8f-448e-55624a5f2f65, NVIDIA H100 80GB HBM3, 0 %, 1 MiB, 71.50 W, 26, 345 MHz
2026/09/15 02:18:24.181, 3, GPU-a481f1cc-7ac4-a6c3-b8a4-eed1d39e45aa, NVIDIA H100 80GB HBM3, 0 %, 1 MiB, 75.00 W, 26, 345 MHz
2026/09/15 02:18:24.183, 4, GPU-a60182ac-1fbd-0654-4298-7dfab8d789ca, NVIDIA H100 80GB HBM3, 0 %, 1 MiB, 72.48 W, 26, 345 MHz
2026/09/15 02:18:24.184, 5, GPU-11bb96fb-3b4c-98eb-f310-70437157969c, NVIDIA H100 80GB HBM3, 0 %, 1 MiB, 69.34 W, 26, 345 MHz
2026/09/15 02:18:24.186, 6, GPU-7d80084d-f83b-1a50-3007-35e8f2af67c2, NVIDIA H100 80GB HBM3, 0 %, 1 MiB, 70.88 W, 27, 345 MHz
2026/09/15 02:18:24.188, 7, GPU-69cdf81a-1c5b-4e7c-54e2-2dd45eb25e36, NVIDIA H100 80GB HBM3, 0 %, 1 MiB, 70.34 W, 26, 345 MHz
2026/09/15 02:18:25.189, 0, GPU-3d9bae9f-f6a5-a533-682a-2990f19ffa90, NVIDIA H100 80GB HBM3, 0 %, 10082 MiB, 117.53 W, 39, 1980 MHz
2026/09/15 02:18:25.191, 1, GPU-d67482aa-44bc-1a33-2545-de34f4bb6c82, NVIDIA H100 80GB HBM3, 0 %, 1 MiB, 70.83 W, 34, 345 MHz
2026/09/15 02:18:25.193, 2, GPU-6c47d827-68bc-9d8f-448e-55624a5f2f65, NVIDIA H100 80GB HBM3, 0 %, 1 MiB, 71.52 W, 26, 345 MHz
2026/09/15 02:18:25.195, 3, GPU-a481f1cc-7ac4-a6c3-b8a4-eed1d39e45aa, NVIDIA H100 80GB HBM3, 0 %, 1 MiB, 74.94 W, 26, 345 MHz
2026/09/15 02:18:25.196, 4, GPU-a60182ac-1fbd-0654-4298-7dfab8d789ca, NVIDIA H100 80GB HBM3, 0 %, 1 MiB, 72.28 W, 26, 345 MHz
2026/09/15 02:18:25.200, 5, GPU-11bb96fb-3b4c-98eb-f310-70437157969c, NVIDIA H100 80GB HBM3, 0 %, 1 MiB, 69.33 W, 26, 345 MHz
2026/09/15 02:18:25.210, 6, GPU-7d80084d-f83b-1a50-3007-35e8f2af67c2, NVIDIA H100 80GB HBM3, 0 %, 1 MiB, 70.87 W, 28, 345 MHz
2026/09/15 02:18:25.212, 7, GPU-69cdf81a-1c5b-4e7c-54e2-2dd45eb25e36, NVIDIA H100 80GB HBM3, 0 %, 1 MiB, 70.34 W, 26, 345 MHz
2026/09/15 02:18:26.222, 0, GPU-3d9bae9f-f6a5-a533-682a-2990f19ffa90, NVIDIA H100 80GB HBM3, 0 %, 10082 MiB, 117.51 W, 39, 1980 MHz
2026/09/15 02:18:26.254, 1, GPU-d67482aa-44bc-1a33-2545-de34f4bb6c82, NVIDIA H100 80GB HBM3, 0 %, 1 MiB, 70.78 W, 34, 345 MHz
2026/09/15 02:18:26.256, 2, GPU-6c47d827-68bc-9d8f-448e-55624a5f2f65, NVIDIA H100 80GB HBM3, 0 %, 1 MiB, 71.51 W, 26, 345 MHz
2026/09/15 02:18:26.258, 3, GPU-a481f1cc-7ac4-a6c3-b8a4-eed1d39e45aa, NVIDIA H100 80GB HBM3, 0 %, 1 MiB, 74.99 W, 26, 345 MHz
2026/09/15 02:18:26.260, 4, GPU-a60182ac-1fbd-0654-4298-7dfab8d789ca, NVIDIA H100 80GB HBM3, 0 %, 1 MiB, 72.40 W, 26, 345 MHz
2026/09/15 02:18:26.267, 5, GPU-11bb96fb-3b4c-98eb-f310-70437157969c, NVIDIA H100 80GB HBM3, 0 %, 1 MiB, 69.34 W, 26, 345 MHz
2026/09/15 02:18:26.269, 6, GPU-7d80084d-f83b-1a50-3007-35e8f2af67c2, NVIDIA H100 80GB HBM3, 0 %, 1 MiB, 70.91 W, 28, 345 MHz
2026/09/15 02:18:26.271, 7, GPU-69cdf81a-1c5b-4e7c-54e2-2dd45eb25e36, NVIDIA H100 80GB HBM3, 0 %, 1 MiB, 70.28 W, 26, 345 MHz
2026/09/15 02:18:27.273, 0, GPU-3d9bae9f-f6a5-a533-682a-2990f19ffa90, NVIDIA H100 80GB HBM3, 0 %, 10082 MiB, 117.53 W, 39, 1980 MHz
2026/09/15 02:18:27.275, 1, GPU-d67482aa-44bc-1a33-2545-de34f4bb6c82, NVIDIA H100 80GB HBM3, 0 %, 1 MiB, 70.78 W, 34, 345 MHz
2026/09/15 02:18:27.276, 2, GPU-6c47d827-68bc-9d8f-448e-55624a5f2f65, NVIDIA H100 80GB HBM3, 0 %, 1 MiB, 71.51 W, 26, 345 MHz
2026/09/15 02:18:27.278, 3, GPU-a481f1cc-7ac4-a6c3-b8a4-eed1d39e45aa, NVIDIA H100 80GB HBM3, 0 %, 1 MiB, 75.00 W, 26, 345 MHz
2026/09/15 02:18:27.280, 4, GPU-a60182ac-1fbd-0654-4298-7dfab8d789ca, NVIDIA H100 80GB HBM3, 0 %, 1 MiB, 72.32 W, 26, 345 MHz
2026/09/15 02:18:27.281, 5, GPU-11bb96fb-3b4c-98eb-f310-70437157969c, NVIDIA H100 80GB HBM3, 0 %, 1 MiB, 69.34 W, 26, 345 MHz
2026/09/15 02:18:27.283, 6, GPU-7d80084d-f83b-1a50-3007-35e8f2af67c2, NVIDIA H100 80GB HBM3, 0 %, 1 MiB, 70.90 W, 27, 345 MHz
2026/09/15 02:18:27.285, 7, GPU-69cdf81a-1c5b-4e7c-54e2-2dd45eb25e36, NVIDIA H100 80GB HBM3, 0 %, 1 MiB, 70.31 W, 26, 345 MHz
2026/09/15 02:18:28.286, 0, GPU-3d9bae9f-f6a5-a533-682a-2990f19ffa90, NVIDIA H100 80GB HBM3, 0 %, 10082 MiB, 117.55 W, 39, 1980 MHz
2026/09/15 02:18:28.288, 1, GPU-d67482aa-44bc-1a33-2545-de34f4bb6c82, NVIDIA H100 80GB HBM3, 0 %, 1 MiB, 70.76 W, 34, 345 MHz
2026/09/15 02:18:28.290, 2, GPU-6c47d827-68bc-9d8f-448e-55624a5f2f65, NVIDIA H100 80GB HBM3, 0 %, 1 MiB, 71.54 W, 26, 345 MHz
2026/09/15 02:18:28.291, 3, GPU-a481f1cc-7ac4-a6c3-b8a4-eed1d39e45aa, NVIDIA H100 80GB HBM3, 0 %, 1 MiB, 74.93 W, 26, 345 MHz
2026/09/15 02:18:28.293, 4, GPU-a60182ac-1fbd-0654-4298-7dfab8d789ca, NVIDIA H100 80GB HBM3, 0 %, 1 MiB, 72.38 W, 26, 345 MHz
2026/09/15 02:18:28.294, 5, GPU-11bb96fb-3b4c-98eb-f310-70437157969c, NVIDIA H100 80GB HBM3, 0 %, 1 MiB, 69.31 W, 26, 345 MHz
2026/09/15 02:18:28.296, 6, GPU-7d80084d-f83b-1a50-3007-35e8f2af67c2, NVIDIA H100 80GB HBM3, 0 %, 1 MiB, 70.86 W, 27, 345 MHz
2026/09/15 02:18:28.297, 7, GPU-69cdf81a-1c5b-4e7c-54e2-2dd45eb25e36, NVIDIA H100 80GB HBM3, 0 %, 1 MiB, 70.30 W, 26, 345 MHz
2026/09/15 02:18:29.299, 0, GPU-3d9bae9f-f6a5-a533-682a-2990f19ffa90, NVIDIA H100 80GB HBM3, 0 %, 10082 MiB, 117.55 W, 39, 1980 MHz
2026/09/15 02:18:29.305, 1, GPU-d67482aa-44bc-1a33-2545-de34f4bb6c82, NVIDIA H100 80GB HBM3, 0 %, 1 MiB, 70.80 W, 34, 345 MHz
2026/09/15 02:18:29.330, 2, GPU-6c47d827-68bc-9d8f-448e-55624a5f2f65, NVIDIA H100 80GB HBM3, 0 %, 1 MiB, 71.54 W, 26, 345 MHz
2026/09/15 02:18:29.356, 3, GPU-a481f1cc-7ac4-a6c3-b8a4-eed1d39e45aa, NVIDIA H100 80GB HBM3, 0 %, 1 MiB, 74.93 W, 26, 345 MHz
2026/09/15 02:18:29.382, 4, GPU-a60182ac-1fbd-0654-4298-7dfab8d789ca, NVIDIA H100 80GB HBM3, 0 %, 1 MiB, 72.45 W, 26, 345 MHz
2026/09/15 02:18:29.412, 5, GPU-11bb96fb-3b4c-98eb-f310-70437157969c, NVIDIA H100 80GB HBM3, 0 %, 1 MiB, 69.32 W, 26, 345 MHz
2026/09/15 02:18:29.443, 6, GPU-7d80084d-f83b-1a50-3007-35e8f2af67c2, NVIDIA H100 80GB HBM3, 0 %, 1 MiB, 70.90 W, 27, 345 MHz
2026/09/15 02:18:29.451, 7, GPU-69cdf81a-1c5b-4e7c-54e2-2dd45eb25e36, NVIDIA H100 80GB HBM3, 0 %, 1 MiB, 70.29 W, 26, 345 MHz
2026/09/15 02:18:30.456, 0, GPU-3d9bae9f-f6a5-a533-682a-2990f19ffa90, NVIDIA H100 80GB HBM3, 0 %, 10082 MiB, 117.55 W, 39, 1980 MHz
2026/09/15 02:18:30.458, 1, GPU-d67482aa-44bc-1a33-2545-de34f4bb6c82, NVIDIA H100 80GB HBM3, 0 %, 1 MiB, 70.80 W, 34, 345 MHz
2026/09/15 02:18:30.460, 2, GPU-6c47d827-68bc-9d8f-448e-55624a5f2f65, NVIDIA H100 80GB HBM3, 0 %, 1 MiB, 71.58 W, 26, 345 MHz
2026/09/15 02:18:30.461, 3, GPU-a481f1cc-7ac4-a6c3-b8a4-eed1d39e45aa, NVIDIA H100 80GB HBM3, 0 %, 1 MiB, 75.00 W, 26, 345 MHz
2026/09/15 02:18:30.463, 4, GPU-a60182ac-1fbd-0654-4298-7dfab8d789ca, NVIDIA H100 80GB HBM3, 0 %, 1 MiB, 72.32 W, 26, 345 MHz
2026/09/15 02:18:30.468, 5, GPU-11bb96fb-3b4c-98eb-f310-70437157969c, NVIDIA H100 80GB HBM3, 0 %, 1 MiB, 69.34 W, 26, 345 MHz
2026/09/15 02:18:30.470, 6, GPU-7d80084d-f83b-1a50-3007-35e8f2af67c2, NVIDIA H100 80GB HBM3, 0 %, 1 MiB, 70.88 W, 28, 345 MHz
2026/09/15 02:18:30.471, 7, GPU-69cdf81a-1c5b-4e7c-54e2-2dd45eb25e36, NVIDIA H100 80GB HBM3, 0 %, 1 MiB, 70.31 W, 26, 345 MHz
2026/09/15 02:18:31.473, 0, GPU-3d9bae9f-f6a5-a533-682a-2990f19ffa90, NVIDIA H100 80GB HBM3, 0 %, 10082 MiB, 117.56 W, 39, 1980 MHz
2026/09/15 02:18:31.475, 1, GPU-d67482aa-44bc-1a33-2545-de34f4bb6c82, NVIDIA H100 80GB HBM3, 0 %, 1 MiB, 70.78 W, 34, 345 MHz
2026/09/15 02:18:31.476, 2, GPU-6c47d827-68bc-9d8f-448e-55624a5f2f65, NVIDIA H100 80GB HBM3, 0 %, 1 MiB, 71.54 W, 26, 345 MHz
2026/09/15 02:18:31.478, 3, GPU-a481f1cc-7ac4-a6c3-b8a4-eed1d39e45aa, NVIDIA H100 80GB HBM3, 0 %, 1 MiB, 74.99 W, 26, 345 MHz
2026/09/15 02:18:31.480, 4, GPU-a60182ac-1fbd-0654-4298-7dfab8d789ca, NVIDIA H100 80GB HBM3, 0 %, 1 MiB, 72.46 W, 26, 345 MHz
2026/09/15 02:18:31.481, 5, GPU-11bb96fb-3b4c-98eb-f310-70437157969c, NVIDIA H100 80GB HBM3, 0 %, 1 MiB, 69.33 W, 26, 345 MHz
2026/09/15 02:18:31.483, 6, GPU-7d80084d-f83b-1a50-3007-35e8f2af67c2, NVIDIA H100 80GB HBM3, 0 %, 1 MiB, 70.94 W, 28, 345 MHz
2026/09/15 02:18:31.485, 7, GPU-69cdf81a-1c5b-4e7c-54e2-2dd45eb25e36, NVIDIA H100 80GB HBM3, 0 %, 1 MiB, 70.33 W, 26, 345 MHz
2026/09/15 02:18:32.486, 0, GPU-3d9bae9f-f6a5-a533-682a-2990f19ffa90, NVIDIA H100 80GB HBM3, 0 %, 10082 MiB, 117.57 W, 39, 1980 MHz
2026/09/15 02:18:32.488, 1, GPU-d67482aa-44bc-1a33-2545-de34f4bb6c82, NVIDIA H100 80GB HBM3, 0 %, 1 MiB, 70.78 W, 34, 345 MHz
2026/09/15 02:18:32.490, 2, GPU-6c47d827-68bc-9d8f-448e-55624a5f2f65, NVIDIA H100 80GB HBM3, 0 %, 1 MiB, 71.47 W, 26, 345 MHz
2026/09/15 02:18:32.492, 3, GPU-a481f1cc-7ac4-a6c3-b8a4-eed1d39e45aa, NVIDIA H100 80GB HBM3, 0 %, 1 MiB, 74.96 W, 26, 345 MHz
2026/09/15 02:18:32.493, 4, GPU-a60182ac-1fbd-0654-4298-7dfab8d789ca, NVIDIA H100 80GB HBM3, 0 %, 1 MiB, 72.28 W, 26, 345 MHz
2026/09/15 02:18:32.495, 5, GPU-11bb96fb-3b4c-98eb-f310-70437157969c, NVIDIA H100 80GB HBM3, 0 %, 1 MiB, 69.31 W, 26, 345 MHz
2026/09/15 02:18:32.496, 6, GPU-7d80084d-f83b-1a50-3007-35e8f2af67c2, NVIDIA H100 80GB HBM3, 0 %, 1 MiB, 70.93 W, 27, 345 MHz
2026/09/15 02:18:32.498, 7, GPU-69cdf81a-1c5b-4e7c-54e2-2dd45eb25e36, NVIDIA H100 80GB HBM3, 0 %, 1 MiB, 70.30 W, 26, 345 MHz
2026/09/15 02:18:33.500, 0, GPU-3d9bae9f-f6a5-a533-682a-2990f19ffa90, NVIDIA H100 80GB HBM3, 0 %, 10082 MiB, 117.53 W, 39, 1980 MHz
2026/09/15 02:18:33.502, 1, GPU-d67482aa-44bc-1a33-2545-de34f4bb6c82, NVIDIA H100 80GB HBM3, 0 %, 1 MiB, 70.81 W, 34, 345 MHz
2026/09/15 02:18:33.504, 2, GPU-6c47d827-68bc-9d8f-448e-55624a5f2f65, NVIDIA H100 80GB HBM3, 0 %, 1 MiB, 71.53 W, 26, 345 MHz
2026/09/15 02:18:33.507, 3, GPU-a481f1cc-7ac4-a6c3-b8a4-eed1d39e45aa, NVIDIA H100 80GB HBM3, 0 %, 1 MiB, 75.03 W, 26, 345 MHz
2026/09/15 02:18:33.508, 4, GPU-a60182ac-1fbd-0654-4298-7dfab8d789ca, NVIDIA H100 80GB HBM3, 0 %, 1 MiB, 72.43 W, 26, 345 MHz
2026/09/15 02:18:33.510, 5, GPU-11bb96fb-3b4c-98eb-f310-70437157969c, NVIDIA H100 80GB HBM3, 0 %, 1 MiB, 69.33 W, 26, 345 MHz
2026/09/15 02:18:33.511, 6, GPU-7d80084d-f83b-1a50-3007-35e8f2af67c2, NVIDIA H100 80GB HBM3, 0 %, 1 MiB, 70.87 W, 27, 345 MHz
2026/09/15 02:18:33.513, 7, GPU-69cdf81a-1c5b-4e7c-54e2-2dd45eb25e36, NVIDIA H100 80GB HBM3, 0 %, 1 MiB, 70.28 W, 26, 345 MHz
2026/09/15 02:18:34.517, 0, GPU-3d9bae9f-f6a5-a533-682a-2990f19ffa90, NVIDIA H100 80GB HBM3, 0 %, 10082 MiB, 117.48 W, 39, 1980 MHz
2026/09/15 02:18:34.521, 1, GPU-d67482aa-44bc-1a33-2545-de34f4bb6c82, NVIDIA H100 80GB HBM3, 0 %, 1 MiB, 70.76 W, 34, 345 MHz
2026/09/15 02:18:34.523, 2, GPU-6c47d827-68bc-9d8f-448e-55624a5f2f65, NVIDIA H100 80GB HBM3, 0 %, 1 MiB, 71.50 W, 26, 345 MHz
2026/09/15 02:18:34.524, 3, GPU-a481f1cc-7ac4-a6c3-b8a4-eed1d39e45aa, NVIDIA H100 80GB HBM3, 0 %, 1 MiB, 74.96 W, 26, 345 MHz
2026/09/15 02:18:34.527, 4, GPU-a60182ac-1fbd-0654-4298-7dfab8d789ca, NVIDIA H100 80GB HBM3, 0 %, 1 MiB, 72.31 W, 26, 345 MHz
2026/09/15 02:18:34.528, 5, GPU-11bb96fb-3b4c-98eb-f310-70437157969c, NVIDIA H100 80GB HBM3, 0 %, 1 MiB, 69.33 W, 26, 345 MHz
2026/09/15 02:18:34.529, 6, GPU-7d80084d-f83b-1a50-3007-35e8f2af67c2, NVIDIA H100 80GB HBM3, 0 %, 1 MiB, 70.90 W, 27, 345 MHz
2026/09/15 02:18:34.531, 7, GPU-69cdf81a-1c5b-4e7c-54e2-2dd45eb25e36, NVIDIA H100 80GB HBM3, 0 %, 1 MiB, 70.32 W, 26, 345 MHz
2026/09/15 02:18:35.533, 0, GPU-3d9bae9f-f6a5-a533-682a-2990f19ffa90, NVIDIA H100 80GB HBM3, 0 %, 10082 MiB, 117.51 W, 39, 1980 MHz
2026/09/15 02:18:35.535, 1, GPU-d67482aa-44bc-1a33-2545-de34f4bb6c82, NVIDIA H100 80GB HBM3, 0 %, 1 MiB, 70.78 W, 34, 345 MHz
2026/09/15 02:18:35.537, 2, GPU-6c47d827-68bc-9d8f-448e-55624a5f2f65, NVIDIA H100 80GB HBM3, 0 %, 1 MiB, 71.53 W, 26, 345 MHz
2026/09/15 02:18:35.538, 3, GPU-a481f1cc-7ac4-a6c3-b8a4-eed1d39e45aa, NVIDIA H100 80GB HBM3, 0 %, 1 MiB, 74.96 W, 26, 345 MHz
2026/09/15 02:18:35.540, 4, GPU-a60182ac-1fbd-0654-4298-7dfab8d789ca, NVIDIA H100 80GB HBM3, 0 %, 1 MiB, 72.46 W, 26, 345 MHz
2026/09/15 02:18:35.541, 5, GPU-11bb96fb-3b4c-98eb-f310-70437157969c, NVIDIA H100 80GB HBM3, 0 %, 1 MiB, 69.38 W, 26, 345 MHz
2026/09/15 02:18:35.543, 6, GPU-7d80084d-f83b-1a50-3007-35e8f2af67c2, NVIDIA H100 80GB HBM3, 0 %, 1 MiB, 70.92 W, 27, 345 MHz
2026/09/15 02:18:35.545, 7, GPU-69cdf81a-1c5b-4e7c-54e2-2dd45eb25e36, NVIDIA H100 80GB HBM3, 0 %, 1 MiB, 70.36 W, 26, 345 MHz
2026/09/15 02:18:36.546, 0, GPU-3d9bae9f-f6a5-a533-682a-2990f19ffa90, NVIDIA H100 80GB HBM3, 0 %, 10082 MiB, 117.59 W, 39, 1980 MHz
2026/09/15 02:18:36.572, 1, GPU-d67482aa-44bc-1a33-2545-de34f4bb6c82, NVIDIA H100 80GB HBM3, 0 %, 1 MiB, 70.80 W, 34, 345 MHz
2026/09/15 02:18:36.599, 2, GPU-6c47d827-68bc-9d8f-448e-55624a5f2f65, NVIDIA H100 80GB HBM3, 0 %, 1 MiB, 71.47 W, 26, 345 MHz
2026/09/15 02:18:36.646, 3, GPU-a481f1cc-7ac4-a6c3-b8a4-eed1d39e45aa, NVIDIA H100 80GB HBM3, 0 %, 1 MiB, 74.96 W, 26, 345 MHz
2026/09/15 02:18:36.651, 4, GPU-a60182ac-1fbd-0654-4298-7dfab8d789ca, NVIDIA H100 80GB HBM3, 0 %, 1 MiB, 72.45 W, 26, 345 MHz
2026/09/15 02:18:36.653, 5, GPU-11bb96fb-3b4c-98eb-f310-70437157969c, NVIDIA H100 80GB HBM3, 0 %, 1 MiB, 69.36 W, 26, 345 MHz
2026/09/15 02:18:36.655, 6, GPU-7d80084d-f83b-1a50-3007-35e8f2af67c2, NVIDIA H100 80GB HBM3, 0 %, 1 MiB, 70.88 W, 27, 345 MHz
2026/09/15 02:18:36.661, 7, GPU-69cdf81a-1c5b-4e7c-54e2-2dd45eb25e36, NVIDIA H100 80GB HBM3, 0 %, 1 MiB, 70.35 W, 26, 345 MHz
2026/09/15 02:18:37.663, 0, GPU-3d9bae9f-f6a5-a533-682a-2990f19ffa90, NVIDIA H100 80GB HBM3, 0 %, 10082 MiB, 117.54 W, 39, 1980 MHz
2026/09/15 02:18:37.671, 1, GPU-d67482aa-44bc-1a33-2545-de34f4bb6c82, NVIDIA H100 80GB HBM3, 0 %, 1 MiB, 70.80 W, 34, 345 MHz
2026/09/15 02:18:37.673, 2, GPU-6c47d827-68bc-9d8f-448e-55624a5f2f65, NVIDIA H100 80GB HBM3, 0 %, 1 MiB, 71.46 W, 26, 345 MHz
2026/09/15 02:18:37.678, 3, GPU-a481f1cc-7ac4-a6c3-b8a4-eed1d39e45aa, NVIDIA H100 80GB HBM3, 0 %, 1 MiB, 75.00 W, 26, 345 MHz
2026/09/15 02:18:37.680, 4, GPU-a60182ac-1fbd-0654-4298-7dfab8d789ca, NVIDIA H100 80GB HBM3, 0 %, 1 MiB, 72.22 W, 26, 345 MHz
2026/09/15 02:18:37.681, 5, GPU-11bb96fb-3b4c-98eb-f310-70437157969c, NVIDIA H100 80GB HBM3, 0 %, 1 MiB, 69.31 W, 26, 345 MHz
2026/09/15 02:18:37.683, 6, GPU-7d80084d-f83b-1a50-3007-35e8f2af67c2, NVIDIA H100 80GB HBM3, 0 %, 1 MiB, 70.88 W, 27, 345 MHz
2026/09/15 02:18:37.685, 7, GPU-69cdf81a-1c5b-4e7c-54e2-2dd45eb25e36, NVIDIA H100 80GB HBM3, 0 %, 1 MiB, 70.32 W, 26, 345 MHz
2026/09/15 02:18:38.686, 0, GPU-3d9bae9f-f6a5-a533-682a-2990f19ffa90, NVIDIA H100 80GB HBM3, 0 %, 10082 MiB, 117.53 W, 39, 1980 MHz
2026/09/15 02:18:38.688, 1, GPU-d67482aa-44bc-1a33-2545-de34f4bb6c82, NVIDIA H100 80GB HBM3, 0 %, 1 MiB, 70.78 W, 34, 345 MHz
2026/09/15 02:18:38.690, 2, GPU-6c47d827-68bc-9d8f-448e-55624a5f2f65, NVIDIA H100 80GB HBM3, 0 %, 1 MiB, 71.54 W, 26, 345 MHz
2026/09/15 02:18:38.692, 3, GPU-a481f1cc-7ac4-a6c3-b8a4-eed1d39e45aa, NVIDIA H100 80GB HBM3, 0 %, 1 MiB, 74.93 W, 26, 345 MHz
2026/09/15 02:18:38.694, 4, GPU-a60182ac-1fbd-0654-4298-7dfab8d789ca, NVIDIA H100 80GB HBM3, 0 %, 1 MiB, 72.46 W, 26, 345 MHz
2026/09/15 02:18:38.698, 5, GPU-11bb96fb-3b4c-98eb-f310-70437157969c, NVIDIA H100 80GB HBM3, 0 %, 1 MiB, 69.34 W, 26, 345 MHz
2026/09/15 02:18:38.706, 6, GPU-7d80084d-f83b-1a50-3007-35e8f2af67c2, NVIDIA H100 80GB HBM3, 0 %, 1 MiB, 70.91 W, 27, 345 MHz
2026/09/15 02:18:38.708, 7, GPU-69cdf81a-1c5b-4e7c-54e2-2dd45eb25e36, NVIDIA H100 80GB HBM3, 0 %, 1 MiB, 70.35 W, 26, 345 MHz
2026/09/15 02:18:39.717, 0, GPU-3d9bae9f-f6a5-a533-682a-2990f19ffa90, NVIDIA H100 80GB HBM3, 0 %, 10082 MiB, 117.51 W, 39, 1980 MHz
2026/09/15 02:18:39.721, 1, GPU-d67482aa-44bc-1a33-2545-de34f4bb6c82, NVIDIA H100 80GB HBM3, 0 %, 1 MiB, 70.76 W, 34, 345 MHz
2026/09/15 02:18:39.722, 2, GPU-6c47d827-68bc-9d8f-448e-55624a5f2f65, NVIDIA H100 80GB HBM3, 0 %, 1 MiB, 71.53 W, 26, 345 MHz
2026/09/15 02:18:39.725, 3, GPU-a481f1cc-7ac4-a6c3-b8a4-eed1d39e45aa, NVIDIA H100 80GB HBM3, 0 %, 1 MiB, 74.97 W, 26, 345 MHz
2026/09/15 02:18:39.727, 4, GPU-a60182ac-1fbd-0654-4298-7dfab8d789ca, NVIDIA H100 80GB HBM3, 0 %, 1 MiB, 72.23 W, 26, 345 MHz
2026/09/15 02:18:39.728, 5, GPU-11bb96fb-3b4c-98eb-f310-70437157969c, NVIDIA H100 80GB HBM3, 0 %, 1 MiB, 69.32 W, 26, 345 MHz
2026/09/15 02:18:39.730, 6, GPU-7d80084d-f83b-1a50-3007-35e8f2af67c2, NVIDIA H100 80GB HBM3, 0 %, 1 MiB, 70.89 W, 28, 345 MHz
2026/09/15 02:18:39.731, 7, GPU-69cdf81a-1c5b-4e7c-54e2-2dd45eb25e36, NVIDIA H100 80GB HBM3, 0 %, 1 MiB, 70.27 W, 26, 345 MHz
2026/09/15 02:18:40.733, 0, GPU-3d9bae9f-f6a5-a533-682a-2990f19ffa90, NVIDIA H100 80GB HBM3, 0 %, 10082 MiB, 117.56 W, 39, 1980 MHz
2026/09/15 02:18:40.744, 1, GPU-d67482aa-44bc-1a33-2545-de34f4bb6c82, NVIDIA H100 80GB HBM3, 0 %, 1 MiB, 70.78 W, 34, 345 MHz
2026/09/15 02:18:40.770, 2, GPU-6c47d827-68bc-9d8f-448e-55624a5f2f65, NVIDIA H100 80GB HBM3, 0 %, 1 MiB, 71.53 W, 26, 345 MHz
2026/09/15 02:18:40.809, 3, GPU-a481f1cc-7ac4-a6c3-b8a4-eed1d39e45aa, NVIDIA H100 80GB HBM3, 0 %, 1 MiB, 74.96 W, 26, 345 MHz
2026/09/15 02:18:40.837, 4, GPU-a60182ac-1fbd-0654-4298-7dfab8d789ca, NVIDIA H100 80GB HBM3, 0 %, 1 MiB, 72.37 W, 26, 345 MHz
2026/09/15 02:18:40.869, 5, GPU-11bb96fb-3b4c-98eb-f310-70437157969c, NVIDIA H100 80GB HBM3, 0 %, 1 MiB, 69.33 W, 26, 345 MHz
2026/09/15 02:18:40.897, 6, GPU-7d80084d-f83b-1a50-3007-35e8f2af67c2, NVIDIA H100 80GB HBM3, 0 %, 1 MiB, 70.91 W, 27, 345 MHz
2026/09/15 02:18:40.899, 7, GPU-69cdf81a-1c5b-4e7c-54e2-2dd45eb25e36, NVIDIA H100 80GB HBM3, 0 %, 1 MiB, 70.26 W, 26, 345 MHz
2026/09/15 02:18:41.901, 0, GPU-3d9bae9f-f6a5-a533-682a-2990f19ffa90, NVIDIA H100 80GB HBM3, 0 %, 10082 MiB, 117.51 W, 39, 1980 MHz
2026/09/15 02:18:41.904, 1, GPU-d67482aa-44bc-1a33-2545-de34f4bb6c82, NVIDIA H100 80GB HBM3, 0 %, 1 MiB, 70.79 W, 34, 345 MHz
2026/09/15 02:18:41.907, 2, GPU-6c47d827-68bc-9d8f-448e-55624a5f2f65, NVIDIA H100 80GB HBM3, 0 %, 1 MiB, 71.51 W, 26, 345 MHz
2026/09/15 02:18:41.909, 3, GPU-a481f1cc-7ac4-a6c3-b8a4-eed1d39e45aa, NVIDIA H100 80GB HBM3, 0 %, 1 MiB, 74.92 W, 26, 345 MHz
2026/09/15 02:18:41.911, 4, GPU-a60182ac-1fbd-0654-4298-7dfab8d789ca, NVIDIA H100 80GB HBM3, 0 %, 1 MiB, 72.44 W, 26, 345 MHz
2026/09/15 02:18:41.914, 5, GPU-11bb96fb-3b4c-98eb-f310-70437157969c, NVIDIA H100 80GB HBM3, 0 %, 1 MiB, 69.31 W, 26, 345 MHz
2026/09/15 02:18:41.917, 6, GPU-7d80084d-f83b-1a50-3007-35e8f2af67c2, NVIDIA H100 80GB HBM3, 0 %, 1 MiB, 70.92 W, 28, 345 MHz
2026/09/15 02:18:41.919, 7, GPU-69cdf81a-1c5b-4e7c-54e2-2dd45eb25e36, NVIDIA H100 80GB HBM3, 0 %, 1 MiB, 70.33 W, 26, 345 MHz
2026/09/15 02:18:42.921, 0, GPU-3d9bae9f-f6a5-a533-682a-2990f19ffa90, NVIDIA H100 80GB HBM3, 0 %, 10082 MiB, 117.53 W, 39, 1980 MHz
2026/09/15 02:18:42.924, 1, GPU-d67482aa-44bc-1a33-2545-de34f4bb6c82, NVIDIA H100 80GB HBM3, 0 %, 1 MiB, 70.79 W, 34, 345 MHz
2026/09/15 02:18:42.926, 2, GPU-6c47d827-68bc-9d8f-448e-55624a5f2f65, NVIDIA H100 80GB HBM3, 0 %, 1 MiB, 71.52 W, 26, 345 MHz
2026/09/15 02:18:42.929, 3, GPU-a481f1cc-7ac4-a6c3-b8a4-eed1d39e45aa, NVIDIA H100 80GB HBM3, 0 %, 1 MiB, 74.95 W, 26, 345 MHz
2026/09/15 02:18:42.937, 4, GPU-a60182ac-1fbd-0654-4298-7dfab8d789ca, NVIDIA H100 80GB HBM3, 0 %, 1 MiB, 72.31 W, 26, 345 MHz
2026/09/15 02:18:42.940, 5, GPU-11bb96fb-3b4c-98eb-f310-70437157969c, NVIDIA H100 80GB HBM3, 0 %, 1 MiB, 69.34 W, 26, 345 MHz
2026/09/15 02:18:42.942, 6, GPU-7d80084d-f83b-1a50-3007-35e8f2af67c2, NVIDIA H100 80GB HBM3, 0 %, 1 MiB, 70.87 W, 27, 345 MHz
2026/09/15 02:18:42.945, 7, GPU-69cdf81a-1c5b-4e7c-54e2-2dd45eb25e36, NVIDIA H100 80GB HBM3, 0 %, 1 MiB, 70.29 W, 26, 345 MHz
2026/09/15 02:18:43.948, 0, GPU-3d9bae9f-f6a5-a533-682a-2990f19ffa90, NVIDIA H100 80GB HBM3, 0 %, 10082 MiB, 117.55 W, 39, 1980 MHz
2026/09/15 02:18:43.951, 1, GPU-d67482aa-44bc-1a33-2545-de34f4bb6c82, NVIDIA H100 80GB HBM3, 0 %, 1 MiB, 70.81 W, 34, 345 MHz
2026/09/15 02:18:43.956, 2, GPU-6c47d827-68bc-9d8f-448e-55624a5f2f65, NVIDIA H100 80GB HBM3, 0 %, 1 MiB, 71.54 W, 26, 345 MHz
2026/09/15 02:18:43.959, 3, GPU-a481f1cc-7ac4-a6c3-b8a4-eed1d39e45aa, NVIDIA H100 80GB HBM3, 0 %, 1 MiB, 74.97 W, 26, 345 MHz
2026/09/15 02:18:43.962, 4, GPU-a60182ac-1fbd-0654-4298-7dfab8d789ca, NVIDIA H100 80GB HBM3, 0 %, 1 MiB, 72.46 W, 26, 345 MHz
2026/09/15 02:18:43.968, 5, GPU-11bb96fb-3b4c-98eb-f310-70437157969c, NVIDIA H100 80GB HBM3, 0 %, 1 MiB, 69.30 W, 26, 345 MHz
2026/09/15 02:18:43.970, 6, GPU-7d80084d-f83b-1a50-3007-35e8f2af67c2, NVIDIA H100 80GB HBM3, 0 %, 1 MiB, 70.92 W, 27, 345 MHz
2026/09/15 02:18:43.972, 7, GPU-69cdf81a-1c5b-4e7c-54e2-2dd45eb25e36, NVIDIA H100 80GB HBM3, 0 %, 1 MiB, 70.32 W, 26, 345 MHz
2026/09/15 02:18:44.975, 0, GPU-3d9bae9f-f6a5-a533-682a-2990f19ffa90, NVIDIA H100 80GB HBM3, 0 %, 10082 MiB, 117.54 W, 39, 1980 MHz
2026/09/15 02:18:44.992, 1, GPU-d67482aa-44bc-1a33-2545-de34f4bb6c82, NVIDIA H100 80GB HBM3, 0 %, 1 MiB, 70.78 W, 34, 345 MHz
2026/09/15 02:18:45.019, 2, GPU-6c47d827-68bc-9d8f-448e-55624a5f2f65, NVIDIA H100 80GB HBM3, 0 %, 1 MiB, 71.54 W, 26, 345 MHz
2026/09/15 02:18:45.048, 3, GPU-a481f1cc-7ac4-a6c3-b8a4-eed1d39e45aa, NVIDIA H100 80GB HBM3, 0 %, 1 MiB, 74.97 W, 26, 345 MHz
2026/09/15 02:18:45.083, 4, GPU-a60182ac-1fbd-0654-4298-7dfab8d789ca, NVIDIA H100 80GB HBM3, 0 %, 1 MiB, 72.28 W, 26, 345 MHz
2026/09/15 02:18:45.109, 5, GPU-11bb96fb-3b4c-98eb-f310-70437157969c, NVIDIA H100 80GB HBM3, 0 %, 1 MiB, 69.35 W, 26, 345 MHz
2026/09/15 02:18:45.112, 6, GPU-7d80084d-f83b-1a50-3007-35e8f2af67c2, NVIDIA H100 80GB HBM3, 0 %, 1 MiB, 70.85 W, 27, 345 MHz
2026/09/15 02:18:45.114, 7, GPU-69cdf81a-1c5b-4e7c-54e2-2dd45eb25e36, NVIDIA H100 80GB HBM3, 0 %, 1 MiB, 70.30 W, 26, 345 MHz
2026/09/15 02:18:46.119, 0, GPU-3d9bae9f-f6a5-a533-682a-2990f19ffa90, NVIDIA H100 80GB HBM3, 0 %, 10082 MiB, 117.48 W, 39, 1980 MHz
2026/09/15 02:18:46.122, 1, GPU-d67482aa-44bc-1a33-2545-de34f4bb6c82, NVIDIA H100 80GB HBM3, 0 %, 1 MiB, 70.80 W, 34, 345 MHz
2026/09/15 02:18:46.124, 2, GPU-6c47d827-68bc-9d8f-448e-55624a5f2f65, NVIDIA H100 80GB HBM3, 0 %, 1 MiB, 71.51 W, 26, 345 MHz
2026/09/15 02:18:46.127, 3, GPU-a481f1cc-7ac4-a6c3-b8a4-eed1d39e45aa, NVIDIA H100 80GB HBM3, 0 %, 1 MiB, 74.94 W, 26, 345 MHz
2026/09/15 02:18:46.137, 4, GPU-a60182ac-1fbd-0654-4298-7dfab8d789ca, NVIDIA H100 80GB HBM3, 0 %, 1 MiB, 72.42 W, 26, 345 MHz
2026/09/15 02:18:46.140, 5, GPU-11bb96fb-3b4c-98eb-f310-70437157969c, NVIDIA H100 80GB HBM3, 0 %, 1 MiB, 69.35 W, 26, 345 MHz
2026/09/15 02:18:46.142, 6, GPU-7d80084d-f83b-1a50-3007-35e8f2af67c2, NVIDIA H100 80GB HBM3, 0 %, 1 MiB, 70.92 W, 27, 345 MHz
2026/09/15 02:18:46.145, 7, GPU-69cdf81a-1c5b-4e7c-54e2-2dd45eb25e36, NVIDIA H100 80GB HBM3, 0 %, 1 MiB, 70.28 W, 26, 345 MHz
2026/09/15 02:18:47.147, 0, GPU-3d9bae9f-f6a5-a533-682a-2990f19ffa90, NVIDIA H100 80GB HBM3, 0 %, 10082 MiB, 117.49 W, 39, 1980 MHz
2026/09/15 02:18:47.151, 1, GPU-d67482aa-44bc-1a33-2545-de34f4bb6c82, NVIDIA H100 80GB HBM3, 0 %, 1 MiB, 70.77 W, 34, 345 MHz
2026/09/15 02:18:47.156, 2, GPU-6c47d827-68bc-9d8f-448e-55624a5f2f65, NVIDIA H100 80GB HBM3, 0 %, 1 MiB, 71.48 W, 26, 345 MHz
2026/09/15 02:18:47.159, 3, GPU-a481f1cc-7ac4-a6c3-b8a4-eed1d39e45aa, NVIDIA H100 80GB HBM3, 0 %, 1 MiB, 74.92 W, 26, 345 MHz
2026/09/15 02:18:47.162, 4, GPU-a60182ac-1fbd-0654-4298-7dfab8d789ca, NVIDIA H100 80GB HBM3, 0 %, 1 MiB, 72.29 W, 26, 345 MHz
2026/09/15 02:18:47.168, 5, GPU-11bb96fb-3b4c-98eb-f310-70437157969c, NVIDIA H100 80GB HBM3, 0 %, 1 MiB, 69.34 W, 26, 345 MHz
2026/09/15 02:18:47.170, 6, GPU-7d80084d-f83b-1a50-3007-35e8f2af67c2, NVIDIA H100 80GB HBM3, 0 %, 1 MiB, 70.92 W, 27, 345 MHz
2026/09/15 02:18:47.172, 7, GPU-69cdf81a-1c5b-4e7c-54e2-2dd45eb25e36, NVIDIA H100 80GB HBM3, 0 %, 1 MiB, 70.34 W, 26, 345 MHz
2026/09/15 02:18:48.175, 0, GPU-3d9bae9f-f6a5-a533-682a-2990f19ffa90, NVIDIA H100 80GB HBM3, 0 %, 10082 MiB, 117.54 W, 39, 1980 MHz
2026/09/15 02:18:48.177, 1, GPU-d67482aa-44bc-1a33-2545-de34f4bb6c82, NVIDIA H100 80GB HBM3, 0 %, 1 MiB, 70.80 W, 34, 345 MHz
2026/09/15 02:18:48.180, 2, GPU-6c47d827-68bc-9d8f-448e-55624a5f2f65, NVIDIA H100 80GB HBM3, 0 %, 1 MiB, 71.52 W, 26, 345 MHz
2026/09/15 02:18:48.182, 3, GPU-a481f1cc-7ac4-a6c3-b8a4-eed1d39e45aa, NVIDIA H100 80GB HBM3, 0 %, 1 MiB, 75.00 W, 26, 345 MHz
2026/09/15 02:18:48.185, 4, GPU-a60182ac-1fbd-0654-4298-7dfab8d789ca, NVIDIA H100 80GB HBM3, 0 %, 1 MiB, 72.37 W, 26, 345 MHz
2026/09/15 02:18:48.187, 5, GPU-11bb96fb-3b4c-98eb-f310-70437157969c, NVIDIA H100 80GB HBM3, 0 %, 1 MiB, 69.30 W, 26, 345 MHz
2026/09/15 02:18:48.190, 6, GPU-7d80084d-f83b-1a50-3007-35e8f2af67c2, NVIDIA H100 80GB HBM3, 0 %, 1 MiB, 70.86 W, 27, 345 MHz
2026/09/15 02:18:48.192, 7, GPU-69cdf81a-1c5b-4e7c-54e2-2dd45eb25e36, NVIDIA H100 80GB HBM3, 0 %, 1 MiB, 70.33 W, 26, 345 MHz
2026/09/15 02:18:49.195, 0, GPU-3d9bae9f-f6a5-a533-682a-2990f19ffa90, NVIDIA H100 80GB HBM3, 0 %, 10082 MiB, 117.54 W, 39, 1980 MHz
2026/09/15 02:18:49.203, 1, GPU-d67482aa-44bc-1a33-2545-de34f4bb6c82, NVIDIA H100 80GB HBM3, 0 %, 1 MiB, 70.78 W, 34, 345 MHz
2026/09/15 02:18:49.235, 2, GPU-6c47d827-68bc-9d8f-448e-55624a5f2f65, NVIDIA H100 80GB HBM3, 0 %, 1 MiB, 71.50 W, 26, 345 MHz
2026/09/15 02:18:49.260, 3, GPU-a481f1cc-7ac4-a6c3-b8a4-eed1d39e45aa, NVIDIA H100 80GB HBM3, 0 %, 1 MiB, 74.98 W, 26, 345 MHz
2026/09/15 02:18:49.265, 4, GPU-a60182ac-1fbd-0654-4298-7dfab8d789ca, NVIDIA H100 80GB HBM3, 0 %, 1 MiB, 72.48 W, 26, 345 MHz
2026/09/15 02:18:49.294, 5, GPU-11bb96fb-3b4c-98eb-f310-70437157969c, NVIDIA H100 80GB HBM3, 0 %, 1 MiB, 69.34 W, 26, 345 MHz
2026/09/15 02:18:49.328, 6, GPU-7d80084d-f83b-1a50-3007-35e8f2af67c2, NVIDIA H100 80GB HBM3, 0 %, 1 MiB, 70.89 W, 28, 345 MHz
2026/09/15 02:18:49.369, 7, GPU-69cdf81a-1c5b-4e7c-54e2-2dd45eb25e36, NVIDIA H100 80GB HBM3, 0 %, 1 MiB, 70.35 W, 26, 345 MHz
2026/09/15 02:18:50.397, 0, GPU-3d9bae9f-f6a5-a533-682a-2990f19ffa90, NVIDIA H100 80GB HBM3, 0 %, 10082 MiB, 117.54 W, 39, 1980 MHz
2026/09/15 02:18:50.400, 1, GPU-d67482aa-44bc-1a33-2545-de34f4bb6c82, NVIDIA H100 80GB HBM3, 0 %, 1 MiB, 70.78 W, 34, 345 MHz
2026/09/15 02:18:50.407, 2, GPU-6c47d827-68bc-9d8f-448e-55624a5f2f65, NVIDIA H100 80GB HBM3, 0 %, 1 MiB, 71.53 W, 26, 345 MHz
2026/09/15 02:18:50.410, 3, GPU-a481f1cc-7ac4-a6c3-b8a4-eed1d39e45aa, NVIDIA H100 80GB HBM3, 0 %, 1 MiB, 74.97 W, 26, 345 MHz
2026/09/15 02:18:50.412, 4, GPU-a60182ac-1fbd-0654-4298-7dfab8d789ca, NVIDIA H100 80GB HBM3, 0 %, 1 MiB, 72.31 W, 26, 345 MHz
2026/09/15 02:18:50.414, 5, GPU-11bb96fb-3b4c-98eb-f310-70437157969c, NVIDIA H100 80GB HBM3, 0 %, 1 MiB, 69.38 W, 26, 345 MHz
2026/09/15 02:18:50.417, 6, GPU-7d80084d-f83b-1a50-3007-35e8f2af67c2, NVIDIA H100 80GB HBM3, 0 %, 1 MiB, 70.87 W, 27, 345 MHz
2026/09/15 02:18:50.420, 7, GPU-69cdf81a-1c5b-4e7c-54e2-2dd45eb25e36, NVIDIA H100 80GB HBM3, 0 %, 1 MiB, 70.35 W, 26, 345 MHz
2026/09/15 02:18:51.422, 0, GPU-3d9bae9f-f6a5-a533-682a-2990f19ffa90, NVIDIA H100 80GB HBM3, 0 %, 10082 MiB, 117.49 W, 39, 1980 MHz
2026/09/15 02:18:51.425, 1, GPU-d67482aa-44bc-1a33-2545-de34f4bb6c82, NVIDIA H100 80GB HBM3, 0 %, 1 MiB, 70.83 W, 34, 345 MHz
2026/09/15 02:18:51.427, 2, GPU-6c47d827-68bc-9d8f-448e-55624a5f2f65, NVIDIA H100 80GB HBM3, 0 %, 1 MiB, 71.52 W, 26, 345 MHz
2026/09/15 02:18:51.437, 3, GPU-a481f1cc-7ac4-a6c3-b8a4-eed1d39e45aa, NVIDIA H100 80GB HBM3, 0 %, 1 MiB, 74.95 W, 26, 345 MHz
2026/09/15 02:18:51.440, 4, GPU-a60182ac-1fbd-0654-4298-7dfab8d789ca, NVIDIA H100 80GB HBM3, 0 %, 1 MiB, 72.41 W, 26, 345 MHz
2026/09/15 02:18:51.442, 5, GPU-11bb96fb-3b4c-98eb-f310-70437157969c, NVIDIA H100 80GB HBM3, 0 %, 1 MiB, 69.33 W, 26, 345 MHz
2026/09/15 02:18:51.445, 6, GPU-7d80084d-f83b-1a50-3007-35e8f2af67c2, NVIDIA H100 80GB HBM3, 0 %, 1 MiB, 70.89 W, 27, 345 MHz
2026/09/15 02:18:51.448, 7, GPU-69cdf81a-1c5b-4e7c-54e2-2dd45eb25e36, NVIDIA H100 80GB HBM3, 0 %, 1 MiB, 70.30 W, 26, 345 MHz
2026/09/15 02:18:52.449, 0, GPU-3d9bae9f-f6a5-a533-682a-2990f19ffa90, NVIDIA H100 80GB HBM3, 0 %, 10082 MiB, 117.49 W, 39, 1980 MHz
2026/09/15 02:18:52.456, 1, GPU-d67482aa-44bc-1a33-2545-de34f4bb6c82, NVIDIA H100 80GB HBM3, 0 %, 1 MiB, 70.76 W, 34, 345 MHz
2026/09/15 02:18:52.458, 2, GPU-6c47d827-68bc-9d8f-448e-55624a5f2f65, NVIDIA H100 80GB HBM3, 0 %, 1 MiB, 71.52 W, 26, 345 MHz
2026/09/15 02:18:52.461, 3, GPU-a481f1cc-7ac4-a6c3-b8a4-eed1d39e45aa, NVIDIA H100 80GB HBM3, 0 %, 1 MiB, 75.03 W, 26, 345 MHz
2026/09/15 02:18:52.469, 4, GPU-a60182ac-1fbd-0654-4298-7dfab8d789ca, NVIDIA H100 80GB HBM3, 0 %, 1 MiB, 72.29 W, 26, 345 MHz
2026/09/15 02:18:52.471, 5, GPU-11bb96fb-3b4c-98eb-f310-70437157969c, NVIDIA H100 80GB HBM3, 0 %, 1 MiB, 69.33 W, 26, 345 MHz
2026/09/15 02:18:52.473, 6, GPU-7d80084d-f83b-1a50-3007-35e8f2af67c2, NVIDIA H100 80GB HBM3, 0 %, 1 MiB, 70.93 W, 27, 345 MHz
2026/09/15 02:18:52.475, 7, GPU-69cdf81a-1c5b-4e7c-54e2-2dd45eb25e36, NVIDIA H100 80GB HBM3, 0 %, 1 MiB, 70.28 W, 26, 345 MHz
2026/09/15 02:18:53.477, 0, GPU-3d9bae9f-f6a5-a533-682a-2990f19ffa90, NVIDIA H100 80GB HBM3, 0 %, 10082 MiB, 117.51 W, 39, 1980 MHz
2026/09/15 02:18:53.504, 1, GPU-d67482aa-44bc-1a33-2545-de34f4bb6c82, NVIDIA H100 80GB HBM3, 0 %, 1 MiB, 70.82 W, 34, 345 MHz
2026/09/15 02:18:53.529, 2, GPU-6c47d827-68bc-9d8f-448e-55624a5f2f65, NVIDIA H100 80GB HBM3, 0 %, 1 MiB, 71.53 W, 26, 345 MHz
2026/09/15 02:18:53.556, 3, GPU-a481f1cc-7ac4-a6c3-b8a4-eed1d39e45aa, NVIDIA H100 80GB HBM3, 0 %, 1 MiB, 75.00 W, 26, 345 MHz
2026/09/15 02:18:53.580, 4, GPU-a60182ac-1fbd-0654-4298-7dfab8d789ca, NVIDIA H100 80GB HBM3, 0 %, 1 MiB, 72.31 W, 26, 345 MHz
2026/09/15 02:18:53.610, 5, GPU-11bb96fb-3b4c-98eb-f310-70437157969c, NVIDIA H100 80GB HBM3, 0 %, 1 MiB, 69.33 W, 26, 345 MHz
2026/09/15 02:18:53.642, 6, GPU-7d80084d-f83b-1a50-3007-35e8f2af67c2, NVIDIA H100 80GB HBM3, 0 %, 1 MiB, 70.87 W, 27, 345 MHz
2026/09/15 02:18:53.646, 7, GPU-69cdf81a-1c5b-4e7c-54e2-2dd45eb25e36, NVIDIA H100 80GB HBM3, 0 %, 1 MiB, 70.35 W, 26, 345 MHz
2026/09/15 02:18:54.648, 0, GPU-3d9bae9f-f6a5-a533-682a-2990f19ffa90, NVIDIA H100 80GB HBM3, 0 %, 10082 MiB, 117.55 W, 39, 1980 MHz
2026/09/15 02:18:54.650, 1, GPU-d67482aa-44bc-1a33-2545-de34f4bb6c82, NVIDIA H100 80GB HBM3, 0 %, 1 MiB, 70.78 W, 34, 345 MHz
2026/09/15 02:18:54.655, 2, GPU-6c47d827-68bc-9d8f-448e-55624a5f2f65, NVIDIA H100 80GB HBM3, 0 %, 1 MiB, 71.51 W, 26, 345 MHz
2026/09/15 02:18:54.657, 3, GPU-a481f1cc-7ac4-a6c3-b8a4-eed1d39e45aa, NVIDIA H100 80GB HBM3, 0 %, 1 MiB, 74.93 W, 26, 345 MHz
2026/09/15 02:18:54.659, 4, GPU-a60182ac-1fbd-0654-4298-7dfab8d789ca, NVIDIA H100 80GB HBM3, 0 %, 1 MiB, 72.52 W, 26, 345 MHz
2026/09/15 02:18:54.670, 5, GPU-11bb96fb-3b4c-98eb-f310-70437157969c, NVIDIA H100 80GB HBM3, 0 %, 1 MiB, 69.34 W, 26, 345 MHz
2026/09/15 02:18:54.672, 6, GPU-7d80084d-f83b-1a50-3007-35e8f2af67c2, NVIDIA H100 80GB HBM3, 0 %, 1 MiB, 70.89 W, 27, 345 MHz
2026/09/15 02:18:54.674, 7, GPU-69cdf81a-1c5b-4e7c-54e2-2dd45eb25e36, NVIDIA H100 80GB HBM3, 0 %, 1 MiB, 70.34 W, 26, 345 MHz
2026/09/15 02:18:55.676, 0, GPU-3d9bae9f-f6a5-a533-682a-2990f19ffa90, NVIDIA H100 80GB HBM3, 0 %, 10082 MiB, 117.54 W, 39, 1980 MHz
2026/09/15 02:18:55.679, 1, GPU-d67482aa-44bc-1a33-2545-de34f4bb6c82, NVIDIA H100 80GB HBM3, 0 %, 1 MiB, 70.74 W, 34, 345 MHz
2026/09/15 02:18:55.681, 2, GPU-6c47d827-68bc-9d8f-448e-55624a5f2f65, NVIDIA H100 80GB HBM3, 0 %, 1 MiB, 71.53 W, 26, 345 MHz
2026/09/15 02:18:55.684, 3, GPU-a481f1cc-7ac4-a6c3-b8a4-eed1d39e45aa, NVIDIA H100 80GB HBM3, 0 %, 1 MiB, 74.93 W, 26, 345 MHz
2026/09/15 02:18:55.686, 4, GPU-a60182ac-1fbd-0654-4298-7dfab8d789ca, NVIDIA H100 80GB HBM3, 0 %, 1 MiB, 72.31 W, 26, 345 MHz
2026/09/15 02:18:55.688, 5, GPU-11bb96fb-3b4c-98eb-f310-70437157969c, NVIDIA H100 80GB HBM3, 0 %, 1 MiB, 69.32 W, 26, 345 MHz
2026/09/15 02:18:55.690, 6, GPU-7d80084d-f83b-1a50-3007-35e8f2af67c2, NVIDIA H100 80GB HBM3, 0 %, 1 MiB, 70.90 W, 27, 345 MHz
2026/09/15 02:18:55.692, 7, GPU-69cdf81a-1c5b-4e7c-54e2-2dd45eb25e36, NVIDIA H100 80GB HBM3, 0 %, 1 MiB, 70.34 W, 26, 345 MHz
2026/09/15 02:18:56.694, 0, GPU-3d9bae9f-f6a5-a533-682a-2990f19ffa90, NVIDIA H100 80GB HBM3, 0 %, 10082 MiB, 117.51 W, 39, 1980 MHz
2026/09/15 02:18:56.696, 1, GPU-d67482aa-44bc-1a33-2545-de34f4bb6c82, NVIDIA H100 80GB HBM3, 0 %, 1 MiB, 70.79 W, 34, 345 MHz
2026/09/15 02:18:56.698, 2, GPU-6c47d827-68bc-9d8f-448e-55624a5f2f65, NVIDIA H100 80GB HBM3, 0 %, 1 MiB, 71.53 W, 26, 345 MHz
2026/09/15 02:18:56.707, 3, GPU-a481f1cc-7ac4-a6c3-b8a4-eed1d39e45aa, NVIDIA H100 80GB HBM3, 0 %, 1 MiB, 74.96 W, 26, 345 MHz
2026/09/15 02:18:56.709, 4, GPU-a60182ac-1fbd-0654-4298-7dfab8d789ca, NVIDIA H100 80GB HBM3, 0 %, 1 MiB, 72.48 W, 26, 345 MHz
2026/09/15 02:18:56.711, 5, GPU-11bb96fb-3b4c-98eb-f310-70437157969c, NVIDIA H100 80GB HBM3, 0 %, 1 MiB, 69.31 W, 26, 345 MHz
2026/09/15 02:18:56.714, 6, GPU-7d80084d-f83b-1a50-3007-35e8f2af67c2, NVIDIA H100 80GB HBM3, 0 %, 1 MiB, 70.88 W, 27, 345 MHz
2026/09/15 02:18:56.716, 7, GPU-69cdf81a-1c5b-4e7c-54e2-2dd45eb25e36, NVIDIA H100 80GB HBM3, 0 %, 1 MiB, 70.30 W, 26, 345 MHz
2026/09/15 02:18:57.719, 0, GPU-3d9bae9f-f6a5-a533-682a-2990f19ffa90, NVIDIA H100 80GB HBM3, 0 %, 10082 MiB, 117.54 W, 39, 1980 MHz
2026/09/15 02:18:57.741, 1, GPU-d67482aa-44bc-1a33-2545-de34f4bb6c82, NVIDIA H100 80GB HBM3, 0 %, 1 MiB, 70.78 W, 34, 345 MHz
2026/09/15 02:18:57.780, 2, GPU-6c47d827-68bc-9d8f-448e-55624a5f2f65, NVIDIA H100 80GB HBM3, 0 %, 1 MiB, 71.55 W, 26, 345 MHz
2026/09/15 02:18:57.810, 3, GPU-a481f1cc-7ac4-a6c3-b8a4-eed1d39e45aa, NVIDIA H100 80GB HBM3, 0 %, 1 MiB, 75.00 W, 26, 345 MHz
2026/09/15 02:18:57.842, 4, GPU-a60182ac-1fbd-0654-4298-7dfab8d789ca, NVIDIA H100 80GB HBM3, 0 %, 1 MiB, 72.49 W, 26, 345 MHz
2026/09/15 02:18:57.896, 5, GPU-11bb96fb-3b4c-98eb-f310-70437157969c, NVIDIA H100 80GB HBM3, 0 %, 1 MiB, 69.33 W, 26, 345 MHz
2026/09/15 02:18:57.932, 6, GPU-7d80084d-f83b-1a50-3007-35e8f2af67c2, NVIDIA H100 80GB HBM3, 0 %, 1 MiB, 70.91 W, 27, 345 MHz
2026/09/15 02:18:58.021, 7, GPU-69cdf81a-1c5b-4e7c-54e2-2dd45eb25e36, NVIDIA H100 80GB HBM3, 0 %, 1 MiB, 70.29 W, 26, 345 MHz
2026/09/15 02:18:59.031, 0, GPU-3d9bae9f-f6a5-a533-682a-2990f19ffa90, NVIDIA H100 80GB HBM3, 0 %, 10082 MiB, 117.53 W, 39, 1980 MHz
2026/09/15 02:18:59.033, 1, GPU-d67482aa-44bc-1a33-2545-de34f4bb6c82, NVIDIA H100 80GB HBM3, 0 %, 1 MiB, 70.78 W, 34, 345 MHz
2026/09/15 02:18:59.035, 2, GPU-6c47d827-68bc-9d8f-448e-55624a5f2f65, NVIDIA H100 80GB HBM3, 0 %, 1 MiB, 71.55 W, 26, 345 MHz
2026/09/15 02:18:59.037, 3, GPU-a481f1cc-7ac4-a6c3-b8a4-eed1d39e45aa, NVIDIA H100 80GB HBM3, 0 %, 1 MiB, 75.00 W, 26, 345 MHz
2026/09/15 02:18:59.038, 4, GPU-a60182ac-1fbd-0654-4298-7dfab8d789ca, NVIDIA H100 80GB HBM3, 0 %, 1 MiB, 72.25 W, 26, 345 MHz
2026/09/15 02:18:59.040, 5, GPU-11bb96fb-3b4c-98eb-f310-70437157969c, NVIDIA H100 80GB HBM3, 0 %, 1 MiB, 69.32 W, 26, 345 MHz
2026/09/15 02:18:59.065, 6, GPU-7d80084d-f83b-1a50-3007-35e8f2af67c2, NVIDIA H100 80GB HBM3, 0 %, 1 MiB, 70.89 W, 27, 345 MHz
2026/09/15 02:18:59.068, 7, GPU-69cdf81a-1c5b-4e7c-54e2-2dd45eb25e36, NVIDIA H100 80GB HBM3, 0 %, 1 MiB, 70.30 W, 26, 345 MHz
2026/09/15 02:19:00.073, 0, GPU-3d9bae9f-f6a5-a533-682a-2990f19ffa90, NVIDIA H100 80GB HBM3, 0 %, 10082 MiB, 117.51 W, 39, 1980 MHz
2026/09/15 02:19:00.075, 1, GPU-d67482aa-44bc-1a33-2545-de34f4bb6c82, NVIDIA H100 80GB HBM3, 0 %, 1 MiB, 70.76 W, 34, 345 MHz
2026/09/15 02:19:00.076, 2, GPU-6c47d827-68bc-9d8f-448e-55624a5f2f65, NVIDIA H100 80GB HBM3, 0 %, 1 MiB, 71.50 W, 26, 345 MHz
2026/09/15 02:19:00.078, 3, GPU-a481f1cc-7ac4-a6c3-b8a4-eed1d39e45aa, NVIDIA H100 80GB HBM3, 0 %, 1 MiB, 74.98 W, 26, 345 MHz
2026/09/15 02:19:00.080, 4, GPU-a60182ac-1fbd-0654-4298-7dfab8d789ca, NVIDIA H100 80GB HBM3, 0 %, 1 MiB, 72.40 W, 26, 345 MHz
2026/09/15 02:19:00.081, 5, GPU-11bb96fb-3b4c-98eb-f310-70437157969c, NVIDIA H100 80GB HBM3, 0 %, 1 MiB, 69.33 W, 26, 345 MHz
2026/09/15 02:19:00.083, 6, GPU-7d80084d-f83b-1a50-3007-35e8f2af67c2, NVIDIA H100 80GB HBM3, 0 %, 1 MiB, 70.88 W, 27, 345 MHz
2026/09/15 02:19:00.084, 7, GPU-69cdf81a-1c5b-4e7c-54e2-2dd45eb25e36, NVIDIA H100 80GB HBM3, 0 %, 1 MiB, 70.33 W, 26, 345 MHz
2026/09/15 02:19:01.086, 0, GPU-3d9bae9f-f6a5-a533-682a-2990f19ffa90, NVIDIA H100 80GB HBM3, 0 %, 10082 MiB, 117.51 W, 39, 1980 MHz
2026/09/15 02:19:01.088, 1, GPU-d67482aa-44bc-1a33-2545-de34f4bb6c82, NVIDIA H100 80GB HBM3, 0 %, 1 MiB, 70.79 W, 34, 345 MHz
2026/09/15 02:19:01.090, 2, GPU-6c47d827-68bc-9d8f-448e-55624a5f2f65, NVIDIA H100 80GB HBM3, 0 %, 1 MiB, 71.52 W, 26, 345 MHz
2026/09/15 02:19:01.091, 3, GPU-a481f1cc-7ac4-a6c3-b8a4-eed1d39e45aa, NVIDIA H100 80GB HBM3, 0 %, 1 MiB, 74.99 W, 26, 345 MHz
2026/09/15 02:19:01.093, 4, GPU-a60182ac-1fbd-0654-4298-7dfab8d789ca, NVIDIA H100 80GB HBM3, 0 %, 1 MiB, 72.28 W, 26, 345 MHz
2026/09/15 02:19:01.094, 5, GPU-11bb96fb-3b4c-98eb-f310-70437157969c, NVIDIA H100 80GB HBM3, 0 %, 1 MiB, 69.33 W, 26, 345 MHz
2026/09/15 02:19:01.096, 6, GPU-7d80084d-f83b-1a50-3007-35e8f2af67c2, NVIDIA H100 80GB HBM3, 0 %, 1 MiB, 70.93 W, 28, 345 MHz
2026/09/15 02:19:01.097, 7, GPU-69cdf81a-1c5b-4e7c-54e2-2dd45eb25e36, NVIDIA H100 80GB HBM3, 0 %, 1 MiB, 70.31 W, 26, 345 MHz
2026/09/15 02:19:02.099, 0, GPU-3d9bae9f-f6a5-a533-682a-2990f19ffa90, NVIDIA H100 80GB HBM3, 0 %, 10082 MiB, 117.50 W, 39, 1980 MHz
2026/09/15 02:19:02.101, 1, GPU-d67482aa-44bc-1a33-2545-de34f4bb6c82, NVIDIA H100 80GB HBM3, 0 %, 1 MiB, 70.82 W, 34, 345 MHz
2026/09/15 02:19:02.102, 2, GPU-6c47d827-68bc-9d8f-448e-55624a5f2f65, NVIDIA H100 80GB HBM3, 0 %, 1 MiB, 71.49 W, 26, 345 MHz
2026/09/15 02:19:02.107, 3, GPU-a481f1cc-7ac4-a6c3-b8a4-eed1d39e45aa, NVIDIA H100 80GB HBM3, 0 %, 1 MiB, 75.01 W, 26, 345 MHz
2026/09/15 02:19:02.108, 4, GPU-a60182ac-1fbd-0654-4298-7dfab8d789ca, NVIDIA H100 80GB HBM3, 0 %, 1 MiB, 72.42 W, 26, 345 MHz
2026/09/15 02:19:02.110, 5, GPU-11bb96fb-3b4c-98eb-f310-70437157969c, NVIDIA H100 80GB HBM3, 0 %, 1 MiB, 69.30 W, 26, 345 MHz
2026/09/15 02:19:02.111, 6, GPU-7d80084d-f83b-1a50-3007-35e8f2af67c2, NVIDIA H100 80GB HBM3, 0 %, 1 MiB, 70.93 W, 27, 345 MHz
2026/09/15 02:19:02.113, 7, GPU-69cdf81a-1c5b-4e7c-54e2-2dd45eb25e36, NVIDIA H100 80GB HBM3, 0 %, 1 MiB, 70.27 W, 26, 345 MHz
2026/09/15 02:19:03.117, 0, GPU-3d9bae9f-f6a5-a533-682a-2990f19ffa90, NVIDIA H100 80GB HBM3, 0 %, 10082 MiB, 117.55 W, 39, 1980 MHz
2026/09/15 02:19:03.120, 1, GPU-d67482aa-44bc-1a33-2545-de34f4bb6c82, NVIDIA H100 80GB HBM3, 0 %, 1 MiB, 70.78 W, 34, 345 MHz
2026/09/15 02:19:03.122, 2, GPU-6c47d827-68bc-9d8f-448e-55624a5f2f65, NVIDIA H100 80GB HBM3, 0 %, 1 MiB, 71.53 W, 26, 345 MHz
2026/09/15 02:19:03.124, 3, GPU-a481f1cc-7ac4-a6c3-b8a4-eed1d39e45aa, NVIDIA H100 80GB HBM3, 0 %, 1 MiB, 74.95 W, 26, 345 MHz
2026/09/15 02:19:03.126, 4, GPU-a60182ac-1fbd-0654-4298-7dfab8d789ca, NVIDIA H100 80GB HBM3, 0 %, 1 MiB, 72.39 W, 26, 345 MHz
2026/09/15 02:19:03.127, 5, GPU-11bb96fb-3b4c-98eb-f310-70437157969c, NVIDIA H100 80GB HBM3, 0 %, 1 MiB, 69.33 W, 26, 345 MHz
2026/09/15 02:19:03.129, 6, GPU-7d80084d-f83b-1a50-3007-35e8f2af67c2, NVIDIA H100 80GB HBM3, 0 %, 1 MiB, 70.85 W, 27, 345 MHz
2026/09/15 02:19:03.130, 7, GPU-69cdf81a-1c5b-4e7c-54e2-2dd45eb25e36, NVIDIA H100 80GB HBM3, 0 %, 1 MiB, 70.32 W, 26, 345 MHz
2026/09/15 02:19:04.133, 0, GPU-3d9bae9f-f6a5-a533-682a-2990f19ffa90, NVIDIA H100 80GB HBM3, 0 %, 10082 MiB, 117.51 W, 39, 1980 MHz
2026/09/15 02:19:04.134, 1, GPU-d67482aa-44bc-1a33-2545-de34f4bb6c82, NVIDIA H100 80GB HBM3, 0 %, 1 MiB, 70.79 W, 34, 345 MHz
2026/09/15 02:19:04.136, 2, GPU-6c47d827-68bc-9d8f-448e-55624a5f2f65, NVIDIA H100 80GB HBM3, 0 %, 1 MiB, 71.53 W, 26, 345 MHz
2026/09/15 02:19:04.138, 3, GPU-a481f1cc-7ac4-a6c3-b8a4-eed1d39e45aa, NVIDIA H100 80GB HBM3, 0 %, 1 MiB, 74.98 W, 26, 345 MHz
2026/09/15 02:19:04.139, 4, GPU-a60182ac-1fbd-0654-4298-7dfab8d789ca, NVIDIA H100 80GB HBM3, 0 %, 1 MiB, 72.36 W, 26, 345 MHz
2026/09/15 02:19:04.140, 5, GPU-11bb96fb-3b4c-98eb-f310-70437157969c, NVIDIA H100 80GB HBM3, 0 %, 1 MiB, 69.39 W, 26, 345 MHz
2026/09/15 02:19:04.142, 6, GPU-7d80084d-f83b-1a50-3007-35e8f2af67c2, NVIDIA H100 80GB HBM3, 0 %, 1 MiB, 70.88 W, 27, 345 MHz
2026/09/15 02:19:04.144, 7, GPU-69cdf81a-1c5b-4e7c-54e2-2dd45eb25e36, NVIDIA H100 80GB HBM3, 0 %, 1 MiB, 70.32 W, 26, 345 MHz
2026/09/15 02:19:05.145, 0, GPU-3d9bae9f-f6a5-a533-682a-2990f19ffa90, NVIDIA H100 80GB HBM3, 0 %, 10082 MiB, 117.54 W, 39, 1980 MHz
2026/09/15 02:19:05.156, 1, GPU-d67482aa-44bc-1a33-2545-de34f4bb6c82, NVIDIA H100 80GB HBM3, 0 %, 1 MiB, 70.79 W, 34, 345 MHz
2026/09/15 02:19:05.207, 2, GPU-6c47d827-68bc-9d8f-448e-55624a5f2f65, NVIDIA H100 80GB HBM3, 0 %, 1 MiB, 71.54 W, 26, 345 MHz
2026/09/15 02:19:05.248, 3, GPU-a481f1cc-7ac4-a6c3-b8a4-eed1d39e45aa, NVIDIA H100 80GB HBM3, 0 %, 1 MiB, 75.00 W, 26, 345 MHz
2026/09/15 02:19:05.250, 4, GPU-a60182ac-1fbd-0654-4298-7dfab8d789ca, NVIDIA H100 80GB HBM3, 0 %, 1 MiB, 72.50 W, 26, 345 MHz
2026/09/15 02:19:05.253, 5, GPU-11bb96fb-3b4c-98eb-f310-70437157969c, NVIDIA H100 80GB HBM3, 0 %, 1 MiB, 69.35 W, 26, 345 MHz
2026/09/15 02:19:05.264, 6, GPU-7d80084d-f83b-1a50-3007-35e8f2af67c2, NVIDIA H100 80GB HBM3, 0 %, 1 MiB, 70.88 W, 27, 345 MHz
2026/09/15 02:19:05.269, 7, GPU-69cdf81a-1c5b-4e7c-54e2-2dd45eb25e36, NVIDIA H100 80GB HBM3, 0 %, 1 MiB, 70.33 W, 26, 345 MHz
2026/09/15 02:19:06.271, 0, GPU-3d9bae9f-f6a5-a533-682a-2990f19ffa90, NVIDIA H100 80GB HBM3, 0 %, 10082 MiB, 117.54 W, 39, 1980 MHz
2026/09/15 02:19:06.274, 1, GPU-d67482aa-44bc-1a33-2545-de34f4bb6c82, NVIDIA H100 80GB HBM3, 0 %, 1 MiB, 70.82 W, 34, 345 MHz
2026/09/15 02:19:06.276, 2, GPU-6c47d827-68bc-9d8f-448e-55624a5f2f65, NVIDIA H100 80GB HBM3, 0 %, 1 MiB, 71.50 W, 26, 345 MHz
2026/09/15 02:19:06.279, 3, GPU-a481f1cc-7ac4-a6c3-b8a4-eed1d39e45aa, NVIDIA H100 80GB HBM3, 0 %, 1 MiB, 75.00 W, 26, 345 MHz
2026/09/15 02:19:06.281, 4, GPU-a60182ac-1fbd-0654-4298-7dfab8d789ca, NVIDIA H100 80GB HBM3, 0 %, 1 MiB, 72.23 W, 26, 345 MHz
2026/09/15 02:19:06.283, 5, GPU-11bb96fb-3b4c-98eb-f310-70437157969c, NVIDIA H100 80GB HBM3, 0 %, 1 MiB, 69.32 W, 26, 345 MHz
2026/09/15 02:19:06.286, 6, GPU-7d80084d-f83b-1a50-3007-35e8f2af67c2, NVIDIA H100 80GB HBM3, 0 %, 1 MiB, 70.90 W, 27, 345 MHz
2026/09/15 02:19:06.288, 7, GPU-69cdf81a-1c5b-4e7c-54e2-2dd45eb25e36, NVIDIA H100 80GB HBM3, 0 %, 1 MiB, 70.28 W, 26, 345 MHz
2026/09/15 02:19:07.289, 0, GPU-3d9bae9f-f6a5-a533-682a-2990f19ffa90, NVIDIA H100 80GB HBM3, 0 %, 10082 MiB, 117.53 W, 39, 1980 MHz
2026/09/15 02:19:07.294, 1, GPU-d67482aa-44bc-1a33-2545-de34f4bb6c82, NVIDIA H100 80GB HBM3, 0 %, 1 MiB, 70.78 W, 34, 345 MHz
2026/09/15 02:19:07.296, 2, GPU-6c47d827-68bc-9d8f-448e-55624a5f2f65, NVIDIA H100 80GB HBM3, 0 %, 1 MiB, 71.50 W, 26, 345 MHz
2026/09/15 02:19:07.308, 3, GPU-a481f1cc-7ac4-a6c3-b8a4-eed1d39e45aa, NVIDIA H100 80GB HBM3, 0 %, 1 MiB, 74.94 W, 26, 345 MHz
2026/09/15 02:19:07.310, 4, GPU-a60182ac-1fbd-0654-4298-7dfab8d789ca, NVIDIA H100 80GB HBM3, 0 %, 1 MiB, 72.49 W, 26, 345 MHz
2026/09/15 02:19:07.313, 5, GPU-11bb96fb-3b4c-98eb-f310-70437157969c, NVIDIA H100 80GB HBM3, 0 %, 1 MiB, 69.35 W, 26, 345 MHz
2026/09/15 02:19:07.315, 6, GPU-7d80084d-f83b-1a50-3007-35e8f2af67c2, NVIDIA H100 80GB HBM3, 0 %, 1 MiB, 70.91 W, 28, 345 MHz
2026/09/15 02:19:07.317, 7, GPU-69cdf81a-1c5b-4e7c-54e2-2dd45eb25e36, NVIDIA H100 80GB HBM3, 0 %, 1 MiB, 70.32 W, 26, 345 MHz
2026/09/15 02:19:08.320, 0, GPU-3d9bae9f-f6a5-a533-682a-2990f19ffa90, NVIDIA H100 80GB HBM3, 0 %, 10082 MiB, 117.54 W, 39, 1980 MHz
2026/09/15 02:19:08.322, 1, GPU-d67482aa-44bc-1a33-2545-de34f4bb6c82, NVIDIA H100 80GB HBM3, 0 %, 1 MiB, 70.80 W, 34, 345 MHz
2026/09/15 02:19:08.326, 2, GPU-6c47d827-68bc-9d8f-448e-55624a5f2f65, NVIDIA H100 80GB HBM3, 0 %, 1 MiB, 71.55 W, 26, 345 MHz
2026/09/15 02:19:08.329, 3, GPU-a481f1cc-7ac4-a6c3-b8a4-eed1d39e45aa, NVIDIA H100 80GB HBM3, 0 %, 1 MiB, 74.99 W, 26, 345 MHz
2026/09/15 02:19:08.337, 4, GPU-a60182ac-1fbd-0654-4298-7dfab8d789ca, NVIDIA H100 80GB HBM3, 0 %, 1 MiB, 72.27 W, 26, 345 MHz
2026/09/15 02:19:08.340, 5, GPU-11bb96fb-3b4c-98eb-f310-70437157969c, NVIDIA H100 80GB HBM3, 0 %, 1 MiB, 69.32 W, 26, 345 MHz
2026/09/15 02:19:08.342, 6, GPU-7d80084d-f83b-1a50-3007-35e8f2af67c2, NVIDIA H100 80GB HBM3, 0 %, 1 MiB, 70.84 W, 28, 345 MHz
2026/09/15 02:19:08.345, 7, GPU-69cdf81a-1c5b-4e7c-54e2-2dd45eb25e36, NVIDIA H100 80GB HBM3, 0 %, 1 MiB, 70.37 W, 26, 345 MHz
2026/09/15 02:19:09.347, 0, GPU-3d9bae9f-f6a5-a533-682a-2990f19ffa90, NVIDIA H100 80GB HBM3, 0 %, 10082 MiB, 117.54 W, 39, 1980 MHz
2026/09/15 02:19:09.361, 1, GPU-d67482aa-44bc-1a33-2545-de34f4bb6c82, NVIDIA H100 80GB HBM3, 0 %, 1 MiB, 70.79 W, 34, 345 MHz
2026/09/15 02:19:09.390, 2, GPU-6c47d827-68bc-9d8f-448e-55624a5f2f65, NVIDIA H100 80GB HBM3, 0 %, 1 MiB, 71.54 W, 26, 345 MHz
2026/09/15 02:19:09.427, 3, GPU-a481f1cc-7ac4-a6c3-b8a4-eed1d39e45aa, NVIDIA H100 80GB HBM3, 0 %, 1 MiB, 75.00 W, 26, 345 MHz
2026/09/15 02:19:09.462, 4, GPU-a60182ac-1fbd-0654-4298-7dfab8d789ca, NVIDIA H100 80GB HBM3, 0 %, 1 MiB, 72.32 W, 26, 345 MHz
2026/09/15 02:19:09.493, 5, GPU-11bb96fb-3b4c-98eb-f310-70437157969c, NVIDIA H100 80GB HBM3, 0 %, 1 MiB, 69.37 W, 26, 345 MHz
2026/09/15 02:19:09.525, 6, GPU-7d80084d-f83b-1a50-3007-35e8f2af67c2, NVIDIA H100 80GB HBM3, 0 %, 1 MiB, 70.89 W, 27, 345 MHz
2026/09/15 02:19:09.551, 7, GPU-69cdf81a-1c5b-4e7c-54e2-2dd45eb25e36, NVIDIA H100 80GB HBM3, 0 %, 1 MiB, 70.40 W, 26, 345 MHz
2026/09/15 02:19:10.578, 0, GPU-3d9bae9f-f6a5-a533-682a-2990f19ffa90, NVIDIA H100 80GB HBM3, 0 %, 10082 MiB, 117.53 W, 39, 1980 MHz
2026/09/15 02:19:10.580, 1, GPU-d67482aa-44bc-1a33-2545-de34f4bb6c82, NVIDIA H100 80GB HBM3, 0 %, 1 MiB, 70.77 W, 34, 345 MHz
2026/09/15 02:19:10.583, 2, GPU-6c47d827-68bc-9d8f-448e-55624a5f2f65, NVIDIA H100 80GB HBM3, 0 %, 1 MiB, 71.54 W, 26, 345 MHz
2026/09/15 02:19:10.586, 3, GPU-a481f1cc-7ac4-a6c3-b8a4-eed1d39e45aa, NVIDIA H100 80GB HBM3, 0 %, 1 MiB, 75.02 W, 26, 345 MHz
2026/09/15 02:19:10.587, 4, GPU-a60182ac-1fbd-0654-4298-7dfab8d789ca, NVIDIA H100 80GB HBM3, 0 %, 1 MiB, 72.41 W, 26, 345 MHz
2026/09/15 02:19:10.590, 5, GPU-11bb96fb-3b4c-98eb-f310-70437157969c, NVIDIA H100 80GB HBM3, 0 %, 1 MiB, 69.35 W, 26, 345 MHz
2026/09/15 02:19:10.593, 6, GPU-7d80084d-f83b-1a50-3007-35e8f2af67c2, NVIDIA H100 80GB HBM3, 0 %, 1 MiB, 70.87 W, 28, 345 MHz
2026/09/15 02:19:10.595, 7, GPU-69cdf81a-1c5b-4e7c-54e2-2dd45eb25e36, NVIDIA H100 80GB HBM3, 0 %, 1 MiB, 70.31 W, 26, 345 MHz
2026/09/15 02:19:11.597, 0, GPU-3d9bae9f-f6a5-a533-682a-2990f19ffa90, NVIDIA H100 80GB HBM3, 0 %, 10082 MiB, 117.56 W, 39, 1980 MHz
2026/09/15 02:19:11.598, 1, GPU-d67482aa-44bc-1a33-2545-de34f4bb6c82, NVIDIA H100 80GB HBM3, 0 %, 1 MiB, 70.77 W, 34, 345 MHz
2026/09/15 02:19:11.600, 2, GPU-6c47d827-68bc-9d8f-448e-55624a5f2f65, NVIDIA H100 80GB HBM3, 0 %, 1 MiB, 71.52 W, 26, 345 MHz
2026/09/15 02:19:11.607, 3, GPU-a481f1cc-7ac4-a6c3-b8a4-eed1d39e45aa, NVIDIA H100 80GB HBM3, 0 %, 1 MiB, 74.96 W, 26, 345 MHz
2026/09/15 02:19:11.608, 4, GPU-a60182ac-1fbd-0654-4298-7dfab8d789ca, NVIDIA H100 80GB HBM3, 0 %, 1 MiB, 72.26 W, 26, 345 MHz
2026/09/15 02:19:11.612, 5, GPU-11bb96fb-3b4c-98eb-f310-70437157969c, NVIDIA H100 80GB HBM3, 0 %, 1 MiB, 69.30 W, 26, 345 MHz
2026/09/15 02:19:11.614, 6, GPU-7d80084d-f83b-1a50-3007-35e8f2af67c2, NVIDIA H100 80GB HBM3, 0 %, 1 MiB, 70.89 W, 28, 345 MHz
2026/09/15 02:19:11.615, 7, GPU-69cdf81a-1c5b-4e7c-54e2-2dd45eb25e36, NVIDIA H100 80GB HBM3, 0 %, 1 MiB, 70.31 W, 26, 345 MHz
2026/09/15 02:19:12.619, 0, GPU-3d9bae9f-f6a5-a533-682a-2990f19ffa90, NVIDIA H100 80GB HBM3, 0 %, 10082 MiB, 117.52 W, 39, 1980 MHz
2026/09/15 02:19:12.621, 1, GPU-d67482aa-44bc-1a33-2545-de34f4bb6c82, NVIDIA H100 80GB HBM3, 0 %, 1 MiB, 70.76 W, 34, 345 MHz
2026/09/15 02:19:12.623, 2, GPU-6c47d827-68bc-9d8f-448e-55624a5f2f65, NVIDIA H100 80GB HBM3, 0 %, 1 MiB, 71.52 W, 26, 345 MHz
2026/09/15 02:19:12.624, 3, GPU-a481f1cc-7ac4-a6c3-b8a4-eed1d39e45aa, NVIDIA H100 80GB HBM3, 0 %, 1 MiB, 74.96 W, 26, 345 MHz
2026/09/15 02:19:12.627, 4, GPU-a60182ac-1fbd-0654-4298-7dfab8d789ca, NVIDIA H100 80GB HBM3, 0 %, 1 MiB, 72.44 W, 26, 345 MHz
2026/09/15 02:19:12.629, 5, GPU-11bb96fb-3b4c-98eb-f310-70437157969c, NVIDIA H100 80GB HBM3, 0 %, 1 MiB, 69.33 W, 26, 345 MHz
2026/09/15 02:19:12.630, 6, GPU-7d80084d-f83b-1a50-3007-35e8f2af67c2, NVIDIA H100 80GB HBM3, 0 %, 1 MiB, 70.90 W, 28, 345 MHz
2026/09/15 02:19:12.631, 7, GPU-69cdf81a-1c5b-4e7c-54e2-2dd45eb25e36, NVIDIA H100 80GB HBM3, 0 %, 1 MiB, 70.30 W, 26, 345 MHz
2026/09/15 02:19:13.633, 0, GPU-3d9bae9f-f6a5-a533-682a-2990f19ffa90, NVIDIA H100 80GB HBM3, 0 %, 10082 MiB, 117.55 W, 39, 1980 MHz
2026/09/15 02:19:13.653, 1, GPU-d67482aa-44bc-1a33-2545-de34f4bb6c82, NVIDIA H100 80GB HBM3, 0 %, 1 MiB, 70.80 W, 34, 345 MHz
2026/09/15 02:19:13.655, 2, GPU-6c47d827-68bc-9d8f-448e-55624a5f2f65, NVIDIA H100 80GB HBM3, 0 %, 1 MiB, 71.54 W, 26, 345 MHz
2026/09/15 02:19:13.658, 3, GPU-a481f1cc-7ac4-a6c3-b8a4-eed1d39e45aa, NVIDIA H100 80GB HBM3, 0 %, 1 MiB, 75.00 W, 26, 345 MHz
2026/09/15 02:19:13.660, 4, GPU-a60182ac-1fbd-0654-4298-7dfab8d789ca, NVIDIA H100 80GB HBM3, 0 %, 1 MiB, 72.26 W, 26, 345 MHz
2026/09/15 02:19:13.670, 5, GPU-11bb96fb-3b4c-98eb-f310-70437157969c, NVIDIA H100 80GB HBM3, 0 %, 1 MiB, 69.30 W, 26, 345 MHz
2026/09/15 02:19:13.672, 6, GPU-7d80084d-f83b-1a50-3007-35e8f2af67c2, NVIDIA H100 80GB HBM3, 0 %, 1 MiB, 70.91 W, 28, 345 MHz
2026/09/15 02:19:13.675, 7, GPU-69cdf81a-1c5b-4e7c-54e2-2dd45eb25e36, NVIDIA H100 80GB HBM3, 0 %, 1 MiB, 70.31 W, 26, 345 MHz
2026/09/15 02:19:14.677, 0, GPU-3d9bae9f-f6a5-a533-682a-2990f19ffa90, NVIDIA H100 80GB HBM3, 0 %, 10082 MiB, 117.52 W, 39, 1980 MHz
2026/09/15 02:19:14.679, 1, GPU-d67482aa-44bc-1a33-2545-de34f4bb6c82, NVIDIA H100 80GB HBM3, 0 %, 1 MiB, 70.82 W, 34, 345 MHz
2026/09/15 02:19:14.681, 2, GPU-6c47d827-68bc-9d8f-448e-55624a5f2f65, NVIDIA H100 80GB HBM3, 0 %, 1 MiB, 71.56 W, 26, 345 MHz
2026/09/15 02:19:14.683, 3, GPU-a481f1cc-7ac4-a6c3-b8a4-eed1d39e45aa, NVIDIA H100 80GB HBM3, 0 %, 1 MiB, 74.97 W, 26, 345 MHz
2026/09/15 02:19:14.686, 4, GPU-a60182ac-1fbd-0654-4298-7dfab8d789ca, NVIDIA H100 80GB HBM3, 0 %, 1 MiB, 72.36 W, 26, 345 MHz
2026/09/15 02:19:14.691, 5, GPU-11bb96fb-3b4c-98eb-f310-70437157969c, NVIDIA H100 80GB HBM3, 0 %, 1 MiB, 69.33 W, 26, 345 MHz
2026/09/15 02:19:14.694, 6, GPU-7d80084d-f83b-1a50-3007-35e8f2af67c2, NVIDIA H100 80GB HBM3, 0 %, 1 MiB, 70.88 W, 28, 345 MHz
2026/09/15 02:19:14.697, 7, GPU-69cdf81a-1c5b-4e7c-54e2-2dd45eb25e36, NVIDIA H100 80GB HBM3, 0 %, 1 MiB, 70.33 W, 26, 345 MHz
2026/09/15 02:19:15.699, 0, GPU-3d9bae9f-f6a5-a533-682a-2990f19ffa90, NVIDIA H100 80GB HBM3, 0 %, 10082 MiB, 117.56 W, 39, 1980 MHz
2026/09/15 02:19:15.701, 1, GPU-d67482aa-44bc-1a33-2545-de34f4bb6c82, NVIDIA H100 80GB HBM3, 0 %, 1 MiB, 70.76 W, 34, 345 MHz
2026/09/15 02:19:15.703, 2, GPU-6c47d827-68bc-9d8f-448e-55624a5f2f65, NVIDIA H100 80GB HBM3, 0 %, 1 MiB, 71.56 W, 26, 345 MHz
2026/09/15 02:19:15.708, 3, GPU-a481f1cc-7ac4-a6c3-b8a4-eed1d39e45aa, NVIDIA H100 80GB HBM3, 0 %, 1 MiB, 75.01 W, 26, 345 MHz
2026/09/15 02:19:15.710, 4, GPU-a60182ac-1fbd-0654-4298-7dfab8d789ca, NVIDIA H100 80GB HBM3, 0 %, 1 MiB, 72.30 W, 26, 345 MHz
2026/09/15 02:19:15.712, 5, GPU-11bb96fb-3b4c-98eb-f310-70437157969c, NVIDIA H100 80GB HBM3, 0 %, 1 MiB, 69.33 W, 26, 345 MHz
2026/09/15 02:19:15.715, 6, GPU-7d80084d-f83b-1a50-3007-35e8f2af67c2, NVIDIA H100 80GB HBM3, 0 %, 1 MiB, 70.92 W, 28, 345 MHz
2026/09/15 02:19:15.719, 7, GPU-69cdf81a-1c5b-4e7c-54e2-2dd45eb25e36, NVIDIA H100 80GB HBM3, 0 %, 1 MiB, 70.38 W, 26, 345 MHz
2026/09/15 02:19:16.721, 0, GPU-3d9bae9f-f6a5-a533-682a-2990f19ffa90, NVIDIA H100 80GB HBM3, 0 %, 10082 MiB, 117.54 W, 39, 1980 MHz
2026/09/15 02:19:16.732, 1, GPU-d67482aa-44bc-1a33-2545-de34f4bb6c82, NVIDIA H100 80GB HBM3, 0 %, 1 MiB, 70.79 W, 34, 345 MHz
2026/09/15 02:19:16.762, 2, GPU-6c47d827-68bc-9d8f-448e-55624a5f2f65, NVIDIA H100 80GB HBM3, 0 %, 1 MiB, 71.51 W, 26, 345 MHz
2026/09/15 02:19:16.791, 3, GPU-a481f1cc-7ac4-a6c3-b8a4-eed1d39e45aa, NVIDIA H100 80GB HBM3, 0 %, 1 MiB, 75.00 W, 26, 345 MHz
2026/09/15 02:19:16.816, 4, GPU-a60182ac-1fbd-0654-4298-7dfab8d789ca, NVIDIA H100 80GB HBM3, 0 %, 1 MiB, 72.25 W, 26, 345 MHz
2026/09/15 02:19:16.843, 5, GPU-11bb96fb-3b4c-98eb-f310-70437157969c, NVIDIA H100 80GB HBM3, 0 %, 1 MiB, 69.32 W, 26, 345 MHz
2026/09/15 02:19:16.846, 6, GPU-7d80084d-f83b-1a50-3007-35e8f2af67c2, NVIDIA H100 80GB HBM3, 0 %, 1 MiB, 70.90 W, 28, 345 MHz
2026/09/15 02:19:16.849, 7, GPU-69cdf81a-1c5b-4e7c-54e2-2dd45eb25e36, NVIDIA H100 80GB HBM3, 0 %, 1 MiB, 70.31 W, 26, 345 MHz
2026/09/15 02:19:17.852, 0, GPU-3d9bae9f-f6a5-a533-682a-2990f19ffa90, NVIDIA H100 80GB HBM3, 0 %, 10082 MiB, 117.48 W, 39, 1980 MHz
2026/09/15 02:19:17.854, 1, GPU-d67482aa-44bc-1a33-2545-de34f4bb6c82, NVIDIA H100 80GB HBM3, 0 %, 1 MiB, 70.78 W, 34, 345 MHz
2026/09/15 02:19:17.856, 2, GPU-6c47d827-68bc-9d8f-448e-55624a5f2f65, NVIDIA H100 80GB HBM3, 0 %, 1 MiB, 71.48 W, 26, 345 MHz
2026/09/15 02:19:17.859, 3, GPU-a481f1cc-7ac4-a6c3-b8a4-eed1d39e45aa, NVIDIA H100 80GB HBM3, 0 %, 1 MiB, 74.96 W, 26, 345 MHz
2026/09/15 02:19:17.861, 4, GPU-a60182ac-1fbd-0654-4298-7dfab8d789ca, NVIDIA H100 80GB HBM3, 0 %, 1 MiB, 72.53 W, 26, 345 MHz
2026/09/15 02:19:17.870, 5, GPU-11bb96fb-3b4c-98eb-f310-70437157969c, NVIDIA H100 80GB HBM3, 0 %, 1 MiB, 69.32 W, 26, 345 MHz
2026/09/15 02:19:17.873, 6, GPU-7d80084d-f83b-1a50-3007-35e8f2af67c2, NVIDIA H100 80GB HBM3, 0 %, 1 MiB, 70.95 W, 28, 345 MHz
2026/09/15 02:19:17.875, 7, GPU-69cdf81a-1c5b-4e7c-54e2-2dd45eb25e36, NVIDIA H100 80GB HBM3, 0 %, 1 MiB, 70.30 W, 26, 345 MHz
2026/09/15 02:19:18.877, 0, GPU-3d9bae9f-f6a5-a533-682a-2990f19ffa90, NVIDIA H100 80GB HBM3, 0 %, 10082 MiB, 117.55 W, 39, 1980 MHz
2026/09/15 02:19:18.878, 1, GPU-d67482aa-44bc-1a33-2545-de34f4bb6c82, NVIDIA H100 80GB HBM3, 0 %, 1 MiB, 70.82 W, 34, 345 MHz
2026/09/15 02:19:18.880, 2, GPU-6c47d827-68bc-9d8f-448e-55624a5f2f65, NVIDIA H100 80GB HBM3, 0 %, 1 MiB, 71.53 W, 26, 345 MHz
2026/09/15 02:19:18.882, 3, GPU-a481f1cc-7ac4-a6c3-b8a4-eed1d39e45aa, NVIDIA H100 80GB HBM3, 0 %, 1 MiB, 74.96 W, 26, 345 MHz
2026/09/15 02:19:18.885, 4, GPU-a60182ac-1fbd-0654-4298-7dfab8d789ca, NVIDIA H100 80GB HBM3, 0 %, 1 MiB, 72.35 W, 26, 345 MHz
2026/09/15 02:19:18.889, 5, GPU-11bb96fb-3b4c-98eb-f310-70437157969c, NVIDIA H100 80GB HBM3, 0 %, 1 MiB, 69.33 W, 26, 345 MHz
2026/09/15 02:19:18.892, 6, GPU-7d80084d-f83b-1a50-3007-35e8f2af67c2, NVIDIA H100 80GB HBM3, 0 %, 1 MiB, 70.92 W, 28, 345 MHz
2026/09/15 02:19:18.894, 7, GPU-69cdf81a-1c5b-4e7c-54e2-2dd45eb25e36, NVIDIA H100 80GB HBM3, 0 %, 1 MiB, 70.35 W, 26, 345 MHz
2026/09/15 02:19:19.896, 0, GPU-3d9bae9f-f6a5-a533-682a-2990f19ffa90, NVIDIA H100 80GB HBM3, 0 %, 10082 MiB, 117.53 W, 39, 1980 MHz
2026/09/15 02:19:19.898, 1, GPU-d67482aa-44bc-1a33-2545-de34f4bb6c82, NVIDIA H100 80GB HBM3, 0 %, 1 MiB, 70.79 W, 34, 345 MHz
2026/09/15 02:19:19.900, 2, GPU-6c47d827-68bc-9d8f-448e-55624a5f2f65, NVIDIA H100 80GB HBM3, 0 %, 1 MiB, 71.53 W, 26, 345 MHz
2026/09/15 02:19:19.909, 3, GPU-a481f1cc-7ac4-a6c3-b8a4-eed1d39e45aa, NVIDIA H100 80GB HBM3, 0 %, 1 MiB, 75.01 W, 26, 345 MHz
2026/09/15 02:19:19.911, 4, GPU-a60182ac-1fbd-0654-4298-7dfab8d789ca, NVIDIA H100 80GB HBM3, 0 %, 1 MiB, 72.50 W, 26, 345 MHz
2026/09/15 02:19:19.914, 5, GPU-11bb96fb-3b4c-98eb-f310-70437157969c, NVIDIA H100 80GB HBM3, 0 %, 1 MiB, 69.34 W, 26, 345 MHz
2026/09/15 02:19:19.917, 6, GPU-7d80084d-f83b-1a50-3007-35e8f2af67c2, NVIDIA H100 80GB HBM3, 0 %, 1 MiB, 70.86 W, 28, 345 MHz
2026/09/15 02:19:19.919, 7, GPU-69cdf81a-1c5b-4e7c-54e2-2dd45eb25e36, NVIDIA H100 80GB HBM3, 0 %, 1 MiB, 70.35 W, 26, 345 MHz
2026/09/15 02:19:20.922, 0, GPU-3d9bae9f-f6a5-a533-682a-2990f19ffa90, NVIDIA H100 80GB HBM3, 0 %, 10082 MiB, 117.54 W, 39, 1980 MHz
2026/09/15 02:19:20.925, 1, GPU-d67482aa-44bc-1a33-2545-de34f4bb6c82, NVIDIA H100 80GB HBM3, 0 %, 1 MiB, 70.80 W, 34, 345 MHz
2026/09/15 02:19:20.928, 2, GPU-6c47d827-68bc-9d8f-448e-55624a5f2f65, NVIDIA H100 80GB HBM3, 0 %, 1 MiB, 71.52 W, 26, 345 MHz
2026/09/15 02:19:20.930, 3, GPU-a481f1cc-7ac4-a6c3-b8a4-eed1d39e45aa, NVIDIA H100 80GB HBM3, 0 %, 1 MiB, 74.97 W, 26, 345 MHz
2026/09/15 02:19:20.937, 4, GPU-a60182ac-1fbd-0654-4298-7dfab8d789ca, NVIDIA H100 80GB HBM3, 0 %, 1 MiB, 72.24 W, 26, 345 MHz
2026/09/15 02:19:20.940, 5, GPU-11bb96fb-3b4c-98eb-f310-70437157969c, NVIDIA H100 80GB HBM3, 0 %, 1 MiB, 69.34 W, 26, 345 MHz
2026/09/15 02:19:20.942, 6, GPU-7d80084d-f83b-1a50-3007-35e8f2af67c2, NVIDIA H100 80GB HBM3, 0 %, 1 MiB, 70.91 W, 28, 345 MHz
2026/09/15 02:19:20.944, 7, GPU-69cdf81a-1c5b-4e7c-54e2-2dd45eb25e36, NVIDIA H100 80GB HBM3, 0 %, 1 MiB, 70.37 W, 26, 345 MHz
2026/09/15 02:19:21.947, 0, GPU-3d9bae9f-f6a5-a533-682a-2990f19ffa90, NVIDIA H100 80GB HBM3, 0 %, 10082 MiB, 117.48 W, 39, 1980 MHz
2026/09/15 02:19:21.949, 1, GPU-d67482aa-44bc-1a33-2545-de34f4bb6c82, NVIDIA H100 80GB HBM3, 0 %, 1 MiB, 70.78 W, 34, 345 MHz
2026/09/15 02:19:21.957, 2, GPU-6c47d827-68bc-9d8f-448e-55624a5f2f65, NVIDIA H100 80GB HBM3, 0 %, 1 MiB, 71.53 W, 26, 345 MHz
2026/09/15 02:19:21.959, 3, GPU-a481f1cc-7ac4-a6c3-b8a4-eed1d39e45aa, NVIDIA H100 80GB HBM3, 0 %, 1 MiB, 74.97 W, 26, 345 MHz
2026/09/15 02:19:21.961, 4, GPU-a60182ac-1fbd-0654-4298-7dfab8d789ca, NVIDIA H100 80GB HBM3, 0 %, 1 MiB, 72.43 W, 26, 345 MHz
2026/09/15 02:19:21.966, 5, GPU-11bb96fb-3b4c-98eb-f310-70437157969c, NVIDIA H100 80GB HBM3, 0 %, 1 MiB, 69.34 W, 26, 345 MHz
2026/09/15 02:19:21.969, 6, GPU-7d80084d-f83b-1a50-3007-35e8f2af67c2, NVIDIA H100 80GB HBM3, 0 %, 1 MiB, 70.93 W, 28, 345 MHz
2026/09/15 02:19:21.971, 7, GPU-69cdf81a-1c5b-4e7c-54e2-2dd45eb25e36, NVIDIA H100 80GB HBM3, 0 %, 1 MiB, 70.34 W, 26, 345 MHz
2026/09/15 02:19:22.974, 0, GPU-3d9bae9f-f6a5-a533-682a-2990f19ffa90, NVIDIA H100 80GB HBM3, 0 %, 10082 MiB, 117.52 W, 39, 1980 MHz
2026/09/15 02:19:22.975, 1, GPU-d67482aa-44bc-1a33-2545-de34f4bb6c82, NVIDIA H100 80GB HBM3, 0 %, 1 MiB, 70.79 W, 34, 345 MHz
2026/09/15 02:19:22.977, 2, GPU-6c47d827-68bc-9d8f-448e-55624a5f2f65, NVIDIA H100 80GB HBM3, 0 %, 1 MiB, 71.53 W, 26, 345 MHz
2026/09/15 02:19:22.979, 3, GPU-a481f1cc-7ac4-a6c3-b8a4-eed1d39e45aa, NVIDIA H100 80GB HBM3, 0 %, 1 MiB, 75.00 W, 26, 345 MHz
2026/09/15 02:19:22.982, 4, GPU-a60182ac-1fbd-0654-4298-7dfab8d789ca, NVIDIA H100 80GB HBM3, 0 %, 1 MiB, 72.29 W, 26, 345 MHz
2026/09/15 02:19:22.984, 5, GPU-11bb96fb-3b4c-98eb-f310-70437157969c, NVIDIA H100 80GB HBM3, 0 %, 1 MiB, 69.35 W, 26, 345 MHz
2026/09/15 02:19:22.987, 6, GPU-7d80084d-f83b-1a50-3007-35e8f2af67c2, NVIDIA H100 80GB HBM3, 0 %, 1 MiB, 70.88 W, 28, 345 MHz
2026/09/15 02:19:22.989, 7, GPU-69cdf81a-1c5b-4e7c-54e2-2dd45eb25e36, NVIDIA H100 80GB HBM3, 0 %, 1 MiB, 70.31 W, 26, 345 MHz
2026/09/15 02:19:23.992, 0, GPU-3d9bae9f-f6a5-a533-682a-2990f19ffa90, NVIDIA H100 80GB HBM3, 0 %, 10082 MiB, 117.52 W, 39, 1980 MHz
2026/09/15 02:19:23.993, 1, GPU-d67482aa-44bc-1a33-2545-de34f4bb6c82, NVIDIA H100 80GB HBM3, 0 %, 1 MiB, 70.77 W, 34, 345 MHz
2026/09/15 02:19:23.996, 2, GPU-6c47d827-68bc-9d8f-448e-55624a5f2f65, NVIDIA H100 80GB HBM3, 0 %, 1 MiB, 71.52 W, 26, 345 MHz
2026/09/15 02:19:24.007, 3, GPU-a481f1cc-7ac4-a6c3-b8a4-eed1d39e45aa, NVIDIA H100 80GB HBM3, 0 %, 1 MiB, 74.96 W, 26, 345 MHz
2026/09/15 02:19:24.009, 4, GPU-a60182ac-1fbd-0654-4298-7dfab8d789ca, NVIDIA H100 80GB HBM3, 0 %, 1 MiB, 72.41 W, 26, 345 MHz
2026/09/15 02:19:24.011, 5, GPU-11bb96fb-3b4c-98eb-f310-70437157969c, NVIDIA H100 80GB HBM3, 0 %, 1 MiB, 69.35 W, 26, 345 MHz
2026/09/15 02:19:24.013, 6, GPU-7d80084d-f83b-1a50-3007-35e8f2af67c2, NVIDIA H100 80GB HBM3, 0 %, 1 MiB, 70.83 W, 28, 345 MHz
2026/09/15 02:19:24.016, 7, GPU-69cdf81a-1c5b-4e7c-54e2-2dd45eb25e36, NVIDIA H100 80GB HBM3, 0 %, 1 MiB, 70.36 W, 26, 345 MHz
2026/09/15 02:19:25.019, 0, GPU-3d9bae9f-f6a5-a533-682a-2990f19ffa90, NVIDIA H100 80GB HBM3, 0 %, 10082 MiB, 117.59 W, 39, 1980 MHz
2026/09/15 02:19:25.021, 1, GPU-d67482aa-44bc-1a33-2545-de34f4bb6c82, NVIDIA H100 80GB HBM3, 0 %, 1 MiB, 70.76 W, 34, 345 MHz
2026/09/15 02:19:25.023, 2, GPU-6c47d827-68bc-9d8f-448e-55624a5f2f65, NVIDIA H100 80GB HBM3, 0 %, 1 MiB, 71.54 W, 26, 345 MHz
2026/09/15 02:19:25.027, 3, GPU-a481f1cc-7ac4-a6c3-b8a4-eed1d39e45aa, NVIDIA H100 80GB HBM3, 0 %, 1 MiB, 74.93 W, 26, 345 MHz
2026/09/15 02:19:25.036, 4, GPU-a60182ac-1fbd-0654-4298-7dfab8d789ca, NVIDIA H100 80GB HBM3, 0 %, 1 MiB, 72.43 W, 26, 345 MHz
2026/09/15 02:19:25.039, 5, GPU-11bb96fb-3b4c-98eb-f310-70437157969c, NVIDIA H100 80GB HBM3, 0 %, 1 MiB, 69.31 W, 26, 345 MHz
2026/09/15 02:19:25.041, 6, GPU-7d80084d-f83b-1a50-3007-35e8f2af67c2, NVIDIA H100 80GB HBM3, 0 %, 1 MiB, 70.89 W, 28, 345 MHz
2026/09/15 02:19:25.044, 7, GPU-69cdf81a-1c5b-4e7c-54e2-2dd45eb25e36, NVIDIA H100 80GB HBM3, 0 %, 1 MiB, 70.38 W, 26, 345 MHz
2026/09/15 02:19:26.047, 0, GPU-3d9bae9f-f6a5-a533-682a-2990f19ffa90, NVIDIA H100 80GB HBM3, 0 %, 10082 MiB, 117.51 W, 39, 1980 MHz
2026/09/15 02:19:26.049, 1, GPU-d67482aa-44bc-1a33-2545-de34f4bb6c82, NVIDIA H100 80GB HBM3, 0 %, 1 MiB, 70.79 W, 34, 345 MHz
2026/09/15 02:19:26.055, 2, GPU-6c47d827-68bc-9d8f-448e-55624a5f2f65, NVIDIA H100 80GB HBM3, 0 %, 1 MiB, 71.53 W, 26, 345 MHz
2026/09/15 02:19:26.058, 3, GPU-a481f1cc-7ac4-a6c3-b8a4-eed1d39e45aa, NVIDIA H100 80GB HBM3, 0 %, 1 MiB, 75.00 W, 26, 345 MHz
2026/09/15 02:19:26.060, 4, GPU-a60182ac-1fbd-0654-4298-7dfab8d789ca, NVIDIA H100 80GB HBM3, 0 %, 1 MiB, 72.34 W, 26, 345 MHz
2026/09/15 02:19:26.068, 5, GPU-11bb96fb-3b4c-98eb-f310-70437157969c, NVIDIA H100 80GB HBM3, 0 %, 1 MiB, 69.34 W, 26, 345 MHz
2026/09/15 02:19:26.070, 6, GPU-7d80084d-f83b-1a50-3007-35e8f2af67c2, NVIDIA H100 80GB HBM3, 0 %, 1 MiB, 70.92 W, 28, 345 MHz
2026/09/15 02:19:26.072, 7, GPU-69cdf81a-1c5b-4e7c-54e2-2dd45eb25e36, NVIDIA H100 80GB HBM3, 0 %, 1 MiB, 70.32 W, 26, 345 MHz
2026/09/15 02:19:27.074, 0, GPU-3d9bae9f-f6a5-a533-682a-2990f19ffa90, NVIDIA H100 80GB HBM3, 22 %, 12214 MiB, 117.90 W, 39, 1980 MHz
2026/09/15 02:19:27.076, 1, GPU-d67482aa-44bc-1a33-2545-de34f4bb6c82, NVIDIA H100 80GB HBM3, 0 %, 1 MiB, 70.75 W, 34, 345 MHz
2026/09/15 02:19:27.077, 2, GPU-6c47d827-68bc-9d8f-448e-55624a5f2f65, NVIDIA H100 80GB HBM3, 0 %, 1 MiB, 71.55 W, 26, 345 MHz
2026/09/15 02:19:27.079, 3, GPU-a481f1cc-7ac4-a6c3-b8a4-eed1d39e45aa, NVIDIA H100 80GB HBM3, 0 %, 1 MiB, 74.97 W, 26, 345 MHz
2026/09/15 02:19:27.082, 4, GPU-a60182ac-1fbd-0654-4298-7dfab8d789ca, NVIDIA H100 80GB HBM3, 0 %, 1 MiB, 72.48 W, 26, 345 MHz
2026/09/15 02:19:27.085, 5, GPU-11bb96fb-3b4c-98eb-f310-70437157969c, NVIDIA H100 80GB HBM3, 0 %, 1 MiB, 69.31 W, 26, 345 MHz
2026/09/15 02:19:27.087, 6, GPU-7d80084d-f83b-1a50-3007-35e8f2af67c2, NVIDIA H100 80GB HBM3, 0 %, 1 MiB, 70.89 W, 28, 345 MHz
2026/09/15 02:19:27.089, 7, GPU-69cdf81a-1c5b-4e7c-54e2-2dd45eb25e36, NVIDIA H100 80GB HBM3, 0 %, 1 MiB, 70.32 W, 26, 345 MHz
2026/09/15 02:19:28.092, 0, GPU-3d9bae9f-f6a5-a533-682a-2990f19ffa90, NVIDIA H100 80GB HBM3, 5 %, 14582 MiB, 118.06 W, 39, 1980 MHz
2026/09/15 02:19:28.130, 1, GPU-d67482aa-44bc-1a33-2545-de34f4bb6c82, NVIDIA H100 80GB HBM3, 0 %, 1 MiB, 70.80 W, 34, 345 MHz
2026/09/15 02:19:28.159, 2, GPU-6c47d827-68bc-9d8f-448e-55624a5f2f65, NVIDIA H100 80GB HBM3, 0 %, 1 MiB, 71.54 W, 26, 345 MHz
2026/09/15 02:19:28.191, 3, GPU-a481f1cc-7ac4-a6c3-b8a4-eed1d39e45aa, NVIDIA H100 80GB HBM3, 0 %, 1 MiB, 74.97 W, 26, 345 MHz
2026/09/15 02:19:28.194, 4, GPU-a60182ac-1fbd-0654-4298-7dfab8d789ca, NVIDIA H100 80GB HBM3, 0 %, 1 MiB, 72.30 W, 26, 345 MHz
2026/09/15 02:19:28.222, 5, GPU-11bb96fb-3b4c-98eb-f310-70437157969c, NVIDIA H100 80GB HBM3, 0 %, 1 MiB, 69.33 W, 26, 345 MHz
2026/09/15 02:19:28.284, 6, GPU-7d80084d-f83b-1a50-3007-35e8f2af67c2, NVIDIA H100 80GB HBM3, 0 %, 1 MiB, 70.91 W, 28, 345 MHz
2026/09/15 02:19:28.286, 7, GPU-69cdf81a-1c5b-4e7c-54e2-2dd45eb25e36, NVIDIA H100 80GB HBM3, 0 %, 1 MiB, 70.35 W, 26, 345 MHz
2026/09/15 02:19:29.317, 0, GPU-3d9bae9f-f6a5-a533-682a-2990f19ffa90, NVIDIA H100 80GB HBM3, 5 %, 17238 MiB, 117.97 W, 39, 1980 MHz
2026/09/15 02:19:29.322, 1, GPU-d67482aa-44bc-1a33-2545-de34f4bb6c82, NVIDIA H100 80GB HBM3, 0 %, 1 MiB, 70.78 W, 34, 345 MHz
2026/09/15 02:19:29.324, 2, GPU-6c47d827-68bc-9d8f-448e-55624a5f2f65, NVIDIA H100 80GB HBM3, 0 %, 1 MiB, 71.56 W, 26, 345 MHz
2026/09/15 02:19:29.325, 3, GPU-a481f1cc-7ac4-a6c3-b8a4-eed1d39e45aa, NVIDIA H100 80GB HBM3, 0 %, 1 MiB, 74.93 W, 26, 345 MHz
2026/09/15 02:19:29.336, 4, GPU-a60182ac-1fbd-0654-4298-7dfab8d789ca, NVIDIA H100 80GB HBM3, 0 %, 1 MiB, 72.34 W, 26, 345 MHz
2026/09/15 02:19:29.338, 5, GPU-11bb96fb-3b4c-98eb-f310-70437157969c, NVIDIA H100 80GB HBM3, 0 %, 1 MiB, 69.36 W, 26, 345 MHz
2026/09/15 02:19:29.341, 6, GPU-7d80084d-f83b-1a50-3007-35e8f2af67c2, NVIDIA H100 80GB HBM3, 0 %, 1 MiB, 70.89 W, 28, 345 MHz
2026/09/15 02:19:29.344, 7, GPU-69cdf81a-1c5b-4e7c-54e2-2dd45eb25e36, NVIDIA H100 80GB HBM3, 0 %, 1 MiB, 70.35 W, 26, 345 MHz
2026/09/15 02:19:30.347, 0, GPU-3d9bae9f-f6a5-a533-682a-2990f19ffa90, NVIDIA H100 80GB HBM3, 5 %, 19366 MiB, 117.96 W, 39, 1980 MHz
2026/09/15 02:19:30.349, 1, GPU-d67482aa-44bc-1a33-2545-de34f4bb6c82, NVIDIA H100 80GB HBM3, 0 %, 1 MiB, 70.79 W, 34, 345 MHz
2026/09/15 02:19:30.354, 2, GPU-6c47d827-68bc-9d8f-448e-55624a5f2f65, NVIDIA H100 80GB HBM3, 0 %, 1 MiB, 71.50 W, 26, 345 MHz
2026/09/15 02:19:30.356, 3, GPU-a481f1cc-7ac4-a6c3-b8a4-eed1d39e45aa, NVIDIA H100 80GB HBM3, 0 %, 1 MiB, 75.02 W, 26, 345 MHz
2026/09/15 02:19:30.360, 4, GPU-a60182ac-1fbd-0654-4298-7dfab8d789ca, NVIDIA H100 80GB HBM3, 0 %, 1 MiB, 72.35 W, 26, 345 MHz
2026/09/15 02:19:30.367, 5, GPU-11bb96fb-3b4c-98eb-f310-70437157969c, NVIDIA H100 80GB HBM3, 0 %, 1 MiB, 69.33 W, 26, 345 MHz
2026/09/15 02:19:30.370, 6, GPU-7d80084d-f83b-1a50-3007-35e8f2af67c2, NVIDIA H100 80GB HBM3, 0 %, 1 MiB, 70.93 W, 28, 345 MHz
2026/09/15 02:19:30.373, 7, GPU-69cdf81a-1c5b-4e7c-54e2-2dd45eb25e36, NVIDIA H100 80GB HBM3, 0 %, 1 MiB, 70.32 W, 26, 345 MHz
2026/09/15 02:19:31.375, 0, GPU-3d9bae9f-f6a5-a533-682a-2990f19ffa90, NVIDIA H100 80GB HBM3, 1 %, 20918 MiB, 117.90 W, 39, 1980 MHz
2026/09/15 02:19:31.377, 1, GPU-d67482aa-44bc-1a33-2545-de34f4bb6c82, NVIDIA H100 80GB HBM3, 0 %, 1 MiB, 70.79 W, 34, 345 MHz
2026/09/15 02:19:31.379, 2, GPU-6c47d827-68bc-9d8f-448e-55624a5f2f65, NVIDIA H100 80GB HBM3, 0 %, 1 MiB, 71.52 W, 26, 345 MHz
2026/09/15 02:19:31.380, 3, GPU-a481f1cc-7ac4-a6c3-b8a4-eed1d39e45aa, NVIDIA H100 80GB HBM3, 0 %, 1 MiB, 74.97 W, 26, 345 MHz
2026/09/15 02:19:31.382, 4, GPU-a60182ac-1fbd-0654-4298-7dfab8d789ca, NVIDIA H100 80GB HBM3, 0 %, 1 MiB, 72.28 W, 26, 345 MHz
2026/09/15 02:19:31.384, 5, GPU-11bb96fb-3b4c-98eb-f310-70437157969c, NVIDIA H100 80GB HBM3, 0 %, 1 MiB, 69.35 W, 26, 345 MHz
2026/09/15 02:19:31.386, 6, GPU-7d80084d-f83b-1a50-3007-35e8f2af67c2, NVIDIA H100 80GB HBM3, 0 %, 1 MiB, 70.93 W, 28, 345 MHz
2026/09/15 02:19:31.389, 7, GPU-69cdf81a-1c5b-4e7c-54e2-2dd45eb25e36, NVIDIA H100 80GB HBM3, 0 %, 1 MiB, 70.29 W, 26, 345 MHz
2026/09/15 02:19:32.394, 0, GPU-3d9bae9f-f6a5-a533-682a-2990f19ffa90, NVIDIA H100 80GB HBM3, 0 %, 20918 MiB, 117.57 W, 39, 1980 MHz
2026/09/15 02:19:32.412, 1, GPU-d67482aa-44bc-1a33-2545-de34f4bb6c82, NVIDIA H100 80GB HBM3, 0 %, 1 MiB, 70.78 W, 34, 345 MHz
2026/09/15 02:19:32.438, 2, GPU-6c47d827-68bc-9d8f-448e-55624a5f2f65, NVIDIA H100 80GB HBM3, 0 %, 1 MiB, 71.53 W, 26, 345 MHz
2026/09/15 02:19:32.491, 3, GPU-a481f1cc-7ac4-a6c3-b8a4-eed1d39e45aa, NVIDIA H100 80GB HBM3, 0 %, 1 MiB, 74.96 W, 26, 345 MHz
2026/09/15 02:19:32.519, 4, GPU-a60182ac-1fbd-0654-4298-7dfab8d789ca, NVIDIA H100 80GB HBM3, 0 %, 1 MiB, 72.37 W, 26, 345 MHz
2026/09/15 02:19:32.545, 5, GPU-11bb96fb-3b4c-98eb-f310-70437157969c, NVIDIA H100 80GB HBM3, 0 %, 1 MiB, 69.35 W, 26, 345 MHz
2026/09/15 02:19:32.576, 6, GPU-7d80084d-f83b-1a50-3007-35e8f2af67c2, NVIDIA H100 80GB HBM3, 0 %, 1 MiB, 70.88 W, 28, 345 MHz
2026/09/15 02:19:32.606, 7, GPU-69cdf81a-1c5b-4e7c-54e2-2dd45eb25e36, NVIDIA H100 80GB HBM3, 0 %, 1 MiB, 70.29 W, 26, 345 MHz
2026/09/15 02:19:33.645, 0, GPU-3d9bae9f-f6a5-a533-682a-2990f19ffa90, NVIDIA H100 80GB HBM3, 0 %, 20918 MiB, 117.53 W, 39, 1980 MHz
2026/09/15 02:19:33.646, 1, GPU-d67482aa-44bc-1a33-2545-de34f4bb6c82, NVIDIA H100 80GB HBM3, 0 %, 1 MiB, 70.79 W, 34, 345 MHz
2026/09/15 02:19:33.657, 2, GPU-6c47d827-68bc-9d8f-448e-55624a5f2f65, NVIDIA H100 80GB HBM3, 0 %, 1 MiB, 71.53 W, 26, 345 MHz
2026/09/15 02:19:33.659, 3, GPU-a481f1cc-7ac4-a6c3-b8a4-eed1d39e45aa, NVIDIA H100 80GB HBM3, 0 %, 1 MiB, 74.98 W, 26, 345 MHz
2026/09/15 02:19:33.662, 4, GPU-a60182ac-1fbd-0654-4298-7dfab8d789ca, NVIDIA H100 80GB HBM3, 0 %, 1 MiB, 72.26 W, 26, 345 MHz
2026/09/15 02:19:33.670, 5, GPU-11bb96fb-3b4c-98eb-f310-70437157969c, NVIDIA H100 80GB HBM3, 0 %, 1 MiB, 69.35 W, 26, 345 MHz
2026/09/15 02:19:33.671, 6, GPU-7d80084d-f83b-1a50-3007-35e8f2af67c2, NVIDIA H100 80GB HBM3, 0 %, 1 MiB, 70.88 W, 28, 345 MHz
2026/09/15 02:19:33.673, 7, GPU-69cdf81a-1c5b-4e7c-54e2-2dd45eb25e36, NVIDIA H100 80GB HBM3, 0 %, 1 MiB, 70.29 W, 26, 345 MHz
2026/09/15 02:19:34.675, 0, GPU-3d9bae9f-f6a5-a533-682a-2990f19ffa90, NVIDIA H100 80GB HBM3, 0 %, 20918 MiB, 117.56 W, 39, 1980 MHz
2026/09/15 02:19:34.677, 1, GPU-d67482aa-44bc-1a33-2545-de34f4bb6c82, NVIDIA H100 80GB HBM3, 0 %, 1 MiB, 70.80 W, 34, 345 MHz
2026/09/15 02:19:34.679, 2, GPU-6c47d827-68bc-9d8f-448e-55624a5f2f65, NVIDIA H100 80GB HBM3, 0 %, 1 MiB, 71.51 W, 26, 345 MHz
2026/09/15 02:19:34.683, 3, GPU-a481f1cc-7ac4-a6c3-b8a4-eed1d39e45aa, NVIDIA H100 80GB HBM3, 0 %, 1 MiB, 75.00 W, 26, 345 MHz
2026/09/15 02:19:34.686, 4, GPU-a60182ac-1fbd-0654-4298-7dfab8d789ca, NVIDIA H100 80GB HBM3, 0 %, 1 MiB, 72.29 W, 26, 345 MHz
2026/09/15 02:19:34.688, 5, GPU-11bb96fb-3b4c-98eb-f310-70437157969c, NVIDIA H100 80GB HBM3, 0 %, 1 MiB, 69.37 W, 26, 345 MHz
2026/09/15 02:19:34.690, 6, GPU-7d80084d-f83b-1a50-3007-35e8f2af67c2, NVIDIA H100 80GB HBM3, 0 %, 1 MiB, 70.92 W, 28, 345 MHz
2026/09/15 02:19:34.692, 7, GPU-69cdf81a-1c5b-4e7c-54e2-2dd45eb25e36, NVIDIA H100 80GB HBM3, 0 %, 1 MiB, 70.32 W, 26, 345 MHz
2026/09/15 02:19:35.694, 0, GPU-3d9bae9f-f6a5-a533-682a-2990f19ffa90, NVIDIA H100 80GB HBM3, 0 %, 20918 MiB, 117.53 W, 39, 1980 MHz
2026/09/15 02:19:35.697, 1, GPU-d67482aa-44bc-1a33-2545-de34f4bb6c82, NVIDIA H100 80GB HBM3, 0 %, 1 MiB, 70.78 W, 34, 345 MHz
2026/09/15 02:19:35.699, 2, GPU-6c47d827-68bc-9d8f-448e-55624a5f2f65, NVIDIA H100 80GB HBM3, 0 %, 1 MiB, 71.50 W, 26, 345 MHz
2026/09/15 02:19:35.709, 3, GPU-a481f1cc-7ac4-a6c3-b8a4-eed1d39e45aa, NVIDIA H100 80GB HBM3, 0 %, 1 MiB, 75.01 W, 26, 345 MHz
2026/09/15 02:19:35.711, 4, GPU-a60182ac-1fbd-0654-4298-7dfab8d789ca, NVIDIA H100 80GB HBM3, 0 %, 1 MiB, 72.36 W, 26, 345 MHz
2026/09/15 02:19:35.714, 5, GPU-11bb96fb-3b4c-98eb-f310-70437157969c, NVIDIA H100 80GB HBM3, 0 %, 1 MiB, 69.36 W, 26, 345 MHz
2026/09/15 02:19:35.717, 6, GPU-7d80084d-f83b-1a50-3007-35e8f2af67c2, NVIDIA H100 80GB HBM3, 0 %, 1 MiB, 70.87 W, 28, 345 MHz
2026/09/15 02:19:35.721, 7, GPU-69cdf81a-1c5b-4e7c-54e2-2dd45eb25e36, NVIDIA H100 80GB HBM3, 0 %, 1 MiB, 70.32 W, 26, 345 MHz
2026/09/15 02:19:36.723, 0, GPU-3d9bae9f-f6a5-a533-682a-2990f19ffa90, NVIDIA H100 80GB HBM3, 0 %, 20918 MiB, 117.54 W, 39, 1980 MHz
2026/09/15 02:19:36.751, 1, GPU-d67482aa-44bc-1a33-2545-de34f4bb6c82, NVIDIA H100 80GB HBM3, 0 %, 1 MiB, 70.79 W, 34, 345 MHz
2026/09/15 02:19:36.780, 2, GPU-6c47d827-68bc-9d8f-448e-55624a5f2f65, NVIDIA H100 80GB HBM3, 0 %, 1 MiB, 71.52 W, 26, 345 MHz
2026/09/15 02:19:36.808, 3, GPU-a481f1cc-7ac4-a6c3-b8a4-eed1d39e45aa, NVIDIA H100 80GB HBM3, 0 %, 1 MiB, 75.02 W, 26, 345 MHz
2026/09/15 02:19:36.838, 4, GPU-a60182ac-1fbd-0654-4298-7dfab8d789ca, NVIDIA H100 80GB HBM3, 0 %, 1 MiB, 72.22 W, 26, 345 MHz
2026/09/15 02:19:36.868, 5, GPU-11bb96fb-3b4c-98eb-f310-70437157969c, NVIDIA H100 80GB HBM3, 0 %, 1 MiB, 69.33 W, 26, 345 MHz
2026/09/15 02:19:36.895, 6, GPU-7d80084d-f83b-1a50-3007-35e8f2af67c2, NVIDIA H100 80GB HBM3, 0 %, 1 MiB, 70.90 W, 27, 345 MHz
2026/09/15 02:19:36.919, 7, GPU-69cdf81a-1c5b-4e7c-54e2-2dd45eb25e36, NVIDIA H100 80GB HBM3, 0 %, 1 MiB, 70.35 W, 26, 345 MHz
2026/09/15 02:19:37.921, 0, GPU-3d9bae9f-f6a5-a533-682a-2990f19ffa90, NVIDIA H100 80GB HBM3, 0 %, 20918 MiB, 117.53 W, 39, 1980 MHz
2026/09/15 02:19:37.923, 1, GPU-d67482aa-44bc-1a33-2545-de34f4bb6c82, NVIDIA H100 80GB HBM3, 0 %, 1 MiB, 70.82 W, 34, 345 MHz
2026/09/15 02:19:37.925, 2, GPU-6c47d827-68bc-9d8f-448e-55624a5f2f65, NVIDIA H100 80GB HBM3, 0 %, 1 MiB, 71.54 W, 26, 345 MHz
2026/09/15 02:19:37.927, 3, GPU-a481f1cc-7ac4-a6c3-b8a4-eed1d39e45aa, NVIDIA H100 80GB HBM3, 0 %, 1 MiB, 74.97 W, 26, 345 MHz
2026/09/15 02:19:37.936, 4, GPU-a60182ac-1fbd-0654-4298-7dfab8d789ca, NVIDIA H100 80GB HBM3, 0 %, 1 MiB, 72.37 W, 26, 345 MHz
2026/09/15 02:19:37.938, 5, GPU-11bb96fb-3b4c-98eb-f310-70437157969c, NVIDIA H100 80GB HBM3, 0 %, 1 MiB, 69.34 W, 26, 345 MHz
2026/09/15 02:19:37.943, 6, GPU-7d80084d-f83b-1a50-3007-35e8f2af67c2, NVIDIA H100 80GB HBM3, 0 %, 1 MiB, 70.87 W, 28, 345 MHz
2026/09/15 02:19:37.946, 7, GPU-69cdf81a-1c5b-4e7c-54e2-2dd45eb25e36, NVIDIA H100 80GB HBM3, 0 %, 1 MiB, 70.33 W, 26, 345 MHz
2026/09/15 02:19:38.948, 0, GPU-3d9bae9f-f6a5-a533-682a-2990f19ffa90, NVIDIA H100 80GB HBM3, 0 %, 20918 MiB, 117.55 W, 39, 1980 MHz
2026/09/15 02:19:38.950, 1, GPU-d67482aa-44bc-1a33-2545-de34f4bb6c82, NVIDIA H100 80GB HBM3, 0 %, 1 MiB, 70.77 W, 34, 345 MHz
2026/09/15 02:19:38.955, 2, GPU-6c47d827-68bc-9d8f-448e-55624a5f2f65, NVIDIA H100 80GB HBM3, 0 %, 1 MiB, 71.55 W, 26, 345 MHz
2026/09/15 02:19:38.958, 3, GPU-a481f1cc-7ac4-a6c3-b8a4-eed1d39e45aa, NVIDIA H100 80GB HBM3, 0 %, 1 MiB, 74.97 W, 26, 345 MHz
2026/09/15 02:19:38.960, 4, GPU-a60182ac-1fbd-0654-4298-7dfab8d789ca, NVIDIA H100 80GB HBM3, 0 %, 1 MiB, 72.31 W, 26, 345 MHz
2026/09/15 02:19:38.967, 5, GPU-11bb96fb-3b4c-98eb-f310-70437157969c, NVIDIA H100 80GB HBM3, 0 %, 1 MiB, 69.33 W, 26, 345 MHz
2026/09/15 02:19:38.969, 6, GPU-7d80084d-f83b-1a50-3007-35e8f2af67c2, NVIDIA H100 80GB HBM3, 0 %, 1 MiB, 70.90 W, 28, 345 MHz
2026/09/15 02:19:38.971, 7, GPU-69cdf81a-1c5b-4e7c-54e2-2dd45eb25e36, NVIDIA H100 80GB HBM3, 0 %, 1 MiB, 70.34 W, 26, 345 MHz
2026/09/15 02:19:39.974, 0, GPU-3d9bae9f-f6a5-a533-682a-2990f19ffa90, NVIDIA H100 80GB HBM3, 0 %, 20918 MiB, 117.53 W, 39, 1980 MHz
2026/09/15 02:19:39.975, 1, GPU-d67482aa-44bc-1a33-2545-de34f4bb6c82, NVIDIA H100 80GB HBM3, 0 %, 1 MiB, 70.79 W, 34, 345 MHz
2026/09/15 02:19:39.977, 2, GPU-6c47d827-68bc-9d8f-448e-55624a5f2f65, NVIDIA H100 80GB HBM3, 0 %, 1 MiB, 71.52 W, 26, 345 MHz
2026/09/15 02:19:39.979, 3, GPU-a481f1cc-7ac4-a6c3-b8a4-eed1d39e45aa, NVIDIA H100 80GB HBM3, 0 %, 1 MiB, 74.96 W, 26, 345 MHz
2026/09/15 02:19:39.981, 4, GPU-a60182ac-1fbd-0654-4298-7dfab8d789ca, NVIDIA H100 80GB HBM3, 0 %, 1 MiB, 72.28 W, 26, 345 MHz
2026/09/15 02:19:39.983, 5, GPU-11bb96fb-3b4c-98eb-f310-70437157969c, NVIDIA H100 80GB HBM3, 0 %, 1 MiB, 69.31 W, 26, 345 MHz
2026/09/15 02:19:39.987, 6, GPU-7d80084d-f83b-1a50-3007-35e8f2af67c2, NVIDIA H100 80GB HBM3, 0 %, 1 MiB, 70.91 W, 28, 345 MHz
2026/09/15 02:19:39.989, 7, GPU-69cdf81a-1c5b-4e7c-54e2-2dd45eb25e36, NVIDIA H100 80GB HBM3, 0 %, 1 MiB, 70.34 W, 26, 345 MHz
2026/09/15 02:19:40.992, 0, GPU-3d9bae9f-f6a5-a533-682a-2990f19ffa90, NVIDIA H100 80GB HBM3, 0 %, 20918 MiB, 117.50 W, 39, 1980 MHz
2026/09/15 02:19:41.008, 1, GPU-d67482aa-44bc-1a33-2545-de34f4bb6c82, NVIDIA H100 80GB HBM3, 0 %, 1 MiB, 70.76 W, 34, 345 MHz
2026/09/15 02:19:41.034, 2, GPU-6c47d827-68bc-9d8f-448e-55624a5f2f65, NVIDIA H100 80GB HBM3, 0 %, 1 MiB, 71.53 W, 26, 345 MHz
2026/09/15 02:19:41.062, 3, GPU-a481f1cc-7ac4-a6c3-b8a4-eed1d39e45aa, NVIDIA H100 80GB HBM3, 0 %, 1 MiB, 74.99 W, 26, 345 MHz
2026/09/15 02:19:41.090, 4, GPU-a60182ac-1fbd-0654-4298-7dfab8d789ca, NVIDIA H100 80GB HBM3, 0 %, 1 MiB, 72.42 W, 26, 345 MHz
2026/09/15 02:19:41.121, 5, GPU-11bb96fb-3b4c-98eb-f310-70437157969c, NVIDIA H100 80GB HBM3, 0 %, 1 MiB, 69.35 W, 26, 345 MHz
2026/09/15 02:19:41.149, 6, GPU-7d80084d-f83b-1a50-3007-35e8f2af67c2, NVIDIA H100 80GB HBM3, 0 %, 1 MiB, 70.91 W, 28, 345 MHz
2026/09/15 02:19:41.185, 7, GPU-69cdf81a-1c5b-4e7c-54e2-2dd45eb25e36, NVIDIA H100 80GB HBM3, 0 %, 1 MiB, 70.32 W, 26, 345 MHz
2026/09/15 02:19:42.224, 0, GPU-3d9bae9f-f6a5-a533-682a-2990f19ffa90, NVIDIA H100 80GB HBM3, 0 %, 20918 MiB, 117.56 W, 39, 1980 MHz
2026/09/15 02:19:42.226, 1, GPU-d67482aa-44bc-1a33-2545-de34f4bb6c82, NVIDIA H100 80GB HBM3, 0 %, 1 MiB, 70.78 W, 34, 345 MHz
2026/09/15 02:19:42.229, 2, GPU-6c47d827-68bc-9d8f-448e-55624a5f2f65, NVIDIA H100 80GB HBM3, 0 %, 1 MiB, 71.53 W, 26, 345 MHz
2026/09/15 02:19:42.233, 3, GPU-a481f1cc-7ac4-a6c3-b8a4-eed1d39e45aa, NVIDIA H100 80GB HBM3, 0 %, 1 MiB, 74.98 W, 26, 345 MHz
2026/09/15 02:19:42.236, 4, GPU-a60182ac-1fbd-0654-4298-7dfab8d789ca, NVIDIA H100 80GB HBM3, 0 %, 1 MiB, 72.25 W, 26, 345 MHz
2026/09/15 02:19:42.239, 5, GPU-11bb96fb-3b4c-98eb-f310-70437157969c, NVIDIA H100 80GB HBM3, 0 %, 1 MiB, 69.31 W, 26, 345 MHz
2026/09/15 02:19:42.242, 6, GPU-7d80084d-f83b-1a50-3007-35e8f2af67c2, NVIDIA H100 80GB HBM3, 0 %, 1 MiB, 70.92 W, 28, 345 MHz
2026/09/15 02:19:42.244, 7, GPU-69cdf81a-1c5b-4e7c-54e2-2dd45eb25e36, NVIDIA H100 80GB HBM3, 0 %, 1 MiB, 70.28 W, 26, 345 MHz
2026/09/15 02:19:43.247, 0, GPU-3d9bae9f-f6a5-a533-682a-2990f19ffa90, NVIDIA H100 80GB HBM3, 0 %, 20918 MiB, 117.56 W, 39, 1980 MHz
2026/09/15 02:19:43.249, 1, GPU-d67482aa-44bc-1a33-2545-de34f4bb6c82, NVIDIA H100 80GB HBM3, 0 %, 1 MiB, 70.79 W, 34, 345 MHz
2026/09/15 02:19:43.254, 2, GPU-6c47d827-68bc-9d8f-448e-55624a5f2f65, NVIDIA H100 80GB HBM3, 0 %, 1 MiB, 71.54 W, 26, 345 MHz
2026/09/15 02:19:43.257, 3, GPU-a481f1cc-7ac4-a6c3-b8a4-eed1d39e45aa, NVIDIA H100 80GB HBM3, 0 %, 1 MiB, 74.96 W, 26, 345 MHz
2026/09/15 02:19:43.259, 4, GPU-a60182ac-1fbd-0654-4298-7dfab8d789ca, NVIDIA H100 80GB HBM3, 0 %, 1 MiB, 72.42 W, 26, 345 MHz
2026/09/15 02:19:43.268, 5, GPU-11bb96fb-3b4c-98eb-f310-70437157969c, NVIDIA H100 80GB HBM3, 0 %, 1 MiB, 69.31 W, 26, 345 MHz
2026/09/15 02:19:43.270, 6, GPU-7d80084d-f83b-1a50-3007-35e8f2af67c2, NVIDIA H100 80GB HBM3, 0 %, 1 MiB, 70.94 W, 28, 345 MHz
2026/09/15 02:19:43.272, 7, GPU-69cdf81a-1c5b-4e7c-54e2-2dd45eb25e36, NVIDIA H100 80GB HBM3, 0 %, 1 MiB, 70.32 W, 26, 345 MHz
2026/09/15 02:19:44.275, 0, GPU-3d9bae9f-f6a5-a533-682a-2990f19ffa90, NVIDIA H100 80GB HBM3, 0 %, 20918 MiB, 117.57 W, 39, 1980 MHz
2026/09/15 02:19:44.276, 1, GPU-d67482aa-44bc-1a33-2545-de34f4bb6c82, NVIDIA H100 80GB HBM3, 0 %, 1 MiB, 70.77 W, 34, 345 MHz
2026/09/15 02:19:44.278, 2, GPU-6c47d827-68bc-9d8f-448e-55624a5f2f65, NVIDIA H100 80GB HBM3, 0 %, 1 MiB, 71.50 W, 26, 345 MHz
2026/09/15 02:19:44.280, 3, GPU-a481f1cc-7ac4-a6c3-b8a4-eed1d39e45aa, NVIDIA H100 80GB HBM3, 0 %, 1 MiB, 74.94 W, 26, 345 MHz
2026/09/15 02:19:44.283, 4, GPU-a60182ac-1fbd-0654-4298-7dfab8d789ca, NVIDIA H100 80GB HBM3, 0 %, 1 MiB, 72.34 W, 26, 345 MHz
2026/09/15 02:19:44.286, 5, GPU-11bb96fb-3b4c-98eb-f310-70437157969c, NVIDIA H100 80GB HBM3, 0 %, 1 MiB, 69.32 W, 26, 345 MHz
2026/09/15 02:19:44.288, 6, GPU-7d80084d-f83b-1a50-3007-35e8f2af67c2, NVIDIA H100 80GB HBM3, 0 %, 1 MiB, 70.90 W, 28, 345 MHz
2026/09/15 02:19:44.290, 7, GPU-69cdf81a-1c5b-4e7c-54e2-2dd45eb25e36, NVIDIA H100 80GB HBM3, 0 %, 1 MiB, 70.28 W, 26, 345 MHz
2026/09/15 02:19:45.293, 0, GPU-3d9bae9f-f6a5-a533-682a-2990f19ffa90, NVIDIA H100 80GB HBM3, 0 %, 20918 MiB, 117.56 W, 39, 1980 MHz
2026/09/15 02:19:45.295, 1, GPU-d67482aa-44bc-1a33-2545-de34f4bb6c82, NVIDIA H100 80GB HBM3, 0 %, 1 MiB, 70.78 W, 34, 345 MHz
2026/09/15 02:19:45.297, 2, GPU-6c47d827-68bc-9d8f-448e-55624a5f2f65, NVIDIA H100 80GB HBM3, 0 %, 1 MiB, 71.54 W, 26, 345 MHz
2026/09/15 02:19:45.307, 3, GPU-a481f1cc-7ac4-a6c3-b8a4-eed1d39e45aa, NVIDIA H100 80GB HBM3, 0 %, 1 MiB, 74.95 W, 26, 345 MHz
2026/09/15 02:19:45.309, 4, GPU-a60182ac-1fbd-0654-4298-7dfab8d789ca, NVIDIA H100 80GB HBM3, 0 %, 1 MiB, 72.27 W, 26, 345 MHz
2026/09/15 02:19:45.311, 5, GPU-11bb96fb-3b4c-98eb-f310-70437157969c, NVIDIA H100 80GB HBM3, 0 %, 1 MiB, 69.33 W, 26, 345 MHz
2026/09/15 02:19:45.314, 6, GPU-7d80084d-f83b-1a50-3007-35e8f2af67c2, NVIDIA H100 80GB HBM3, 0 %, 1 MiB, 70.86 W, 28, 345 MHz
2026/09/15 02:19:45.316, 7, GPU-69cdf81a-1c5b-4e7c-54e2-2dd45eb25e36, NVIDIA H100 80GB HBM3, 0 %, 1 MiB, 70.30 W, 26, 345 MHz
2026/09/15 02:19:46.318, 0, GPU-3d9bae9f-f6a5-a533-682a-2990f19ffa90, NVIDIA H100 80GB HBM3, 0 %, 20918 MiB, 117.52 W, 39, 1980 MHz
2026/09/15 02:19:46.320, 1, GPU-d67482aa-44bc-1a33-2545-de34f4bb6c82, NVIDIA H100 80GB HBM3, 0 %, 1 MiB, 70.80 W, 34, 345 MHz
2026/09/15 02:19:46.323, 2, GPU-6c47d827-68bc-9d8f-448e-55624a5f2f65, NVIDIA H100 80GB HBM3, 0 %, 1 MiB, 71.53 W, 26, 345 MHz
2026/09/15 02:19:46.326, 3, GPU-a481f1cc-7ac4-a6c3-b8a4-eed1d39e45aa, NVIDIA H100 80GB HBM3, 0 %, 1 MiB, 74.94 W, 26, 345 MHz
2026/09/15 02:19:46.336, 4, GPU-a60182ac-1fbd-0654-4298-7dfab8d789ca, NVIDIA H100 80GB HBM3, 0 %, 1 MiB, 72.40 W, 26, 345 MHz
2026/09/15 02:19:46.338, 5, GPU-11bb96fb-3b4c-98eb-f310-70437157969c, NVIDIA H100 80GB HBM3, 0 %, 1 MiB, 69.34 W, 26, 345 MHz
2026/09/15 02:19:46.341, 6, GPU-7d80084d-f83b-1a50-3007-35e8f2af67c2, NVIDIA H100 80GB HBM3, 0 %, 1 MiB, 70.96 W, 28, 345 MHz
2026/09/15 02:19:46.344, 7, GPU-69cdf81a-1c5b-4e7c-54e2-2dd45eb25e36, NVIDIA H100 80GB HBM3, 0 %, 1 MiB, 70.29 W, 26, 345 MHz
2026/09/15 02:19:47.346, 0, GPU-3d9bae9f-f6a5-a533-682a-2990f19ffa90, NVIDIA H100 80GB HBM3, 0 %, 20918 MiB, 117.55 W, 39, 1980 MHz
2026/09/15 02:19:47.350, 1, GPU-d67482aa-44bc-1a33-2545-de34f4bb6c82, NVIDIA H100 80GB HBM3, 0 %, 1 MiB, 70.80 W, 34, 345 MHz
2026/09/15 02:19:47.354, 2, GPU-6c47d827-68bc-9d8f-448e-55624a5f2f65, NVIDIA H100 80GB HBM3, 0 %, 1 MiB, 71.51 W, 26, 345 MHz
2026/09/15 02:19:47.357, 3, GPU-a481f1cc-7ac4-a6c3-b8a4-eed1d39e45aa, NVIDIA H100 80GB HBM3, 0 %, 1 MiB, 74.98 W, 26, 345 MHz
2026/09/15 02:19:47.360, 4, GPU-a60182ac-1fbd-0654-4298-7dfab8d789ca, NVIDIA H100 80GB HBM3, 0 %, 1 MiB, 72.25 W, 26, 345 MHz
2026/09/15 02:19:47.367, 5, GPU-11bb96fb-3b4c-98eb-f310-70437157969c, NVIDIA H100 80GB HBM3, 0 %, 1 MiB, 69.31 W, 26, 345 MHz
2026/09/15 02:19:47.369, 6, GPU-7d80084d-f83b-1a50-3007-35e8f2af67c2, NVIDIA H100 80GB HBM3, 0 %, 1 MiB, 70.98 W, 28, 345 MHz
2026/09/15 02:19:47.372, 7, GPU-69cdf81a-1c5b-4e7c-54e2-2dd45eb25e36, NVIDIA H100 80GB HBM3, 0 %, 1 MiB, 70.28 W, 26, 345 MHz
2026/09/15 02:19:48.374, 0, GPU-3d9bae9f-f6a5-a533-682a-2990f19ffa90, NVIDIA H100 80GB HBM3, 0 %, 20918 MiB, 117.54 W, 39, 1980 MHz
2026/09/15 02:19:48.386, 1, GPU-d67482aa-44bc-1a33-2545-de34f4bb6c82, NVIDIA H100 80GB HBM3, 0 %, 1 MiB, 70.80 W, 34, 345 MHz
2026/09/15 02:19:48.390, 2, GPU-6c47d827-68bc-9d8f-448e-55624a5f2f65, NVIDIA H100 80GB HBM3, 0 %, 1 MiB, 71.50 W, 26, 345 MHz
2026/09/15 02:19:48.393, 3, GPU-a481f1cc-7ac4-a6c3-b8a4-eed1d39e45aa, NVIDIA H100 80GB HBM3, 0 %, 1 MiB, 74.98 W, 26, 345 MHz
2026/09/15 02:19:48.395, 4, GPU-a60182ac-1fbd-0654-4298-7dfab8d789ca, NVIDIA H100 80GB HBM3, 0 %, 1 MiB, 72.45 W, 26, 345 MHz
2026/09/15 02:19:48.398, 5, GPU-11bb96fb-3b4c-98eb-f310-70437157969c, NVIDIA H100 80GB HBM3, 0 %, 1 MiB, 69.36 W, 26, 345 MHz
2026/09/15 02:19:48.411, 6, GPU-7d80084d-f83b-1a50-3007-35e8f2af67c2, NVIDIA H100 80GB HBM3, 0 %, 1 MiB, 70.89 W, 28, 345 MHz
2026/09/15 02:19:48.413, 7, GPU-69cdf81a-1c5b-4e7c-54e2-2dd45eb25e36, NVIDIA H100 80GB HBM3, 0 %, 1 MiB, 70.31 W, 26, 345 MHz
2026/09/15 02:19:49.420, 0, GPU-3d9bae9f-f6a5-a533-682a-2990f19ffa90, NVIDIA H100 80GB HBM3, 0 %, 20918 MiB, 117.55 W, 39, 1980 MHz
2026/09/15 02:19:49.422, 1, GPU-d67482aa-44bc-1a33-2545-de34f4bb6c82, NVIDIA H100 80GB HBM3, 0 %, 1 MiB, 70.80 W, 34, 345 MHz
2026/09/15 02:19:49.425, 2, GPU-6c47d827-68bc-9d8f-448e-55624a5f2f65, NVIDIA H100 80GB HBM3, 0 %, 1 MiB, 71.54 W, 26, 345 MHz
2026/09/15 02:19:49.427, 3, GPU-a481f1cc-7ac4-a6c3-b8a4-eed1d39e45aa, NVIDIA H100 80GB HBM3, 0 %, 1 MiB, 74.95 W, 26, 345 MHz
2026/09/15 02:19:49.436, 4, GPU-a60182ac-1fbd-0654-4298-7dfab8d789ca, NVIDIA H100 80GB HBM3, 0 %, 1 MiB, 72.27 W, 26, 345 MHz
2026/09/15 02:19:49.439, 5, GPU-11bb96fb-3b4c-98eb-f310-70437157969c, NVIDIA H100 80GB HBM3, 0 %, 1 MiB, 69.34 W, 26, 345 MHz
2026/09/15 02:19:49.442, 6, GPU-7d80084d-f83b-1a50-3007-35e8f2af67c2, NVIDIA H100 80GB HBM3, 0 %, 1 MiB, 70.92 W, 28, 345 MHz
2026/09/15 02:19:49.445, 7, GPU-69cdf81a-1c5b-4e7c-54e2-2dd45eb25e36, NVIDIA H100 80GB HBM3, 0 %, 1 MiB, 70.33 W, 26, 345 MHz
2026/09/15 02:19:50.447, 0, GPU-3d9bae9f-f6a5-a533-682a-2990f19ffa90, NVIDIA H100 80GB HBM3, 5 %, 21996 MiB, 117.78 W, 39, 1980 MHz
2026/09/15 02:19:50.451, 1, GPU-d67482aa-44bc-1a33-2545-de34f4bb6c82, NVIDIA H100 80GB HBM3, 0 %, 1 MiB, 70.80 W, 34, 345 MHz
2026/09/15 02:19:50.456, 2, GPU-6c47d827-68bc-9d8f-448e-55624a5f2f65, NVIDIA H100 80GB HBM3, 0 %, 1 MiB, 71.56 W, 26, 345 MHz
2026/09/15 02:19:50.459, 3, GPU-a481f1cc-7ac4-a6c3-b8a4-eed1d39e45aa, NVIDIA H100 80GB HBM3, 0 %, 1 MiB, 75.02 W, 26, 345 MHz
2026/09/15 02:19:50.462, 4, GPU-a60182ac-1fbd-0654-4298-7dfab8d789ca, NVIDIA H100 80GB HBM3, 0 %, 1 MiB, 72.40 W, 26, 345 MHz
2026/09/15 02:19:50.469, 5, GPU-11bb96fb-3b4c-98eb-f310-70437157969c, NVIDIA H100 80GB HBM3, 0 %, 1 MiB, 69.36 W, 26, 345 MHz
2026/09/15 02:19:50.471, 6, GPU-7d80084d-f83b-1a50-3007-35e8f2af67c2, NVIDIA H100 80GB HBM3, 0 %, 1 MiB, 70.92 W, 28, 345 MHz
2026/09/15 02:19:50.473, 7, GPU-69cdf81a-1c5b-4e7c-54e2-2dd45eb25e36, NVIDIA H100 80GB HBM3, 0 %, 1 MiB, 70.34 W, 26, 345 MHz
2026/09/15 02:19:51.475, 0, GPU-3d9bae9f-f6a5-a533-682a-2990f19ffa90, NVIDIA H100 80GB HBM3, 0 %, 22274 MiB, 117.62 W, 39, 1980 MHz
2026/09/15 02:19:51.478, 1, GPU-d67482aa-44bc-1a33-2545-de34f4bb6c82, NVIDIA H100 80GB HBM3, 0 %, 1 MiB, 70.79 W, 34, 345 MHz
2026/09/15 02:19:51.479, 2, GPU-6c47d827-68bc-9d8f-448e-55624a5f2f65, NVIDIA H100 80GB HBM3, 0 %, 1 MiB, 71.56 W, 26, 345 MHz
2026/09/15 02:19:51.481, 3, GPU-a481f1cc-7ac4-a6c3-b8a4-eed1d39e45aa, NVIDIA H100 80GB HBM3, 0 %, 1 MiB, 74.97 W, 26, 345 MHz
2026/09/15 02:19:51.485, 4, GPU-a60182ac-1fbd-0654-4298-7dfab8d789ca, NVIDIA H100 80GB HBM3, 0 %, 1 MiB, 72.26 W, 26, 345 MHz
2026/09/15 02:19:51.487, 5, GPU-11bb96fb-3b4c-98eb-f310-70437157969c, NVIDIA H100 80GB HBM3, 0 %, 1 MiB, 69.35 W, 26, 345 MHz
2026/09/15 02:19:51.489, 6, GPU-7d80084d-f83b-1a50-3007-35e8f2af67c2, NVIDIA H100 80GB HBM3, 0 %, 1 MiB, 70.96 W, 28, 345 MHz
2026/09/15 02:19:51.491, 7, GPU-69cdf81a-1c5b-4e7c-54e2-2dd45eb25e36, NVIDIA H100 80GB HBM3, 0 %, 1 MiB, 70.35 W, 26, 345 MHz
2026/09/15 02:19:52.494, 0, GPU-3d9bae9f-f6a5-a533-682a-2990f19ffa90, NVIDIA H100 80GB HBM3, 0 %, 22274 MiB, 117.56 W, 39, 1980 MHz
2026/09/15 02:19:52.510, 1, GPU-d67482aa-44bc-1a33-2545-de34f4bb6c82, NVIDIA H100 80GB HBM3, 0 %, 1 MiB, 70.81 W, 34, 345 MHz
2026/09/15 02:19:52.536, 2, GPU-6c47d827-68bc-9d8f-448e-55624a5f2f65, NVIDIA H100 80GB HBM3, 0 %, 1 MiB, 71.52 W, 26, 345 MHz
2026/09/15 02:19:52.562, 3, GPU-a481f1cc-7ac4-a6c3-b8a4-eed1d39e45aa, NVIDIA H100 80GB HBM3, 0 %, 1 MiB, 74.98 W, 26, 345 MHz
2026/09/15 02:19:52.593, 4, GPU-a60182ac-1fbd-0654-4298-7dfab8d789ca, NVIDIA H100 80GB HBM3, 0 %, 1 MiB, 72.34 W, 26, 345 MHz
2026/09/15 02:19:52.618, 5, GPU-11bb96fb-3b4c-98eb-f310-70437157969c, NVIDIA H100 80GB HBM3, 0 %, 1 MiB, 69.35 W, 26, 345 MHz
2026/09/15 02:19:52.642, 6, GPU-7d80084d-f83b-1a50-3007-35e8f2af67c2, NVIDIA H100 80GB HBM3, 0 %, 1 MiB, 70.96 W, 28, 345 MHz
2026/09/15 02:19:52.645, 7, GPU-69cdf81a-1c5b-4e7c-54e2-2dd45eb25e36, NVIDIA H100 80GB HBM3, 0 %, 1 MiB, 70.33 W, 26, 345 MHz
2026/09/15 02:19:53.647, 0, GPU-3d9bae9f-f6a5-a533-682a-2990f19ffa90, NVIDIA H100 80GB HBM3, 0 %, 23440 MiB, 117.77 W, 39, 1980 MHz
2026/09/15 02:19:53.650, 1, GPU-d67482aa-44bc-1a33-2545-de34f4bb6c82, NVIDIA H100 80GB HBM3, 0 %, 1 MiB, 70.80 W, 34, 345 MHz
2026/09/15 02:19:53.655, 2, GPU-6c47d827-68bc-9d8f-448e-55624a5f2f65, NVIDIA H100 80GB HBM3, 0 %, 1 MiB, 71.51 W, 26, 345 MHz
2026/09/15 02:19:53.658, 3, GPU-a481f1cc-7ac4-a6c3-b8a4-eed1d39e45aa, NVIDIA H100 80GB HBM3, 0 %, 1 MiB, 74.99 W, 26, 345 MHz
2026/09/15 02:19:53.660, 4, GPU-a60182ac-1fbd-0654-4298-7dfab8d789ca, NVIDIA H100 80GB HBM3, 0 %, 1 MiB, 72.44 W, 26, 345 MHz
2026/09/15 02:19:53.669, 5, GPU-11bb96fb-3b4c-98eb-f310-70437157969c, NVIDIA H100 80GB HBM3, 0 %, 1 MiB, 69.32 W, 26, 345 MHz
2026/09/15 02:19:53.671, 6, GPU-7d80084d-f83b-1a50-3007-35e8f2af67c2, NVIDIA H100 80GB HBM3, 0 %, 1 MiB, 70.92 W, 28, 345 MHz
2026/09/15 02:19:53.673, 7, GPU-69cdf81a-1c5b-4e7c-54e2-2dd45eb25e36, NVIDIA H100 80GB HBM3, 0 %, 1 MiB, 70.28 W, 26, 345 MHz
2026/09/15 02:19:54.676, 0, GPU-3d9bae9f-f6a5-a533-682a-2990f19ffa90, NVIDIA H100 80GB HBM3, 0 %, 23440 MiB, 117.51 W, 39, 1980 MHz
2026/09/15 02:19:54.677, 1, GPU-d67482aa-44bc-1a33-2545-de34f4bb6c82, NVIDIA H100 80GB HBM3, 0 %, 1 MiB, 70.81 W, 34, 345 MHz
2026/09/15 02:19:54.679, 2, GPU-6c47d827-68bc-9d8f-448e-55624a5f2f65, NVIDIA H100 80GB HBM3, 0 %, 1 MiB, 71.54 W, 26, 345 MHz
2026/09/15 02:19:54.681, 3, GPU-a481f1cc-7ac4-a6c3-b8a4-eed1d39e45aa, NVIDIA H100 80GB HBM3, 0 %, 1 MiB, 74.99 W, 26, 345 MHz
2026/09/15 02:19:54.684, 4, GPU-a60182ac-1fbd-0654-4298-7dfab8d789ca, NVIDIA H100 80GB HBM3, 0 %, 1 MiB, 72.25 W, 26, 345 MHz
2026/09/15 02:19:54.686, 5, GPU-11bb96fb-3b4c-98eb-f310-70437157969c, NVIDIA H100 80GB HBM3, 0 %, 1 MiB, 69.35 W, 26, 345 MHz
2026/09/15 02:19:54.689, 6, GPU-7d80084d-f83b-1a50-3007-35e8f2af67c2, NVIDIA H100 80GB HBM3, 0 %, 1 MiB, 70.88 W, 28, 345 MHz
2026/09/15 02:19:54.691, 7, GPU-69cdf81a-1c5b-4e7c-54e2-2dd45eb25e36, NVIDIA H100 80GB HBM3, 0 %, 1 MiB, 70.31 W, 26, 345 MHz
2026/09/15 02:19:55.693, 0, GPU-3d9bae9f-f6a5-a533-682a-2990f19ffa90, NVIDIA H100 80GB HBM3, 0 %, 23440 MiB, 117.53 W, 39, 1980 MHz
2026/09/15 02:19:55.695, 1, GPU-d67482aa-44bc-1a33-2545-de34f4bb6c82, NVIDIA H100 80GB HBM3, 0 %, 1 MiB, 70.80 W, 34, 345 MHz
2026/09/15 02:19:55.697, 2, GPU-6c47d827-68bc-9d8f-448e-55624a5f2f65, NVIDIA H100 80GB HBM3, 0 %, 1 MiB, 71.53 W, 26, 345 MHz
2026/09/15 02:19:55.707, 3, GPU-a481f1cc-7ac4-a6c3-b8a4-eed1d39e45aa, NVIDIA H100 80GB HBM3, 0 %, 1 MiB, 75.02 W, 26, 345 MHz
2026/09/15 02:19:55.709, 4, GPU-a60182ac-1fbd-0654-4298-7dfab8d789ca, NVIDIA H100 80GB HBM3, 0 %, 1 MiB, 72.46 W, 26, 345 MHz
2026/09/15 02:19:55.711, 5, GPU-11bb96fb-3b4c-98eb-f310-70437157969c, NVIDIA H100 80GB HBM3, 0 %, 1 MiB, 69.32 W, 26, 345 MHz
2026/09/15 02:19:55.713, 6, GPU-7d80084d-f83b-1a50-3007-35e8f2af67c2, NVIDIA H100 80GB HBM3, 0 %, 1 MiB, 70.90 W, 28, 345 MHz
2026/09/15 02:19:55.716, 7, GPU-69cdf81a-1c5b-4e7c-54e2-2dd45eb25e36, NVIDIA H100 80GB HBM3, 0 %, 1 MiB, 70.33 W, 26, 345 MHz
2026/09/15 02:19:56.719, 0, GPU-3d9bae9f-f6a5-a533-682a-2990f19ffa90, NVIDIA H100 80GB HBM3, 0 %, 23440 MiB, 117.56 W, 39, 1980 MHz
2026/09/15 02:19:56.720, 1, GPU-d67482aa-44bc-1a33-2545-de34f4bb6c82, NVIDIA H100 80GB HBM3, 0 %, 1 MiB, 70.80 W, 34, 345 MHz
2026/09/15 02:19:56.723, 2, GPU-6c47d827-68bc-9d8f-448e-55624a5f2f65, NVIDIA H100 80GB HBM3, 0 %, 1 MiB, 71.53 W, 26, 345 MHz
2026/09/15 02:19:56.726, 3, GPU-a481f1cc-7ac4-a6c3-b8a4-eed1d39e45aa, NVIDIA H100 80GB HBM3, 0 %, 1 MiB, 75.02 W, 26, 345 MHz
2026/09/15 02:19:56.735, 4, GPU-a60182ac-1fbd-0654-4298-7dfab8d789ca, NVIDIA H100 80GB HBM3, 0 %, 1 MiB, 72.29 W, 26, 345 MHz
2026/09/15 02:19:56.738, 5, GPU-11bb96fb-3b4c-98eb-f310-70437157969c, NVIDIA H100 80GB HBM3, 0 %, 1 MiB, 69.38 W, 26, 345 MHz
2026/09/15 02:19:56.741, 6, GPU-7d80084d-f83b-1a50-3007-35e8f2af67c2, NVIDIA H100 80GB HBM3, 0 %, 1 MiB, 70.88 W, 28, 345 MHz
2026/09/15 02:19:56.743, 7, GPU-69cdf81a-1c5b-4e7c-54e2-2dd45eb25e36, NVIDIA H100 80GB HBM3, 0 %, 1 MiB, 70.37 W, 26, 345 MHz
2026/09/15 02:19:57.746, 0, GPU-3d9bae9f-f6a5-a533-682a-2990f19ffa90, NVIDIA H100 80GB HBM3, 0 %, 23440 MiB, 117.56 W, 39, 1980 MHz
2026/09/15 02:19:57.748, 1, GPU-d67482aa-44bc-1a33-2545-de34f4bb6c82, NVIDIA H100 80GB HBM3, 0 %, 1 MiB, 70.76 W, 34, 345 MHz
2026/09/15 02:19:57.755, 2, GPU-6c47d827-68bc-9d8f-448e-55624a5f2f65, NVIDIA H100 80GB HBM3, 0 %, 1 MiB, 71.53 W, 26, 345 MHz
2026/09/15 02:19:57.757, 3, GPU-a481f1cc-7ac4-a6c3-b8a4-eed1d39e45aa, NVIDIA H100 80GB HBM3, 0 %, 1 MiB, 75.00 W, 26, 345 MHz
2026/09/15 02:19:57.770, 4, GPU-a60182ac-1fbd-0654-4298-7dfab8d789ca, NVIDIA H100 80GB HBM3, 0 %, 1 MiB, 72.48 W, 26, 345 MHz
2026/09/15 02:19:57.773, 5, GPU-11bb96fb-3b4c-98eb-f310-70437157969c, NVIDIA H100 80GB HBM3, 0 %, 1 MiB, 69.33 W, 26, 345 MHz
2026/09/15 02:19:57.776, 6, GPU-7d80084d-f83b-1a50-3007-35e8f2af67c2, NVIDIA H100 80GB HBM3, 0 %, 1 MiB, 70.91 W, 28, 345 MHz
2026/09/15 02:19:57.778, 7, GPU-69cdf81a-1c5b-4e7c-54e2-2dd45eb25e36, NVIDIA H100 80GB HBM3, 0 %, 1 MiB, 70.33 W, 26, 345 MHz
2026/09/15 02:19:58.781, 0, GPU-3d9bae9f-f6a5-a533-682a-2990f19ffa90, NVIDIA H100 80GB HBM3, 0 %, 23440 MiB, 117.53 W, 39, 1980 MHz
2026/09/15 02:19:58.782, 1, GPU-d67482aa-44bc-1a33-2545-de34f4bb6c82, NVIDIA H100 80GB HBM3, 0 %, 1 MiB, 70.83 W, 34, 345 MHz
2026/09/15 02:19:58.784, 2, GPU-6c47d827-68bc-9d8f-448e-55624a5f2f65, NVIDIA H100 80GB HBM3, 0 %, 1 MiB, 71.49 W, 26, 345 MHz
2026/09/15 02:19:58.786, 3, GPU-a481f1cc-7ac4-a6c3-b8a4-eed1d39e45aa, NVIDIA H100 80GB HBM3, 0 %, 1 MiB, 74.99 W, 26, 345 MHz
2026/09/15 02:19:58.788, 4, GPU-a60182ac-1fbd-0654-4298-7dfab8d789ca, NVIDIA H100 80GB HBM3, 0 %, 1 MiB, 72.25 W, 26, 345 MHz
2026/09/15 02:19:58.790, 5, GPU-11bb96fb-3b4c-98eb-f310-70437157969c, NVIDIA H100 80GB HBM3, 0 %, 1 MiB, 69.34 W, 26, 345 MHz
2026/09/15 02:19:58.793, 6, GPU-7d80084d-f83b-1a50-3007-35e8f2af67c2, NVIDIA H100 80GB HBM3, 0 %, 1 MiB, 70.87 W, 28, 345 MHz
2026/09/15 02:19:58.795, 7, GPU-69cdf81a-1c5b-4e7c-54e2-2dd45eb25e36, NVIDIA H100 80GB HBM3, 0 %, 1 MiB, 70.30 W, 26, 345 MHz
2026/09/15 02:19:59.797, 0, GPU-3d9bae9f-f6a5-a533-682a-2990f19ffa90, NVIDIA H100 80GB HBM3, 0 %, 23440 MiB, 117.60 W, 39, 1980 MHz
2026/09/15 02:19:59.824, 1, GPU-d67482aa-44bc-1a33-2545-de34f4bb6c82, NVIDIA H100 80GB HBM3, 0 %, 1 MiB, 70.81 W, 34, 345 MHz
2026/09/15 02:19:59.856, 2, GPU-6c47d827-68bc-9d8f-448e-55624a5f2f65, NVIDIA H100 80GB HBM3, 0 %, 1 MiB, 71.47 W, 26, 345 MHz
2026/09/15 02:19:59.882, 3, GPU-a481f1cc-7ac4-a6c3-b8a4-eed1d39e45aa, NVIDIA H100 80GB HBM3, 0 %, 1 MiB, 74.99 W, 26, 345 MHz
2026/09/15 02:19:59.884, 4, GPU-a60182ac-1fbd-0654-4298-7dfab8d789ca, NVIDIA H100 80GB HBM3, 0 %, 1 MiB, 72.35 W, 26, 345 MHz
2026/09/15 02:19:59.887, 5, GPU-11bb96fb-3b4c-98eb-f310-70437157969c, NVIDIA H100 80GB HBM3, 0 %, 1 MiB, 69.37 W, 26, 345 MHz
2026/09/15 02:19:59.889, 6, GPU-7d80084d-f83b-1a50-3007-35e8f2af67c2, NVIDIA H100 80GB HBM3, 0 %, 1 MiB, 70.88 W, 28, 345 MHz
2026/09/15 02:19:59.891, 7, GPU-69cdf81a-1c5b-4e7c-54e2-2dd45eb25e36, NVIDIA H100 80GB HBM3, 0 %, 1 MiB, 70.33 W, 26, 345 MHz
2026/09/15 02:20:00.894, 0, GPU-3d9bae9f-f6a5-a533-682a-2990f19ffa90, NVIDIA H100 80GB HBM3, 0 %, 23440 MiB, 117.54 W, 39, 1980 MHz
2026/09/15 02:20:00.898, 1, GPU-d67482aa-44bc-1a33-2545-de34f4bb6c82, NVIDIA H100 80GB HBM3, 0 %, 1 MiB, 70.80 W, 34, 345 MHz
2026/09/15 02:20:00.901, 2, GPU-6c47d827-68bc-9d8f-448e-55624a5f2f65, NVIDIA H100 80GB HBM3, 0 %, 1 MiB, 71.53 W, 26, 345 MHz
2026/09/15 02:20:00.907, 3, GPU-a481f1cc-7ac4-a6c3-b8a4-eed1d39e45aa, NVIDIA H100 80GB HBM3, 0 %, 1 MiB, 75.01 W, 26, 345 MHz
2026/09/15 02:20:00.909, 4, GPU-a60182ac-1fbd-0654-4298-7dfab8d789ca, NVIDIA H100 80GB HBM3, 0 %, 1 MiB, 72.39 W, 26, 345 MHz
2026/09/15 02:20:00.912, 5, GPU-11bb96fb-3b4c-98eb-f310-70437157969c, NVIDIA H100 80GB HBM3, 0 %, 1 MiB, 69.37 W, 26, 345 MHz
2026/09/15 02:20:00.914, 6, GPU-7d80084d-f83b-1a50-3007-35e8f2af67c2, NVIDIA H100 80GB HBM3, 0 %, 1 MiB, 70.94 W, 28, 345 MHz
2026/09/15 02:20:00.916, 7, GPU-69cdf81a-1c5b-4e7c-54e2-2dd45eb25e36, NVIDIA H100 80GB HBM3, 0 %, 1 MiB, 70.32 W, 26, 345 MHz
2026/09/15 02:20:01.920, 0, GPU-3d9bae9f-f6a5-a533-682a-2990f19ffa90, NVIDIA H100 80GB HBM3, 0 %, 23440 MiB, 117.58 W, 39, 1980 MHz
2026/09/15 02:20:01.922, 1, GPU-d67482aa-44bc-1a33-2545-de34f4bb6c82, NVIDIA H100 80GB HBM3, 0 %, 1 MiB, 70.75 W, 34, 345 MHz
2026/09/15 02:20:01.925, 2, GPU-6c47d827-68bc-9d8f-448e-55624a5f2f65, NVIDIA H100 80GB HBM3, 0 %, 1 MiB, 71.53 W, 26, 345 MHz
2026/09/15 02:20:01.927, 3, GPU-a481f1cc-7ac4-a6c3-b8a4-eed1d39e45aa, NVIDIA H100 80GB HBM3, 0 %, 1 MiB, 74.99 W, 26, 345 MHz
2026/09/15 02:20:01.936, 4, GPU-a60182ac-1fbd-0654-4298-7dfab8d789ca, NVIDIA H100 80GB HBM3, 0 %, 1 MiB, 72.33 W, 26, 345 MHz
2026/09/15 02:20:01.940, 5, GPU-11bb96fb-3b4c-98eb-f310-70437157969c, NVIDIA H100 80GB HBM3, 0 %, 1 MiB, 69.31 W, 26, 345 MHz
2026/09/15 02:20:01.942, 6, GPU-7d80084d-f83b-1a50-3007-35e8f2af67c2, NVIDIA H100 80GB HBM3, 0 %, 1 MiB, 70.93 W, 28, 345 MHz
2026/09/15 02:20:01.945, 7, GPU-69cdf81a-1c5b-4e7c-54e2-2dd45eb25e36, NVIDIA H100 80GB HBM3, 0 %, 1 MiB, 70.34 W, 26, 345 MHz
2026/09/15 02:20:02.947, 0, GPU-3d9bae9f-f6a5-a533-682a-2990f19ffa90, NVIDIA H100 80GB HBM3, 0 %, 23440 MiB, 117.57 W, 39, 1980 MHz
2026/09/15 02:20:02.950, 1, GPU-d67482aa-44bc-1a33-2545-de34f4bb6c82, NVIDIA H100 80GB HBM3, 0 %, 1 MiB, 70.76 W, 34, 345 MHz
2026/09/15 02:20:02.955, 2, GPU-6c47d827-68bc-9d8f-448e-55624a5f2f65, NVIDIA H100 80GB HBM3, 0 %, 1 MiB, 71.55 W, 26, 345 MHz
2026/09/15 02:20:02.959, 3, GPU-a481f1cc-7ac4-a6c3-b8a4-eed1d39e45aa, NVIDIA H100 80GB HBM3, 0 %, 1 MiB, 74.94 W, 26, 345 MHz
2026/09/15 02:20:02.961, 4, GPU-a60182ac-1fbd-0654-4298-7dfab8d789ca, NVIDIA H100 80GB HBM3, 0 %, 1 MiB, 72.38 W, 26, 345 MHz
2026/09/15 02:20:02.968, 5, GPU-11bb96fb-3b4c-98eb-f310-70437157969c, NVIDIA H100 80GB HBM3, 0 %, 1 MiB, 69.32 W, 26, 345 MHz
2026/09/15 02:20:02.970, 6, GPU-7d80084d-f83b-1a50-3007-35e8f2af67c2, NVIDIA H100 80GB HBM3, 0 %, 1 MiB, 70.88 W, 28, 345 MHz
2026/09/15 02:20:02.972, 7, GPU-69cdf81a-1c5b-4e7c-54e2-2dd45eb25e36, NVIDIA H100 80GB HBM3, 0 %, 1 MiB, 70.34 W, 26, 345 MHz
2026/09/15 02:20:03.975, 0, GPU-3d9bae9f-f6a5-a533-682a-2990f19ffa90, NVIDIA H100 80GB HBM3, 0 %, 23440 MiB, 117.55 W, 39, 1980 MHz
2026/09/15 02:20:03.977, 1, GPU-d67482aa-44bc-1a33-2545-de34f4bb6c82, NVIDIA H100 80GB HBM3, 0 %, 1 MiB, 70.76 W, 34, 345 MHz
2026/09/15 02:20:03.979, 2, GPU-6c47d827-68bc-9d8f-448e-55624a5f2f65, NVIDIA H100 80GB HBM3, 0 %, 1 MiB, 71.52 W, 26, 345 MHz
2026/09/15 02:20:03.981, 3, GPU-a481f1cc-7ac4-a6c3-b8a4-eed1d39e45aa, NVIDIA H100 80GB HBM3, 0 %, 1 MiB, 74.97 W, 26, 345 MHz
2026/09/15 02:20:03.985, 4, GPU-a60182ac-1fbd-0654-4298-7dfab8d789ca, NVIDIA H100 80GB HBM3, 0 %, 1 MiB, 72.22 W, 26, 345 MHz
2026/09/15 02:20:03.987, 5, GPU-11bb96fb-3b4c-98eb-f310-70437157969c, NVIDIA H100 80GB HBM3, 0 %, 1 MiB, 69.35 W, 26, 345 MHz
2026/09/15 02:20:03.989, 6, GPU-7d80084d-f83b-1a50-3007-35e8f2af67c2, NVIDIA H100 80GB HBM3, 0 %, 1 MiB, 70.89 W, 28, 345 MHz
2026/09/15 02:20:03.991, 7, GPU-69cdf81a-1c5b-4e7c-54e2-2dd45eb25e36, NVIDIA H100 80GB HBM3, 0 %, 1 MiB, 70.29 W, 26, 345 MHz
2026/09/15 02:20:04.994, 0, GPU-3d9bae9f-f6a5-a533-682a-2990f19ffa90, NVIDIA H100 80GB HBM3, 0 %, 23440 MiB, 117.58 W, 39, 1980 MHz
2026/09/15 02:20:04.996, 1, GPU-d67482aa-44bc-1a33-2545-de34f4bb6c82, NVIDIA H100 80GB HBM3, 0 %, 1 MiB, 70.75 W, 34, 345 MHz
2026/09/15 02:20:04.998, 2, GPU-6c47d827-68bc-9d8f-448e-55624a5f2f65, NVIDIA H100 80GB HBM3, 0 %, 1 MiB, 71.56 W, 26, 345 MHz
2026/09/15 02:20:05.007, 3, GPU-a481f1cc-7ac4-a6c3-b8a4-eed1d39e45aa, NVIDIA H100 80GB HBM3, 0 %, 1 MiB, 74.98 W, 26, 345 MHz
2026/09/15 02:20:05.010, 4, GPU-a60182ac-1fbd-0654-4298-7dfab8d789ca, NVIDIA H100 80GB HBM3, 0 %, 1 MiB, 72.42 W, 26, 345 MHz
2026/09/15 02:20:05.012, 5, GPU-11bb96fb-3b4c-98eb-f310-70437157969c, NVIDIA H100 80GB HBM3, 0 %, 1 MiB, 69.36 W, 26, 345 MHz
2026/09/15 02:20:05.014, 6, GPU-7d80084d-f83b-1a50-3007-35e8f2af67c2, NVIDIA H100 80GB HBM3, 0 %, 1 MiB, 70.95 W, 28, 345 MHz
2026/09/15 02:20:05.016, 7, GPU-69cdf81a-1c5b-4e7c-54e2-2dd45eb25e36, NVIDIA H100 80GB HBM3, 0 %, 1 MiB, 70.33 W, 26, 345 MHz
2026/09/15 02:20:06.020, 0, GPU-3d9bae9f-f6a5-a533-682a-2990f19ffa90, NVIDIA H100 80GB HBM3, 0 %, 23440 MiB, 117.56 W, 39, 1980 MHz
2026/09/15 02:20:06.022, 1, GPU-d67482aa-44bc-1a33-2545-de34f4bb6c82, NVIDIA H100 80GB HBM3, 0 %, 1 MiB, 70.80 W, 34, 345 MHz
2026/09/15 02:20:06.025, 2, GPU-6c47d827-68bc-9d8f-448e-55624a5f2f65, NVIDIA H100 80GB HBM3, 0 %, 1 MiB, 71.58 W, 26, 345 MHz
2026/09/15 02:20:06.027, 3, GPU-a481f1cc-7ac4-a6c3-b8a4-eed1d39e45aa, NVIDIA H100 80GB HBM3, 0 %, 1 MiB, 74.98 W, 26, 345 MHz
2026/09/15 02:20:06.036, 4, GPU-a60182ac-1fbd-0654-4298-7dfab8d789ca, NVIDIA H100 80GB HBM3, 0 %, 1 MiB, 72.27 W, 26, 345 MHz
2026/09/15 02:20:06.040, 5, GPU-11bb96fb-3b4c-98eb-f310-70437157969c, NVIDIA H100 80GB HBM3, 0 %, 1 MiB, 69.34 W, 26, 345 MHz
2026/09/15 02:20:06.042, 6, GPU-7d80084d-f83b-1a50-3007-35e8f2af67c2, NVIDIA H100 80GB HBM3, 0 %, 1 MiB, 70.92 W, 28, 345 MHz
2026/09/15 02:20:06.045, 7, GPU-69cdf81a-1c5b-4e7c-54e2-2dd45eb25e36, NVIDIA H100 80GB HBM3, 0 %, 1 MiB, 70.30 W, 26, 345 MHz
2026/09/15 02:20:07.047, 0, GPU-3d9bae9f-f6a5-a533-682a-2990f19ffa90, NVIDIA H100 80GB HBM3, 0 %, 23440 MiB, 117.54 W, 39, 1980 MHz
2026/09/15 02:20:07.054, 1, GPU-d67482aa-44bc-1a33-2545-de34f4bb6c82, NVIDIA H100 80GB HBM3, 0 %, 1 MiB, 70.80 W, 34, 345 MHz
2026/09/15 02:20:07.080, 2, GPU-6c47d827-68bc-9d8f-448e-55624a5f2f65, NVIDIA H100 80GB HBM3, 0 %, 1 MiB, 71.58 W, 26, 345 MHz
2026/09/15 02:20:07.112, 3, GPU-a481f1cc-7ac4-a6c3-b8a4-eed1d39e45aa, NVIDIA H100 80GB HBM3, 0 %, 1 MiB, 75.01 W, 26, 345 MHz
2026/09/15 02:20:07.144, 4, GPU-a60182ac-1fbd-0654-4298-7dfab8d789ca, NVIDIA H100 80GB HBM3, 0 %, 1 MiB, 72.47 W, 26, 345 MHz
2026/09/15 02:20:07.147, 5, GPU-11bb96fb-3b4c-98eb-f310-70437157969c, NVIDIA H100 80GB HBM3, 0 %, 1 MiB, 69.35 W, 26, 345 MHz
2026/09/15 02:20:07.149, 6, GPU-7d80084d-f83b-1a50-3007-35e8f2af67c2, NVIDIA H100 80GB HBM3, 0 %, 1 MiB, 70.93 W, 28, 345 MHz
2026/09/15 02:20:07.151, 7, GPU-69cdf81a-1c5b-4e7c-54e2-2dd45eb25e36, NVIDIA H100 80GB HBM3, 0 %, 1 MiB, 70.31 W, 26, 345 MHz
2026/09/15 02:20:08.154, 0, GPU-3d9bae9f-f6a5-a533-682a-2990f19ffa90, NVIDIA H100 80GB HBM3, 0 %, 23440 MiB, 117.54 W, 39, 1980 MHz
2026/09/15 02:20:08.157, 1, GPU-d67482aa-44bc-1a33-2545-de34f4bb6c82, NVIDIA H100 80GB HBM3, 0 %, 1 MiB, 70.81 W, 34, 345 MHz
2026/09/15 02:20:08.158, 2, GPU-6c47d827-68bc-9d8f-448e-55624a5f2f65, NVIDIA H100 80GB HBM3, 0 %, 1 MiB, 71.53 W, 26, 345 MHz
2026/09/15 02:20:08.161, 3, GPU-a481f1cc-7ac4-a6c3-b8a4-eed1d39e45aa, NVIDIA H100 80GB HBM3, 0 %, 1 MiB, 74.96 W, 26, 345 MHz
2026/09/15 02:20:08.164, 4, GPU-a60182ac-1fbd-0654-4298-7dfab8d789ca, NVIDIA H100 80GB HBM3, 0 %, 1 MiB, 72.30 W, 26, 345 MHz
2026/09/15 02:20:08.168, 5, GPU-11bb96fb-3b4c-98eb-f310-70437157969c, NVIDIA H100 80GB HBM3, 0 %, 1 MiB, 69.35 W, 26, 345 MHz
2026/09/15 02:20:08.171, 6, GPU-7d80084d-f83b-1a50-3007-35e8f2af67c2, NVIDIA H100 80GB HBM3, 0 %, 1 MiB, 70.89 W, 28, 345 MHz
2026/09/15 02:20:08.173, 7, GPU-69cdf81a-1c5b-4e7c-54e2-2dd45eb25e36, NVIDIA H100 80GB HBM3, 0 %, 1 MiB, 70.35 W, 26, 345 MHz
2026/09/15 02:20:09.175, 0, GPU-3d9bae9f-f6a5-a533-682a-2990f19ffa90, NVIDIA H100 80GB HBM3, 0 %, 23440 MiB, 117.56 W, 39, 1980 MHz
2026/09/15 02:20:09.178, 1, GPU-d67482aa-44bc-1a33-2545-de34f4bb6c82, NVIDIA H100 80GB HBM3, 0 %, 1 MiB, 70.79 W, 34, 345 MHz
2026/09/15 02:20:09.180, 2, GPU-6c47d827-68bc-9d8f-448e-55624a5f2f65, NVIDIA H100 80GB HBM3, 0 %, 1 MiB, 71.50 W, 26, 345 MHz
2026/09/15 02:20:09.182, 3, GPU-a481f1cc-7ac4-a6c3-b8a4-eed1d39e45aa, NVIDIA H100 80GB HBM3, 0 %, 1 MiB, 74.97 W, 26, 345 MHz
2026/09/15 02:20:09.185, 4, GPU-a60182ac-1fbd-0654-4298-7dfab8d789ca, NVIDIA H100 80GB HBM3, 0 %, 1 MiB, 72.39 W, 26, 345 MHz
2026/09/15 02:20:09.187, 5, GPU-11bb96fb-3b4c-98eb-f310-70437157969c, NVIDIA H100 80GB HBM3, 0 %, 1 MiB, 69.35 W, 26, 345 MHz
2026/09/15 02:20:09.189, 6, GPU-7d80084d-f83b-1a50-3007-35e8f2af67c2, NVIDIA H100 80GB HBM3, 0 %, 1 MiB, 70.91 W, 28, 345 MHz
2026/09/15 02:20:09.192, 7, GPU-69cdf81a-1c5b-4e7c-54e2-2dd45eb25e36, NVIDIA H100 80GB HBM3, 0 %, 1 MiB, 70.35 W, 26, 345 MHz
2026/09/15 02:20:10.194, 0, GPU-3d9bae9f-f6a5-a533-682a-2990f19ffa90, NVIDIA H100 80GB HBM3, 0 %, 23440 MiB, 117.53 W, 39, 1980 MHz
2026/09/15 02:20:10.196, 1, GPU-d67482aa-44bc-1a33-2545-de34f4bb6c82, NVIDIA H100 80GB HBM3, 0 %, 1 MiB, 70.82 W, 34, 345 MHz
2026/09/15 02:20:10.198, 2, GPU-6c47d827-68bc-9d8f-448e-55624a5f2f65, NVIDIA H100 80GB HBM3, 0 %, 1 MiB, 71.50 W, 26, 345 MHz
2026/09/15 02:20:10.207, 3, GPU-a481f1cc-7ac4-a6c3-b8a4-eed1d39e45aa, NVIDIA H100 80GB HBM3, 0 %, 1 MiB, 74.96 W, 26, 345 MHz
2026/09/15 02:20:10.210, 4, GPU-a60182ac-1fbd-0654-4298-7dfab8d789ca, NVIDIA H100 80GB HBM3, 0 %, 1 MiB, 72.37 W, 26, 345 MHz
2026/09/15 02:20:10.212, 5, GPU-11bb96fb-3b4c-98eb-f310-70437157969c, NVIDIA H100 80GB HBM3, 0 %, 1 MiB, 69.38 W, 26, 345 MHz
2026/09/15 02:20:10.215, 6, GPU-7d80084d-f83b-1a50-3007-35e8f2af67c2, NVIDIA H100 80GB HBM3, 0 %, 1 MiB, 70.94 W, 28, 345 MHz
2026/09/15 02:20:10.217, 7, GPU-69cdf81a-1c5b-4e7c-54e2-2dd45eb25e36, NVIDIA H100 80GB HBM3, 0 %, 1 MiB, 70.29 W, 26, 345 MHz
2026/09/15 02:20:11.221, 0, GPU-3d9bae9f-f6a5-a533-682a-2990f19ffa90, NVIDIA H100 80GB HBM3, 0 %, 23440 MiB, 117.54 W, 39, 1980 MHz
2026/09/15 02:20:11.226, 1, GPU-d67482aa-44bc-1a33-2545-de34f4bb6c82, NVIDIA H100 80GB HBM3, 0 %, 1 MiB, 70.78 W, 34, 345 MHz
2026/09/15 02:20:11.283, 2, GPU-6c47d827-68bc-9d8f-448e-55624a5f2f65, NVIDIA H100 80GB HBM3, 0 %, 1 MiB, 71.54 W, 26, 345 MHz
2026/09/15 02:20:11.310, 3, GPU-a481f1cc-7ac4-a6c3-b8a4-eed1d39e45aa, NVIDIA H100 80GB HBM3, 0 %, 1 MiB, 75.02 W, 26, 345 MHz
2026/09/15 02:20:11.339, 4, GPU-a60182ac-1fbd-0654-4298-7dfab8d789ca, NVIDIA H100 80GB HBM3, 0 %, 1 MiB, 72.32 W, 26, 345 MHz
2026/09/15 02:20:11.367, 5, GPU-11bb96fb-3b4c-98eb-f310-70437157969c, NVIDIA H100 80GB HBM3, 0 %, 1 MiB, 69.34 W, 26, 345 MHz
2026/09/15 02:20:11.395, 6, GPU-7d80084d-f83b-1a50-3007-35e8f2af67c2, NVIDIA H100 80GB HBM3, 0 %, 1 MiB, 70.87 W, 28, 345 MHz
2026/09/15 02:20:11.419, 7, GPU-69cdf81a-1c5b-4e7c-54e2-2dd45eb25e36, NVIDIA H100 80GB HBM3, 0 %, 1 MiB, 70.35 W, 26, 345 MHz
2026/09/15 02:20:12.421, 0, GPU-3d9bae9f-f6a5-a533-682a-2990f19ffa90, NVIDIA H100 80GB HBM3, 0 %, 23440 MiB, 117.57 W, 39, 1980 MHz
2026/09/15 02:20:12.423, 1, GPU-d67482aa-44bc-1a33-2545-de34f4bb6c82, NVIDIA H100 80GB HBM3, 0 %, 1 MiB, 70.78 W, 34, 345 MHz
2026/09/15 02:20:12.427, 2, GPU-6c47d827-68bc-9d8f-448e-55624a5f2f65, NVIDIA H100 80GB HBM3, 0 %, 1 MiB, 71.52 W, 26, 345 MHz
2026/09/15 02:20:12.429, 3, GPU-a481f1cc-7ac4-a6c3-b8a4-eed1d39e45aa, NVIDIA H100 80GB HBM3, 0 %, 1 MiB, 75.00 W, 26, 345 MHz
2026/09/15 02:20:12.436, 4, GPU-a60182ac-1fbd-0654-4298-7dfab8d789ca, NVIDIA H100 80GB HBM3, 0 %, 1 MiB, 72.49 W, 26, 345 MHz
2026/09/15 02:20:12.440, 5, GPU-11bb96fb-3b4c-98eb-f310-70437157969c, NVIDIA H100 80GB HBM3, 0 %, 1 MiB, 69.35 W, 26, 345 MHz
2026/09/15 02:20:12.442, 6, GPU-7d80084d-f83b-1a50-3007-35e8f2af67c2, NVIDIA H100 80GB HBM3, 0 %, 1 MiB, 70.94 W, 28, 345 MHz
2026/09/15 02:20:12.445, 7, GPU-69cdf81a-1c5b-4e7c-54e2-2dd45eb25e36, NVIDIA H100 80GB HBM3, 0 %, 1 MiB, 70.29 W, 26, 345 MHz
2026/09/15 02:20:13.447, 0, GPU-3d9bae9f-f6a5-a533-682a-2990f19ffa90, NVIDIA H100 80GB HBM3, 0 %, 23440 MiB, 117.53 W, 39, 1980 MHz
2026/09/15 02:20:13.450, 1, GPU-d67482aa-44bc-1a33-2545-de34f4bb6c82, NVIDIA H100 80GB HBM3, 0 %, 1 MiB, 70.79 W, 34, 345 MHz
2026/09/15 02:20:13.455, 2, GPU-6c47d827-68bc-9d8f-448e-55624a5f2f65, NVIDIA H100 80GB HBM3, 0 %, 1 MiB, 71.50 W, 26, 345 MHz
2026/09/15 02:20:13.459, 3, GPU-a481f1cc-7ac4-a6c3-b8a4-eed1d39e45aa, NVIDIA H100 80GB HBM3, 0 %, 1 MiB, 74.96 W, 26, 345 MHz
2026/09/15 02:20:13.461, 4, GPU-a60182ac-1fbd-0654-4298-7dfab8d789ca, NVIDIA H100 80GB HBM3, 0 %, 1 MiB, 72.26 W, 26, 345 MHz
2026/09/15 02:20:13.468, 5, GPU-11bb96fb-3b4c-98eb-f310-70437157969c, NVIDIA H100 80GB HBM3, 0 %, 1 MiB, 69.33 W, 26, 345 MHz
2026/09/15 02:20:13.470, 6, GPU-7d80084d-f83b-1a50-3007-35e8f2af67c2, NVIDIA H100 80GB HBM3, 0 %, 1 MiB, 70.92 W, 28, 345 MHz
2026/09/15 02:20:13.473, 7, GPU-69cdf81a-1c5b-4e7c-54e2-2dd45eb25e36, NVIDIA H100 80GB HBM3, 0 %, 1 MiB, 70.33 W, 26, 345 MHz
2026/09/15 02:20:14.475, 0, GPU-3d9bae9f-f6a5-a533-682a-2990f19ffa90, NVIDIA H100 80GB HBM3, 0 %, 23440 MiB, 117.51 W, 39, 1980 MHz
2026/09/15 02:20:14.477, 1, GPU-d67482aa-44bc-1a33-2545-de34f4bb6c82, NVIDIA H100 80GB HBM3, 0 %, 1 MiB, 70.80 W, 34, 345 MHz
2026/09/15 02:20:14.480, 2, GPU-6c47d827-68bc-9d8f-448e-55624a5f2f65, NVIDIA H100 80GB HBM3, 0 %, 1 MiB, 71.51 W, 26, 345 MHz
2026/09/15 02:20:14.482, 3, GPU-a481f1cc-7ac4-a6c3-b8a4-eed1d39e45aa, NVIDIA H100 80GB HBM3, 0 %, 1 MiB, 74.98 W, 26, 345 MHz
2026/09/15 02:20:14.485, 4, GPU-a60182ac-1fbd-0654-4298-7dfab8d789ca, NVIDIA H100 80GB HBM3, 0 %, 1 MiB, 72.39 W, 26, 345 MHz
2026/09/15 02:20:14.487, 5, GPU-11bb96fb-3b4c-98eb-f310-70437157969c, NVIDIA H100 80GB HBM3, 0 %, 1 MiB, 69.33 W, 26, 345 MHz
2026/09/15 02:20:14.489, 6, GPU-7d80084d-f83b-1a50-3007-35e8f2af67c2, NVIDIA H100 80GB HBM3, 0 %, 1 MiB, 70.88 W, 28, 345 MHz
2026/09/15 02:20:14.491, 7, GPU-69cdf81a-1c5b-4e7c-54e2-2dd45eb25e36, NVIDIA H100 80GB HBM3, 0 %, 1 MiB, 70.30 W, 26, 345 MHz
2026/09/15 02:20:15.494, 0, GPU-3d9bae9f-f6a5-a533-682a-2990f19ffa90, NVIDIA H100 80GB HBM3, 0 %, 23440 MiB, 117.71 W, 39, 1980 MHz
2026/09/15 02:20:15.497, 1, GPU-d67482aa-44bc-1a33-2545-de34f4bb6c82, NVIDIA H100 80GB HBM3, 0 %, 1 MiB, 70.81 W, 34, 345 MHz
2026/09/15 02:20:15.499, 2, GPU-6c47d827-68bc-9d8f-448e-55624a5f2f65, NVIDIA H100 80GB HBM3, 0 %, 1 MiB, 71.48 W, 26, 345 MHz
2026/09/15 02:20:15.507, 3, GPU-a481f1cc-7ac4-a6c3-b8a4-eed1d39e45aa, NVIDIA H100 80GB HBM3, 0 %, 1 MiB, 75.03 W, 26, 345 MHz
2026/09/15 02:20:15.540, 4, GPU-a60182ac-1fbd-0654-4298-7dfab8d789ca, NVIDIA H100 80GB HBM3, 0 %, 1 MiB, 72.36 W, 26, 345 MHz
2026/09/15 02:20:15.581, 5, GPU-11bb96fb-3b4c-98eb-f310-70437157969c, NVIDIA H100 80GB HBM3, 0 %, 1 MiB, 69.35 W, 26, 345 MHz
2026/09/15 02:20:15.610, 6, GPU-7d80084d-f83b-1a50-3007-35e8f2af67c2, NVIDIA H100 80GB HBM3, 0 %, 1 MiB, 70.87 W, 28, 345 MHz
2026/09/15 02:20:15.636, 7, GPU-69cdf81a-1c5b-4e7c-54e2-2dd45eb25e36, NVIDIA H100 80GB HBM3, 0 %, 1 MiB, 70.37 W, 26, 345 MHz
2026/09/15 02:20:16.662, 0, GPU-3d9bae9f-f6a5-a533-682a-2990f19ffa90, NVIDIA H100 80GB HBM3, 0 %, 23440 MiB, 117.51 W, 39, 1980 MHz
2026/09/15 02:20:16.665, 1, GPU-d67482aa-44bc-1a33-2545-de34f4bb6c82, NVIDIA H100 80GB HBM3, 0 %, 1 MiB, 70.79 W, 34, 345 MHz
2026/09/15 02:20:16.667, 2, GPU-6c47d827-68bc-9d8f-448e-55624a5f2f65, NVIDIA H100 80GB HBM3, 0 %, 1 MiB, 71.54 W, 26, 345 MHz
2026/09/15 02:20:16.669, 3, GPU-a481f1cc-7ac4-a6c3-b8a4-eed1d39e45aa, NVIDIA H100 80GB HBM3, 0 %, 1 MiB, 75.01 W, 26, 345 MHz
2026/09/15 02:20:16.671, 4, GPU-a60182ac-1fbd-0654-4298-7dfab8d789ca, NVIDIA H100 80GB HBM3, 0 %, 1 MiB, 72.26 W, 26, 345 MHz
2026/09/15 02:20:16.674, 5, GPU-11bb96fb-3b4c-98eb-f310-70437157969c, NVIDIA H100 80GB HBM3, 0 %, 1 MiB, 69.35 W, 26, 345 MHz
2026/09/15 02:20:16.677, 6, GPU-7d80084d-f83b-1a50-3007-35e8f2af67c2, NVIDIA H100 80GB HBM3, 0 %, 1 MiB, 70.86 W, 28, 345 MHz
2026/09/15 02:20:16.679, 7, GPU-69cdf81a-1c5b-4e7c-54e2-2dd45eb25e36, NVIDIA H100 80GB HBM3, 0 %, 1 MiB, 70.26 W, 26, 345 MHz
2026/09/15 02:20:17.681, 0, GPU-3d9bae9f-f6a5-a533-682a-2990f19ffa90, NVIDIA H100 80GB HBM3, 0 %, 23440 MiB, 117.56 W, 39, 1980 MHz
2026/09/15 02:20:17.683, 1, GPU-d67482aa-44bc-1a33-2545-de34f4bb6c82, NVIDIA H100 80GB HBM3, 0 %, 1 MiB, 70.76 W, 34, 345 MHz
2026/09/15 02:20:17.686, 2, GPU-6c47d827-68bc-9d8f-448e-55624a5f2f65, NVIDIA H100 80GB HBM3, 0 %, 1 MiB, 71.54 W, 26, 345 MHz
2026/09/15 02:20:17.689, 3, GPU-a481f1cc-7ac4-a6c3-b8a4-eed1d39e45aa, NVIDIA H100 80GB HBM3, 0 %, 1 MiB, 74.96 W, 26, 345 MHz
2026/09/15 02:20:17.691, 4, GPU-a60182ac-1fbd-0654-4298-7dfab8d789ca, NVIDIA H100 80GB HBM3, 0 %, 1 MiB, 72.39 W, 26, 345 MHz
2026/09/15 02:20:17.694, 5, GPU-11bb96fb-3b4c-98eb-f310-70437157969c, NVIDIA H100 80GB HBM3, 0 %, 1 MiB, 69.33 W, 26, 345 MHz
2026/09/15 02:20:17.696, 6, GPU-7d80084d-f83b-1a50-3007-35e8f2af67c2, NVIDIA H100 80GB HBM3, 0 %, 1 MiB, 70.92 W, 28, 345 MHz
2026/09/15 02:20:17.699, 7, GPU-69cdf81a-1c5b-4e7c-54e2-2dd45eb25e36, NVIDIA H100 80GB HBM3, 0 %, 1 MiB, 70.31 W, 26, 345 MHz
2026/09/15 02:20:18.701, 0, GPU-3d9bae9f-f6a5-a533-682a-2990f19ffa90, NVIDIA H100 80GB HBM3, 0 %, 23440 MiB, 117.58 W, 39, 1980 MHz
2026/09/15 02:20:18.703, 1, GPU-d67482aa-44bc-1a33-2545-de34f4bb6c82, NVIDIA H100 80GB HBM3, 0 %, 1 MiB, 70.76 W, 34, 345 MHz
2026/09/15 02:20:18.706, 2, GPU-6c47d827-68bc-9d8f-448e-55624a5f2f65, NVIDIA H100 80GB HBM3, 0 %, 1 MiB, 71.53 W, 26, 345 MHz
2026/09/15 02:20:18.709, 3, GPU-a481f1cc-7ac4-a6c3-b8a4-eed1d39e45aa, NVIDIA H100 80GB HBM3, 0 %, 1 MiB, 74.95 W, 26, 345 MHz
2026/09/15 02:20:18.711, 4, GPU-a60182ac-1fbd-0654-4298-7dfab8d789ca, NVIDIA H100 80GB HBM3, 0 %, 1 MiB, 72.25 W, 26, 345 MHz
2026/09/15 02:20:18.714, 5, GPU-11bb96fb-3b4c-98eb-f310-70437157969c, NVIDIA H100 80GB HBM3, 0 %, 1 MiB, 69.33 W, 26, 345 MHz
2026/09/15 02:20:18.717, 6, GPU-7d80084d-f83b-1a50-3007-35e8f2af67c2, NVIDIA H100 80GB HBM3, 0 %, 1 MiB, 70.93 W, 28, 345 MHz
2026/09/15 02:20:18.719, 7, GPU-69cdf81a-1c5b-4e7c-54e2-2dd45eb25e36, NVIDIA H100 80GB HBM3, 0 %, 1 MiB, 70.32 W, 26, 345 MHz
2026/09/15 02:20:19.722, 0, GPU-3d9bae9f-f6a5-a533-682a-2990f19ffa90, NVIDIA H100 80GB HBM3, 0 %, 23440 MiB, 117.57 W, 39, 1980 MHz
2026/09/15 02:20:19.737, 1, GPU-d67482aa-44bc-1a33-2545-de34f4bb6c82, NVIDIA H100 80GB HBM3, 0 %, 1 MiB, 70.78 W, 34, 345 MHz
2026/09/15 02:20:19.741, 2, GPU-6c47d827-68bc-9d8f-448e-55624a5f2f65, NVIDIA H100 80GB HBM3, 0 %, 1 MiB, 71.55 W, 26, 345 MHz
2026/09/15 02:20:19.744, 3, GPU-a481f1cc-7ac4-a6c3-b8a4-eed1d39e45aa, NVIDIA H100 80GB HBM3, 0 %, 1 MiB, 74.99 W, 26, 345 MHz
2026/09/15 02:20:19.747, 4, GPU-a60182ac-1fbd-0654-4298-7dfab8d789ca, NVIDIA H100 80GB HBM3, 0 %, 1 MiB, 72.46 W, 26, 345 MHz
2026/09/15 02:20:19.750, 5, GPU-11bb96fb-3b4c-98eb-f310-70437157969c, NVIDIA H100 80GB HBM3, 0 %, 1 MiB, 69.35 W, 26, 345 MHz
2026/09/15 02:20:19.752, 6, GPU-7d80084d-f83b-1a50-3007-35e8f2af67c2, NVIDIA H100 80GB HBM3, 0 %, 1 MiB, 70.86 W, 28, 345 MHz
2026/09/15 02:20:19.767, 7, GPU-69cdf81a-1c5b-4e7c-54e2-2dd45eb25e36, NVIDIA H100 80GB HBM3, 0 %, 1 MiB, 70.30 W, 26, 345 MHz
2026/09/15 02:20:20.773, 0, GPU-3d9bae9f-f6a5-a533-682a-2990f19ffa90, NVIDIA H100 80GB HBM3, 0 %, 23440 MiB, 117.61 W, 39, 1980 MHz
2026/09/15 02:20:20.776, 1, GPU-d67482aa-44bc-1a33-2545-de34f4bb6c82, NVIDIA H100 80GB HBM3, 0 %, 1 MiB, 70.79 W, 34, 345 MHz
2026/09/15 02:20:20.777, 2, GPU-6c47d827-68bc-9d8f-448e-55624a5f2f65, NVIDIA H100 80GB HBM3, 0 %, 1 MiB, 71.54 W, 26, 345 MHz
2026/09/15 02:20:20.779, 3, GPU-a481f1cc-7ac4-a6c3-b8a4-eed1d39e45aa, NVIDIA H100 80GB HBM3, 0 %, 1 MiB, 74.91 W, 26, 345 MHz
2026/09/15 02:20:20.782, 4, GPU-a60182ac-1fbd-0654-4298-7dfab8d789ca, NVIDIA H100 80GB HBM3, 0 %, 1 MiB, 72.31 W, 26, 345 MHz
2026/09/15 02:20:20.785, 5, GPU-11bb96fb-3b4c-98eb-f310-70437157969c, NVIDIA H100 80GB HBM3, 0 %, 1 MiB, 69.36 W, 26, 345 MHz
2026/09/15 02:20:20.787, 6, GPU-7d80084d-f83b-1a50-3007-35e8f2af67c2, NVIDIA H100 80GB HBM3, 0 %, 1 MiB, 70.93 W, 28, 345 MHz
2026/09/15 02:20:20.790, 7, GPU-69cdf81a-1c5b-4e7c-54e2-2dd45eb25e36, NVIDIA H100 80GB HBM3, 0 %, 1 MiB, 70.31 W, 26, 345 MHz
2026/09/15 02:20:21.792, 0, GPU-3d9bae9f-f6a5-a533-682a-2990f19ffa90, NVIDIA H100 80GB HBM3, 0 %, 23440 MiB, 117.57 W, 39, 1980 MHz
2026/09/15 02:20:21.794, 1, GPU-d67482aa-44bc-1a33-2545-de34f4bb6c82, NVIDIA H100 80GB HBM3, 0 %, 1 MiB, 70.78 W, 34, 345 MHz
2026/09/15 02:20:21.796, 2, GPU-6c47d827-68bc-9d8f-448e-55624a5f2f65, NVIDIA H100 80GB HBM3, 0 %, 1 MiB, 71.55 W, 26, 345 MHz
2026/09/15 02:20:21.807, 3, GPU-a481f1cc-7ac4-a6c3-b8a4-eed1d39e45aa, NVIDIA H100 80GB HBM3, 0 %, 1 MiB, 74.99 W, 26, 345 MHz
2026/09/15 02:20:21.810, 4, GPU-a60182ac-1fbd-0654-4298-7dfab8d789ca, NVIDIA H100 80GB HBM3, 0 %, 1 MiB, 72.43 W, 26, 345 MHz
2026/09/15 02:20:21.813, 5, GPU-11bb96fb-3b4c-98eb-f310-70437157969c, NVIDIA H100 80GB HBM3, 0 %, 1 MiB, 69.33 W, 26, 345 MHz
2026/09/15 02:20:21.815, 6, GPU-7d80084d-f83b-1a50-3007-35e8f2af67c2, NVIDIA H100 80GB HBM3, 0 %, 1 MiB, 70.94 W, 28, 345 MHz
2026/09/15 02:20:21.818, 7, GPU-69cdf81a-1c5b-4e7c-54e2-2dd45eb25e36, NVIDIA H100 80GB HBM3, 0 %, 1 MiB, 70.38 W, 26, 345 MHz
2026/09/15 02:20:22.820, 0, GPU-3d9bae9f-f6a5-a533-682a-2990f19ffa90, NVIDIA H100 80GB HBM3, 0 %, 23440 MiB, 117.57 W, 39, 1980 MHz
2026/09/15 02:20:22.838, 1, GPU-d67482aa-44bc-1a33-2545-de34f4bb6c82, NVIDIA H100 80GB HBM3, 0 %, 1 MiB, 70.79 W, 34, 345 MHz
2026/09/15 02:20:22.894, 2, GPU-6c47d827-68bc-9d8f-448e-55624a5f2f65, NVIDIA H100 80GB HBM3, 0 %, 1 MiB, 71.57 W, 26, 345 MHz
2026/09/15 02:20:22.907, 3, GPU-a481f1cc-7ac4-a6c3-b8a4-eed1d39e45aa, NVIDIA H100 80GB HBM3, 0 %, 1 MiB, 75.01 W, 26, 345 MHz
2026/09/15 02:20:22.910, 4, GPU-a60182ac-1fbd-0654-4298-7dfab8d789ca, NVIDIA H100 80GB HBM3, 0 %, 1 MiB, 72.42 W, 26, 345 MHz
2026/09/15 02:20:22.912, 5, GPU-11bb96fb-3b4c-98eb-f310-70437157969c, NVIDIA H100 80GB HBM3, 0 %, 1 MiB, 69.33 W, 26, 345 MHz
2026/09/15 02:20:22.914, 6, GPU-7d80084d-f83b-1a50-3007-35e8f2af67c2, NVIDIA H100 80GB HBM3, 0 %, 1 MiB, 70.93 W, 28, 345 MHz
2026/09/15 02:20:22.916, 7, GPU-69cdf81a-1c5b-4e7c-54e2-2dd45eb25e36, NVIDIA H100 80GB HBM3, 0 %, 1 MiB, 70.38 W, 26, 345 MHz
2026/09/15 02:20:23.920, 0, GPU-3d9bae9f-f6a5-a533-682a-2990f19ffa90, NVIDIA H100 80GB HBM3, 0 %, 23440 MiB, 117.56 W, 39, 1980 MHz
2026/09/15 02:20:23.922, 1, GPU-d67482aa-44bc-1a33-2545-de34f4bb6c82, NVIDIA H100 80GB HBM3, 0 %, 1 MiB, 70.79 W, 34, 345 MHz
2026/09/15 02:20:23.925, 2, GPU-6c47d827-68bc-9d8f-448e-55624a5f2f65, NVIDIA H100 80GB HBM3, 0 %, 1 MiB, 71.54 W, 26, 345 MHz
2026/09/15 02:20:23.928, 3, GPU-a481f1cc-7ac4-a6c3-b8a4-eed1d39e45aa, NVIDIA H100 80GB HBM3, 0 %, 1 MiB, 74.91 W, 26, 345 MHz
2026/09/15 02:20:23.936, 4, GPU-a60182ac-1fbd-0654-4298-7dfab8d789ca, NVIDIA H100 80GB HBM3, 0 %, 1 MiB, 72.23 W, 26, 345 MHz
2026/09/15 02:20:23.940, 5, GPU-11bb96fb-3b4c-98eb-f310-70437157969c, NVIDIA H100 80GB HBM3, 0 %, 1 MiB, 69.30 W, 26, 345 MHz
2026/09/15 02:20:23.942, 6, GPU-7d80084d-f83b-1a50-3007-35e8f2af67c2, NVIDIA H100 80GB HBM3, 0 %, 1 MiB, 70.94 W, 28, 345 MHz
2026/09/15 02:20:23.946, 7, GPU-69cdf81a-1c5b-4e7c-54e2-2dd45eb25e36, NVIDIA H100 80GB HBM3, 0 %, 1 MiB, 70.32 W, 26, 345 MHz
2026/09/15 02:20:24.948, 0, GPU-3d9bae9f-f6a5-a533-682a-2990f19ffa90, NVIDIA H100 80GB HBM3, 0 %, 23440 MiB, 117.53 W, 39, 1980 MHz
2026/09/15 02:20:24.950, 1, GPU-d67482aa-44bc-1a33-2545-de34f4bb6c82, NVIDIA H100 80GB HBM3, 0 %, 1 MiB, 70.79 W, 34, 345 MHz
2026/09/15 02:20:24.955, 2, GPU-6c47d827-68bc-9d8f-448e-55624a5f2f65, NVIDIA H100 80GB HBM3, 0 %, 1 MiB, 71.57 W, 26, 345 MHz
2026/09/15 02:20:24.957, 3, GPU-a481f1cc-7ac4-a6c3-b8a4-eed1d39e45aa, NVIDIA H100 80GB HBM3, 0 %, 1 MiB, 74.98 W, 26, 345 MHz
2026/09/15 02:20:24.960, 4, GPU-a60182ac-1fbd-0654-4298-7dfab8d789ca, NVIDIA H100 80GB HBM3, 0 %, 1 MiB, 72.43 W, 26, 345 MHz
2026/09/15 02:20:24.966, 5, GPU-11bb96fb-3b4c-98eb-f310-70437157969c, NVIDIA H100 80GB HBM3, 0 %, 1 MiB, 69.39 W, 26, 345 MHz
2026/09/15 02:20:24.969, 6, GPU-7d80084d-f83b-1a50-3007-35e8f2af67c2, NVIDIA H100 80GB HBM3, 0 %, 1 MiB, 70.87 W, 28, 345 MHz
2026/09/15 02:20:24.971, 7, GPU-69cdf81a-1c5b-4e7c-54e2-2dd45eb25e36, NVIDIA H100 80GB HBM3, 0 %, 1 MiB, 70.30 W, 26, 345 MHz
2026/09/15 02:20:25.973, 0, GPU-3d9bae9f-f6a5-a533-682a-2990f19ffa90, NVIDIA H100 80GB HBM3, 0 %, 23440 MiB, 117.54 W, 39, 1980 MHz
2026/09/15 02:20:25.975, 1, GPU-d67482aa-44bc-1a33-2545-de34f4bb6c82, NVIDIA H100 80GB HBM3, 0 %, 1 MiB, 70.80 W, 34, 345 MHz
2026/09/15 02:20:25.977, 2, GPU-6c47d827-68bc-9d8f-448e-55624a5f2f65, NVIDIA H100 80GB HBM3, 0 %, 1 MiB, 71.51 W, 26, 345 MHz
2026/09/15 02:20:25.980, 3, GPU-a481f1cc-7ac4-a6c3-b8a4-eed1d39e45aa, NVIDIA H100 80GB HBM3, 0 %, 1 MiB, 75.01 W, 26, 345 MHz
2026/09/15 02:20:25.983, 4, GPU-a60182ac-1fbd-0654-4298-7dfab8d789ca, NVIDIA H100 80GB HBM3, 0 %, 1 MiB, 72.26 W, 26, 345 MHz
2026/09/15 02:20:25.985, 5, GPU-11bb96fb-3b4c-98eb-f310-70437157969c, NVIDIA H100 80GB HBM3, 0 %, 1 MiB, 69.37 W, 26, 345 MHz
2026/09/15 02:20:25.988, 6, GPU-7d80084d-f83b-1a50-3007-35e8f2af67c2, NVIDIA H100 80GB HBM3, 0 %, 1 MiB, 70.93 W, 28, 345 MHz
2026/09/15 02:20:25.991, 7, GPU-69cdf81a-1c5b-4e7c-54e2-2dd45eb25e36, NVIDIA H100 80GB HBM3, 0 %, 1 MiB, 70.32 W, 26, 345 MHz
2026/09/15 02:20:26.994, 0, GPU-3d9bae9f-f6a5-a533-682a-2990f19ffa90, NVIDIA H100 80GB HBM3, 0 %, 23440 MiB, 117.52 W, 39, 1980 MHz
2026/09/15 02:20:26.998, 1, GPU-d67482aa-44bc-1a33-2545-de34f4bb6c82, NVIDIA H100 80GB HBM3, 0 %, 1 MiB, 70.78 W, 34, 345 MHz
2026/09/15 02:20:27.026, 2, GPU-6c47d827-68bc-9d8f-448e-55624a5f2f65, NVIDIA H100 80GB HBM3, 0 %, 1 MiB, 71.54 W, 26, 345 MHz
2026/09/15 02:20:27.058, 3, GPU-a481f1cc-7ac4-a6c3-b8a4-eed1d39e45aa, NVIDIA H100 80GB HBM3, 0 %, 1 MiB, 75.00 W, 26, 345 MHz
2026/09/15 02:20:27.087, 4, GPU-a60182ac-1fbd-0654-4298-7dfab8d789ca, NVIDIA H100 80GB HBM3, 0 %, 1 MiB, 72.47 W, 26, 345 MHz
2026/09/15 02:20:27.113, 5, GPU-11bb96fb-3b4c-98eb-f310-70437157969c, NVIDIA H100 80GB HBM3, 0 %, 1 MiB, 69.36 W, 26, 345 MHz
2026/09/15 02:20:27.140, 6, GPU-7d80084d-f83b-1a50-3007-35e8f2af67c2, NVIDIA H100 80GB HBM3, 0 %, 1 MiB, 70.83 W, 28, 345 MHz
2026/09/15 02:20:27.173, 7, GPU-69cdf81a-1c5b-4e7c-54e2-2dd45eb25e36, NVIDIA H100 80GB HBM3, 0 %, 1 MiB, 70.32 W, 26, 345 MHz
2026/09/15 02:20:28.200, 0, GPU-3d9bae9f-f6a5-a533-682a-2990f19ffa90, NVIDIA H100 80GB HBM3, 0 %, 23440 MiB, 117.54 W, 39, 1980 MHz
2026/09/15 02:20:28.202, 1, GPU-d67482aa-44bc-1a33-2545-de34f4bb6c82, NVIDIA H100 80GB HBM3, 0 %, 1 MiB, 70.80 W, 34, 345 MHz
2026/09/15 02:20:28.204, 2, GPU-6c47d827-68bc-9d8f-448e-55624a5f2f65, NVIDIA H100 80GB HBM3, 0 %, 1 MiB, 71.53 W, 26, 345 MHz
2026/09/15 02:20:28.207, 3, GPU-a481f1cc-7ac4-a6c3-b8a4-eed1d39e45aa, NVIDIA H100 80GB HBM3, 0 %, 1 MiB, 74.99 W, 26, 345 MHz
2026/09/15 02:20:28.209, 4, GPU-a60182ac-1fbd-0654-4298-7dfab8d789ca, NVIDIA H100 80GB HBM3, 0 %, 1 MiB, 72.43 W, 26, 345 MHz
2026/09/15 02:20:28.212, 5, GPU-11bb96fb-3b4c-98eb-f310-70437157969c, NVIDIA H100 80GB HBM3, 0 %, 1 MiB, 69.35 W, 26, 345 MHz
2026/09/15 02:20:28.214, 6, GPU-7d80084d-f83b-1a50-3007-35e8f2af67c2, NVIDIA H100 80GB HBM3, 0 %, 1 MiB, 70.89 W, 28, 345 MHz
2026/09/15 02:20:28.216, 7, GPU-69cdf81a-1c5b-4e7c-54e2-2dd45eb25e36, NVIDIA H100 80GB HBM3, 0 %, 1 MiB, 70.33 W, 26, 345 MHz
2026/09/15 02:20:29.220, 0, GPU-3d9bae9f-f6a5-a533-682a-2990f19ffa90, NVIDIA H100 80GB HBM3, 0 %, 23440 MiB, 117.54 W, 39, 1980 MHz
2026/09/15 02:20:29.222, 1, GPU-d67482aa-44bc-1a33-2545-de34f4bb6c82, NVIDIA H100 80GB HBM3, 0 %, 1 MiB, 70.80 W, 34, 345 MHz
2026/09/15 02:20:29.224, 2, GPU-6c47d827-68bc-9d8f-448e-55624a5f2f65, NVIDIA H100 80GB HBM3, 0 %, 1 MiB, 71.50 W, 26, 345 MHz
2026/09/15 02:20:29.226, 3, GPU-a481f1cc-7ac4-a6c3-b8a4-eed1d39e45aa, NVIDIA H100 80GB HBM3, 0 %, 1 MiB, 75.01 W, 26, 345 MHz
2026/09/15 02:20:29.235, 4, GPU-a60182ac-1fbd-0654-4298-7dfab8d789ca, NVIDIA H100 80GB HBM3, 0 %, 1 MiB, 72.30 W, 26, 345 MHz
2026/09/15 02:20:29.239, 5, GPU-11bb96fb-3b4c-98eb-f310-70437157969c, NVIDIA H100 80GB HBM3, 0 %, 1 MiB, 69.39 W, 26, 345 MHz
2026/09/15 02:20:29.242, 6, GPU-7d80084d-f83b-1a50-3007-35e8f2af67c2, NVIDIA H100 80GB HBM3, 0 %, 1 MiB, 70.92 W, 28, 345 MHz
2026/09/15 02:20:29.244, 7, GPU-69cdf81a-1c5b-4e7c-54e2-2dd45eb25e36, NVIDIA H100 80GB HBM3, 0 %, 1 MiB, 70.30 W, 26, 345 MHz
2026/09/15 02:20:30.255, 0, GPU-3d9bae9f-f6a5-a533-682a-2990f19ffa90, NVIDIA H100 80GB HBM3, 0 %, 23440 MiB, 117.49 W, 39, 1980 MHz
2026/09/15 02:20:30.257, 1, GPU-d67482aa-44bc-1a33-2545-de34f4bb6c82, NVIDIA H100 80GB HBM3, 0 %, 1 MiB, 70.76 W, 34, 345 MHz
2026/09/15 02:20:30.258, 2, GPU-6c47d827-68bc-9d8f-448e-55624a5f2f65, NVIDIA H100 80GB HBM3, 0 %, 1 MiB, 71.52 W, 26, 345 MHz
2026/09/15 02:20:30.260, 3, GPU-a481f1cc-7ac4-a6c3-b8a4-eed1d39e45aa, NVIDIA H100 80GB HBM3, 0 %, 1 MiB, 75.01 W, 26, 345 MHz
2026/09/15 02:20:30.262, 4, GPU-a60182ac-1fbd-0654-4298-7dfab8d789ca, NVIDIA H100 80GB HBM3, 0 %, 1 MiB, 72.40 W, 26, 345 MHz
2026/09/15 02:20:30.268, 5, GPU-11bb96fb-3b4c-98eb-f310-70437157969c, NVIDIA H100 80GB HBM3, 0 %, 1 MiB, 69.36 W, 26, 345 MHz
2026/09/15 02:20:30.269, 6, GPU-7d80084d-f83b-1a50-3007-35e8f2af67c2, NVIDIA H100 80GB HBM3, 0 %, 1 MiB, 70.88 W, 28, 345 MHz
2026/09/15 02:20:30.270, 7, GPU-69cdf81a-1c5b-4e7c-54e2-2dd45eb25e36, NVIDIA H100 80GB HBM3, 0 %, 1 MiB, 70.32 W, 26, 345 MHz
2026/09/15 02:20:31.273, 0, GPU-3d9bae9f-f6a5-a533-682a-2990f19ffa90, NVIDIA H100 80GB HBM3, 0 %, 23440 MiB, 117.57 W, 39, 1980 MHz
2026/09/15 02:20:31.291, 1, GPU-d67482aa-44bc-1a33-2545-de34f4bb6c82, NVIDIA H100 80GB HBM3, 0 %, 1 MiB, 70.81 W, 34, 345 MHz
2026/09/15 02:20:31.293, 2, GPU-6c47d827-68bc-9d8f-448e-55624a5f2f65, NVIDIA H100 80GB HBM3, 0 %, 1 MiB, 71.52 W, 26, 345 MHz
2026/09/15 02:20:31.295, 3, GPU-a481f1cc-7ac4-a6c3-b8a4-eed1d39e45aa, NVIDIA H100 80GB HBM3, 0 %, 1 MiB, 74.93 W, 26, 345 MHz
2026/09/15 02:20:31.299, 4, GPU-a60182ac-1fbd-0654-4298-7dfab8d789ca, NVIDIA H100 80GB HBM3, 0 %, 1 MiB, 72.26 W, 26, 345 MHz
2026/09/15 02:20:31.307, 5, GPU-11bb96fb-3b4c-98eb-f310-70437157969c, NVIDIA H100 80GB HBM3, 0 %, 1 MiB, 69.33 W, 26, 345 MHz
2026/09/15 02:20:31.311, 6, GPU-7d80084d-f83b-1a50-3007-35e8f2af67c2, NVIDIA H100 80GB HBM3, 0 %, 1 MiB, 70.85 W, 28, 345 MHz
2026/09/15 02:20:31.315, 7, GPU-69cdf81a-1c5b-4e7c-54e2-2dd45eb25e36, NVIDIA H100 80GB HBM3, 0 %, 1 MiB, 70.34 W, 26, 345 MHz
2026/09/15 02:20:32.319, 0, GPU-3d9bae9f-f6a5-a533-682a-2990f19ffa90, NVIDIA H100 80GB HBM3, 0 %, 23440 MiB, 117.55 W, 39, 1980 MHz
2026/09/15 02:20:32.320, 1, GPU-d67482aa-44bc-1a33-2545-de34f4bb6c82, NVIDIA H100 80GB HBM3, 0 %, 1 MiB, 70.74 W, 34, 345 MHz
2026/09/15 02:20:32.322, 2, GPU-6c47d827-68bc-9d8f-448e-55624a5f2f65, NVIDIA H100 80GB HBM3, 0 %, 1 MiB, 71.54 W, 26, 345 MHz
2026/09/15 02:20:32.324, 3, GPU-a481f1cc-7ac4-a6c3-b8a4-eed1d39e45aa, NVIDIA H100 80GB HBM3, 0 %, 1 MiB, 74.96 W, 26, 345 MHz
2026/09/15 02:20:32.326, 4, GPU-a60182ac-1fbd-0654-4298-7dfab8d789ca, NVIDIA H100 80GB HBM3, 0 %, 1 MiB, 72.37 W, 26, 345 MHz
2026/09/15 02:20:32.330, 5, GPU-11bb96fb-3b4c-98eb-f310-70437157969c, NVIDIA H100 80GB HBM3, 0 %, 1 MiB, 69.31 W, 26, 345 MHz
2026/09/15 02:20:32.333, 6, GPU-7d80084d-f83b-1a50-3007-35e8f2af67c2, NVIDIA H100 80GB HBM3, 0 %, 1 MiB, 70.90 W, 27, 345 MHz
2026/09/15 02:20:32.336, 7, GPU-69cdf81a-1c5b-4e7c-54e2-2dd45eb25e36, NVIDIA H100 80GB HBM3, 0 %, 1 MiB, 70.33 W, 26, 345 MHz
2026/09/15 02:20:33.340, 0, GPU-3d9bae9f-f6a5-a533-682a-2990f19ffa90, NVIDIA H100 80GB HBM3, 0 %, 23440 MiB, 117.56 W, 39, 1980 MHz
2026/09/15 02:20:33.342, 1, GPU-d67482aa-44bc-1a33-2545-de34f4bb6c82, NVIDIA H100 80GB HBM3, 0 %, 1 MiB, 70.75 W, 34, 345 MHz
2026/09/15 02:20:33.344, 2, GPU-6c47d827-68bc-9d8f-448e-55624a5f2f65, NVIDIA H100 80GB HBM3, 0 %, 1 MiB, 71.54 W, 26, 345 MHz
2026/09/15 02:20:33.345, 3, GPU-a481f1cc-7ac4-a6c3-b8a4-eed1d39e45aa, NVIDIA H100 80GB HBM3, 0 %, 1 MiB, 75.02 W, 26, 345 MHz
2026/09/15 02:20:33.347, 4, GPU-a60182ac-1fbd-0654-4298-7dfab8d789ca, NVIDIA H100 80GB HBM3, 0 %, 1 MiB, 72.26 W, 26, 345 MHz
2026/09/15 02:20:33.348, 5, GPU-11bb96fb-3b4c-98eb-f310-70437157969c, NVIDIA H100 80GB HBM3, 0 %, 1 MiB, 69.35 W, 26, 345 MHz
2026/09/15 02:20:33.351, 6, GPU-7d80084d-f83b-1a50-3007-35e8f2af67c2, NVIDIA H100 80GB HBM3, 0 %, 1 MiB, 70.97 W, 28, 345 MHz
2026/09/15 02:20:33.368, 7, GPU-69cdf81a-1c5b-4e7c-54e2-2dd45eb25e36, NVIDIA H100 80GB HBM3, 0 %, 1 MiB, 70.27 W, 26, 345 MHz
2026/09/15 02:20:34.372, 0, GPU-3d9bae9f-f6a5-a533-682a-2990f19ffa90, NVIDIA H100 80GB HBM3, 0 %, 23440 MiB, 117.60 W, 39, 1980 MHz
2026/09/15 02:20:34.395, 1, GPU-d67482aa-44bc-1a33-2545-de34f4bb6c82, NVIDIA H100 80GB HBM3, 0 %, 1 MiB, 70.78 W, 34, 345 MHz
2026/09/15 02:20:34.429, 2, GPU-6c47d827-68bc-9d8f-448e-55624a5f2f65, NVIDIA H100 80GB HBM3, 0 %, 1 MiB, 71.57 W, 26, 345 MHz
2026/09/15 02:20:34.478, 3, GPU-a481f1cc-7ac4-a6c3-b8a4-eed1d39e45aa, NVIDIA H100 80GB HBM3, 0 %, 1 MiB, 74.99 W, 26, 345 MHz
2026/09/15 02:20:34.483, 4, GPU-a60182ac-1fbd-0654-4298-7dfab8d789ca, NVIDIA H100 80GB HBM3, 0 %, 1 MiB, 72.29 W, 26, 345 MHz
2026/09/15 02:20:34.488, 5, GPU-11bb96fb-3b4c-98eb-f310-70437157969c, NVIDIA H100 80GB HBM3, 0 %, 1 MiB, 69.33 W, 26, 345 MHz
2026/09/15 02:20:34.492, 6, GPU-7d80084d-f83b-1a50-3007-35e8f2af67c2, NVIDIA H100 80GB HBM3, 0 %, 1 MiB, 70.90 W, 28, 345 MHz
2026/09/15 02:20:34.496, 7, GPU-69cdf81a-1c5b-4e7c-54e2-2dd45eb25e36, NVIDIA H100 80GB HBM3, 0 %, 1 MiB, 70.31 W, 26, 345 MHz
2026/09/15 02:20:35.498, 0, GPU-3d9bae9f-f6a5-a533-682a-2990f19ffa90, NVIDIA H100 80GB HBM3, 0 %, 23440 MiB, 117.55 W, 39, 1980 MHz
2026/09/15 02:20:35.510, 1, GPU-d67482aa-44bc-1a33-2545-de34f4bb6c82, NVIDIA H100 80GB HBM3, 0 %, 1 MiB, 70.77 W, 34, 345 MHz
2026/09/15 02:20:35.513, 2, GPU-6c47d827-68bc-9d8f-448e-55624a5f2f65, NVIDIA H100 80GB HBM3, 0 %, 1 MiB, 71.56 W, 26, 345 MHz
2026/09/15 02:20:35.518, 3, GPU-a481f1cc-7ac4-a6c3-b8a4-eed1d39e45aa, NVIDIA H100 80GB HBM3, 0 %, 1 MiB, 74.95 W, 26, 345 MHz
2026/09/15 02:20:35.522, 4, GPU-a60182ac-1fbd-0654-4298-7dfab8d789ca, NVIDIA H100 80GB HBM3, 0 %, 1 MiB, 72.35 W, 26, 345 MHz
2026/09/15 02:20:35.527, 5, GPU-11bb96fb-3b4c-98eb-f310-70437157969c, NVIDIA H100 80GB HBM3, 0 %, 1 MiB, 69.33 W, 26, 345 MHz
2026/09/15 02:20:35.529, 6, GPU-7d80084d-f83b-1a50-3007-35e8f2af67c2, NVIDIA H100 80GB HBM3, 0 %, 1 MiB, 70.90 W, 28, 345 MHz
2026/09/15 02:20:35.531, 7, GPU-69cdf81a-1c5b-4e7c-54e2-2dd45eb25e36, NVIDIA H100 80GB HBM3, 0 %, 1 MiB, 70.27 W, 26, 345 MHz
2026/09/15 02:20:36.534, 0, GPU-3d9bae9f-f6a5-a533-682a-2990f19ffa90, NVIDIA H100 80GB HBM3, 23 %, 23440 MiB, 119.33 W, 39, 1980 MHz
2026/09/15 02:20:36.538, 1, GPU-d67482aa-44bc-1a33-2545-de34f4bb6c82, NVIDIA H100 80GB HBM3, 0 %, 1 MiB, 70.78 W, 34, 345 MHz
2026/09/15 02:20:36.542, 2, GPU-6c47d827-68bc-9d8f-448e-55624a5f2f65, NVIDIA H100 80GB HBM3, 0 %, 1 MiB, 71.50 W, 26, 345 MHz
2026/09/15 02:20:36.546, 3, GPU-a481f1cc-7ac4-a6c3-b8a4-eed1d39e45aa, NVIDIA H100 80GB HBM3, 0 %, 1 MiB, 74.97 W, 26, 345 MHz
2026/09/15 02:20:36.549, 4, GPU-a60182ac-1fbd-0654-4298-7dfab8d789ca, NVIDIA H100 80GB HBM3, 0 %, 1 MiB, 72.31 W, 26, 345 MHz
2026/09/15 02:20:36.552, 5, GPU-11bb96fb-3b4c-98eb-f310-70437157969c, NVIDIA H100 80GB HBM3, 0 %, 1 MiB, 69.33 W, 26, 345 MHz
2026/09/15 02:20:36.555, 6, GPU-7d80084d-f83b-1a50-3007-35e8f2af67c2, NVIDIA H100 80GB HBM3, 0 %, 1 MiB, 70.86 W, 28, 345 MHz
2026/09/15 02:20:36.568, 7, GPU-69cdf81a-1c5b-4e7c-54e2-2dd45eb25e36, NVIDIA H100 80GB HBM3, 0 %, 1 MiB, 70.32 W, 26, 345 MHz
2026/09/15 02:20:37.573, 0, GPU-3d9bae9f-f6a5-a533-682a-2990f19ffa90, NVIDIA H100 80GB HBM3, 0 %, 23556 MiB, 120.63 W, 39, 1980 MHz
2026/09/15 02:20:37.575, 1, GPU-d67482aa-44bc-1a33-2545-de34f4bb6c82, NVIDIA H100 80GB HBM3, 0 %, 1 MiB, 70.79 W, 34, 345 MHz
2026/09/15 02:20:37.578, 2, GPU-6c47d827-68bc-9d8f-448e-55624a5f2f65, NVIDIA H100 80GB HBM3, 0 %, 1 MiB, 71.51 W, 26, 345 MHz
2026/09/15 02:20:37.580, 3, GPU-a481f1cc-7ac4-a6c3-b8a4-eed1d39e45aa, NVIDIA H100 80GB HBM3, 0 %, 1 MiB, 74.98 W, 26, 345 MHz
2026/09/15 02:20:37.583, 4, GPU-a60182ac-1fbd-0654-4298-7dfab8d789ca, NVIDIA H100 80GB HBM3, 0 %, 1 MiB, 72.47 W, 26, 345 MHz
2026/09/15 02:20:37.585, 5, GPU-11bb96fb-3b4c-98eb-f310-70437157969c, NVIDIA H100 80GB HBM3, 0 %, 1 MiB, 69.37 W, 26, 345 MHz
2026/09/15 02:20:37.588, 6, GPU-7d80084d-f83b-1a50-3007-35e8f2af67c2, NVIDIA H100 80GB HBM3, 0 %, 1 MiB, 70.94 W, 28, 345 MHz
2026/09/15 02:20:37.590, 7, GPU-69cdf81a-1c5b-4e7c-54e2-2dd45eb25e36, NVIDIA H100 80GB HBM3, 0 %, 1 MiB, 70.33 W, 26, 345 MHz
2026/09/15 02:20:38.592, 0, GPU-3d9bae9f-f6a5-a533-682a-2990f19ffa90, NVIDIA H100 80GB HBM3, 54 %, 23726 MiB, 154.46 W, 40, 1980 MHz
2026/09/15 02:20:38.598, 1, GPU-d67482aa-44bc-1a33-2545-de34f4bb6c82, NVIDIA H100 80GB HBM3, 0 %, 1 MiB, 70.78 W, 34, 345 MHz
2026/09/15 02:20:38.634, 2, GPU-6c47d827-68bc-9d8f-448e-55624a5f2f65, NVIDIA H100 80GB HBM3, 0 %, 1 MiB, 71.51 W, 26, 345 MHz
2026/09/15 02:20:38.691, 3, GPU-a481f1cc-7ac4-a6c3-b8a4-eed1d39e45aa, NVIDIA H100 80GB HBM3, 0 %, 1 MiB, 75.03 W, 26, 345 MHz
2026/09/15 02:20:38.721, 4, GPU-a60182ac-1fbd-0654-4298-7dfab8d789ca, NVIDIA H100 80GB HBM3, 0 %, 1 MiB, 72.26 W, 26, 345 MHz
2026/09/15 02:20:38.751, 5, GPU-11bb96fb-3b4c-98eb-f310-70437157969c, NVIDIA H100 80GB HBM3, 0 %, 1 MiB, 69.36 W, 26, 345 MHz
2026/09/15 02:20:38.789, 6, GPU-7d80084d-f83b-1a50-3007-35e8f2af67c2, NVIDIA H100 80GB HBM3, 0 %, 1 MiB, 70.88 W, 28, 345 MHz
2026/09/15 02:20:38.815, 7, GPU-69cdf81a-1c5b-4e7c-54e2-2dd45eb25e36, NVIDIA H100 80GB HBM3, 0 %, 1 MiB, 70.33 W, 26, 345 MHz
2026/09/15 02:20:39.821, 0, GPU-3d9bae9f-f6a5-a533-682a-2990f19ffa90, NVIDIA H100 80GB HBM3, 54 %, 23726 MiB, 171.16 W, 40, 1980 MHz
2026/09/15 02:20:39.826, 1, GPU-d67482aa-44bc-1a33-2545-de34f4bb6c82, NVIDIA H100 80GB HBM3, 0 %, 1 MiB, 70.79 W, 34, 345 MHz
2026/09/15 02:20:39.829, 2, GPU-6c47d827-68bc-9d8f-448e-55624a5f2f65, NVIDIA H100 80GB HBM3, 0 %, 1 MiB, 71.51 W, 26, 345 MHz
2026/09/15 02:20:39.831, 3, GPU-a481f1cc-7ac4-a6c3-b8a4-eed1d39e45aa, NVIDIA H100 80GB HBM3, 0 %, 1 MiB, 74.99 W, 26, 345 MHz
2026/09/15 02:20:39.839, 4, GPU-a60182ac-1fbd-0654-4298-7dfab8d789ca, NVIDIA H100 80GB HBM3, 0 %, 1 MiB, 72.35 W, 26, 345 MHz
2026/09/15 02:20:39.841, 5, GPU-11bb96fb-3b4c-98eb-f310-70437157969c, NVIDIA H100 80GB HBM3, 0 %, 1 MiB, 69.37 W, 26, 345 MHz
2026/09/15 02:20:39.846, 6, GPU-7d80084d-f83b-1a50-3007-35e8f2af67c2, NVIDIA H100 80GB HBM3, 0 %, 1 MiB, 70.86 W, 28, 345 MHz
2026/09/15 02:20:39.849, 7, GPU-69cdf81a-1c5b-4e7c-54e2-2dd45eb25e36, NVIDIA H100 80GB HBM3, 0 %, 1 MiB, 70.38 W, 26, 345 MHz
2026/09/15 02:20:40.852, 0, GPU-3d9bae9f-f6a5-a533-682a-2990f19ffa90, NVIDIA H100 80GB HBM3, 54 %, 23726 MiB, 184.62 W, 40, 1980 MHz
2026/09/15 02:20:40.856, 1, GPU-d67482aa-44bc-1a33-2545-de34f4bb6c82, NVIDIA H100 80GB HBM3, 0 %, 1 MiB, 70.78 W, 34, 345 MHz
2026/09/15 02:20:40.858, 2, GPU-6c47d827-68bc-9d8f-448e-55624a5f2f65, NVIDIA H100 80GB HBM3, 0 %, 1 MiB, 71.51 W, 26, 345 MHz
2026/09/15 02:20:40.860, 3, GPU-a481f1cc-7ac4-a6c3-b8a4-eed1d39e45aa, NVIDIA H100 80GB HBM3, 0 %, 1 MiB, 74.99 W, 26, 345 MHz
2026/09/15 02:20:40.871, 4, GPU-a60182ac-1fbd-0654-4298-7dfab8d789ca, NVIDIA H100 80GB HBM3, 0 %, 1 MiB, 72.44 W, 26, 345 MHz
2026/09/15 02:20:40.873, 5, GPU-11bb96fb-3b4c-98eb-f310-70437157969c, NVIDIA H100 80GB HBM3, 0 %, 1 MiB, 69.34 W, 26, 345 MHz
2026/09/15 02:20:40.878, 6, GPU-7d80084d-f83b-1a50-3007-35e8f2af67c2, NVIDIA H100 80GB HBM3, 0 %, 1 MiB, 70.94 W, 28, 345 MHz
2026/09/15 02:20:40.882, 7, GPU-69cdf81a-1c5b-4e7c-54e2-2dd45eb25e36, NVIDIA H100 80GB HBM3, 0 %, 1 MiB, 70.34 W, 26, 345 MHz
2026/09/15 02:20:41.884, 0, GPU-3d9bae9f-f6a5-a533-682a-2990f19ffa90, NVIDIA H100 80GB HBM3, 54 %, 23726 MiB, 182.99 W, 40, 1980 MHz
2026/09/15 02:20:41.887, 1, GPU-d67482aa-44bc-1a33-2545-de34f4bb6c82, NVIDIA H100 80GB HBM3, 0 %, 1 MiB, 70.80 W, 34, 345 MHz
2026/09/15 02:20:41.889, 2, GPU-6c47d827-68bc-9d8f-448e-55624a5f2f65, NVIDIA H100 80GB HBM3, 0 %, 1 MiB, 71.52 W, 26, 345 MHz
2026/09/15 02:20:41.893, 3, GPU-a481f1cc-7ac4-a6c3-b8a4-eed1d39e45aa, NVIDIA H100 80GB HBM3, 0 %, 1 MiB, 75.05 W, 26, 345 MHz
2026/09/15 02:20:41.897, 4, GPU-a60182ac-1fbd-0654-4298-7dfab8d789ca, NVIDIA H100 80GB HBM3, 0 %, 1 MiB, 72.21 W, 26, 345 MHz
2026/09/15 02:20:41.917, 5, GPU-11bb96fb-3b4c-98eb-f310-70437157969c, NVIDIA H100 80GB HBM3, 0 %, 1 MiB, 69.35 W, 26, 345 MHz
2026/09/15 02:20:41.919, 6, GPU-7d80084d-f83b-1a50-3007-35e8f2af67c2, NVIDIA H100 80GB HBM3, 0 %, 1 MiB, 70.95 W, 28, 345 MHz
2026/09/15 02:20:41.922, 7, GPU-69cdf81a-1c5b-4e7c-54e2-2dd45eb25e36, NVIDIA H100 80GB HBM3, 0 %, 1 MiB, 70.31 W, 26, 345 MHz
2026/09/15 02:20:42.925, 0, GPU-3d9bae9f-f6a5-a533-682a-2990f19ffa90, NVIDIA H100 80GB HBM3, 54 %, 23726 MiB, 181.62 W, 40, 1980 MHz
2026/09/15 02:20:42.946, 1, GPU-d67482aa-44bc-1a33-2545-de34f4bb6c82, NVIDIA H100 80GB HBM3, 0 %, 1 MiB, 70.80 W, 34, 345 MHz
2026/09/15 02:20:42.971, 2, GPU-6c47d827-68bc-9d8f-448e-55624a5f2f65, NVIDIA H100 80GB HBM3, 0 %, 1 MiB, 71.52 W, 26, 345 MHz
2026/09/15 02:20:43.000, 3, GPU-a481f1cc-7ac4-a6c3-b8a4-eed1d39e45aa, NVIDIA H100 80GB HBM3, 0 %, 1 MiB, 75.00 W, 26, 345 MHz
2026/09/15 02:20:43.035, 4, GPU-a60182ac-1fbd-0654-4298-7dfab8d789ca, NVIDIA H100 80GB HBM3, 0 %, 1 MiB, 72.43 W, 26, 345 MHz
2026/09/15 02:20:43.067, 5, GPU-11bb96fb-3b4c-98eb-f310-70437157969c, NVIDIA H100 80GB HBM3, 0 %, 1 MiB, 69.35 W, 26, 345 MHz
2026/09/15 02:20:43.096, 6, GPU-7d80084d-f83b-1a50-3007-35e8f2af67c2, NVIDIA H100 80GB HBM3, 0 %, 1 MiB, 70.94 W, 28, 345 MHz
2026/09/15 02:20:43.101, 7, GPU-69cdf81a-1c5b-4e7c-54e2-2dd45eb25e36, NVIDIA H100 80GB HBM3, 0 %, 1 MiB, 70.33 W, 26, 345 MHz
2026/09/15 02:20:44.117, 0, GPU-3d9bae9f-f6a5-a533-682a-2990f19ffa90, NVIDIA H100 80GB HBM3, 54 %, 23726 MiB, 178.86 W, 41, 1980 MHz
2026/09/15 02:20:44.122, 1, GPU-d67482aa-44bc-1a33-2545-de34f4bb6c82, NVIDIA H100 80GB HBM3, 0 %, 1 MiB, 70.74 W, 34, 345 MHz
2026/09/15 02:20:44.124, 2, GPU-6c47d827-68bc-9d8f-448e-55624a5f2f65, NVIDIA H100 80GB HBM3, 0 %, 1 MiB, 71.51 W, 26, 345 MHz
2026/09/15 02:20:44.126, 3, GPU-a481f1cc-7ac4-a6c3-b8a4-eed1d39e45aa, NVIDIA H100 80GB HBM3, 0 %, 1 MiB, 74.98 W, 26, 345 MHz
2026/09/15 02:20:44.136, 4, GPU-a60182ac-1fbd-0654-4298-7dfab8d789ca, NVIDIA H100 80GB HBM3, 0 %, 1 MiB, 72.37 W, 26, 345 MHz
2026/09/15 02:20:44.140, 5, GPU-11bb96fb-3b4c-98eb-f310-70437157969c, NVIDIA H100 80GB HBM3, 0 %, 1 MiB, 69.35 W, 26, 345 MHz
2026/09/15 02:20:44.144, 6, GPU-7d80084d-f83b-1a50-3007-35e8f2af67c2, NVIDIA H100 80GB HBM3, 0 %, 1 MiB, 70.93 W, 28, 345 MHz
2026/09/15 02:20:44.149, 7, GPU-69cdf81a-1c5b-4e7c-54e2-2dd45eb25e36, NVIDIA H100 80GB HBM3, 0 %, 1 MiB, 70.30 W, 26, 345 MHz
2026/09/15 02:20:45.168, 0, GPU-3d9bae9f-f6a5-a533-682a-2990f19ffa90, NVIDIA H100 80GB HBM3, 56 %, 23726 MiB, 183.06 W, 41, 1980 MHz
2026/09/15 02:20:45.170, 1, GPU-d67482aa-44bc-1a33-2545-de34f4bb6c82, NVIDIA H100 80GB HBM3, 0 %, 1 MiB, 70.75 W, 34, 345 MHz
2026/09/15 02:20:45.171, 2, GPU-6c47d827-68bc-9d8f-448e-55624a5f2f65, NVIDIA H100 80GB HBM3, 0 %, 1 MiB, 71.47 W, 26, 345 MHz
2026/09/15 02:20:45.174, 3, GPU-a481f1cc-7ac4-a6c3-b8a4-eed1d39e45aa, NVIDIA H100 80GB HBM3, 0 %, 1 MiB, 74.95 W, 26, 345 MHz
2026/09/15 02:20:45.178, 4, GPU-a60182ac-1fbd-0654-4298-7dfab8d789ca, NVIDIA H100 80GB HBM3, 0 %, 1 MiB, 72.28 W, 26, 345 MHz
2026/09/15 02:20:45.179, 5, GPU-11bb96fb-3b4c-98eb-f310-70437157969c, NVIDIA H100 80GB HBM3, 0 %, 1 MiB, 69.32 W, 26, 345 MHz
2026/09/15 02:20:45.182, 6, GPU-7d80084d-f83b-1a50-3007-35e8f2af67c2, NVIDIA H100 80GB HBM3, 0 %, 1 MiB, 70.90 W, 28, 345 MHz
2026/09/15 02:20:45.187, 7, GPU-69cdf81a-1c5b-4e7c-54e2-2dd45eb25e36, NVIDIA H100 80GB HBM3, 0 %, 1 MiB, 70.32 W, 26, 345 MHz
2026/09/15 02:20:46.191, 0, GPU-3d9bae9f-f6a5-a533-682a-2990f19ffa90, NVIDIA H100 80GB HBM3, 54 %, 23726 MiB, 185.94 W, 41, 1980 MHz
2026/09/15 02:20:46.193, 1, GPU-d67482aa-44bc-1a33-2545-de34f4bb6c82, NVIDIA H100 80GB HBM3, 0 %, 1 MiB, 70.78 W, 34, 345 MHz
2026/09/15 02:20:46.195, 2, GPU-6c47d827-68bc-9d8f-448e-55624a5f2f65, NVIDIA H100 80GB HBM3, 0 %, 1 MiB, 71.49 W, 26, 345 MHz
2026/09/15 02:20:46.208, 3, GPU-a481f1cc-7ac4-a6c3-b8a4-eed1d39e45aa, NVIDIA H100 80GB HBM3, 0 %, 1 MiB, 74.93 W, 26, 345 MHz
2026/09/15 02:20:46.211, 4, GPU-a60182ac-1fbd-0654-4298-7dfab8d789ca, NVIDIA H100 80GB HBM3, 0 %, 1 MiB, 72.51 W, 26, 345 MHz
2026/09/15 02:20:46.214, 5, GPU-11bb96fb-3b4c-98eb-f310-70437157969c, NVIDIA H100 80GB HBM3, 0 %, 1 MiB, 69.36 W, 26, 345 MHz
2026/09/15 02:20:46.219, 6, GPU-7d80084d-f83b-1a50-3007-35e8f2af67c2, NVIDIA H100 80GB HBM3, 0 %, 1 MiB, 70.89 W, 28, 345 MHz
2026/09/15 02:20:46.224, 7, GPU-69cdf81a-1c5b-4e7c-54e2-2dd45eb25e36, NVIDIA H100 80GB HBM3, 0 %, 1 MiB, 70.31 W, 26, 345 MHz
2026/09/15 02:20:47.228, 0, GPU-3d9bae9f-f6a5-a533-682a-2990f19ffa90, NVIDIA H100 80GB HBM3, 54 %, 23726 MiB, 186.30 W, 41, 1980 MHz
2026/09/15 02:20:47.237, 1, GPU-d67482aa-44bc-1a33-2545-de34f4bb6c82, NVIDIA H100 80GB HBM3, 0 %, 1 MiB, 70.80 W, 34, 345 MHz
2026/09/15 02:20:47.270, 2, GPU-6c47d827-68bc-9d8f-448e-55624a5f2f65, NVIDIA H100 80GB HBM3, 0 %, 1 MiB, 71.51 W, 26, 345 MHz
2026/09/15 02:20:47.273, 3, GPU-a481f1cc-7ac4-a6c3-b8a4-eed1d39e45aa, NVIDIA H100 80GB HBM3, 0 %, 1 MiB, 74.95 W, 26, 345 MHz
2026/09/15 02:20:47.302, 4, GPU-a60182ac-1fbd-0654-4298-7dfab8d789ca, NVIDIA H100 80GB HBM3, 0 %, 1 MiB, 72.28 W, 26, 345 MHz
2026/09/15 02:20:47.333, 5, GPU-11bb96fb-3b4c-98eb-f310-70437157969c, NVIDIA H100 80GB HBM3, 0 %, 1 MiB, 69.35 W, 26, 345 MHz
2026/09/15 02:20:47.367, 6, GPU-7d80084d-f83b-1a50-3007-35e8f2af67c2, NVIDIA H100 80GB HBM3, 0 %, 1 MiB, 70.90 W, 28, 345 MHz
2026/09/15 02:20:47.396, 7, GPU-69cdf81a-1c5b-4e7c-54e2-2dd45eb25e36, NVIDIA H100 80GB HBM3, 0 %, 1 MiB, 70.37 W, 26, 345 MHz
2026/09/15 02:20:48.402, 0, GPU-3d9bae9f-f6a5-a533-682a-2990f19ffa90, NVIDIA H100 80GB HBM3, 54 %, 23726 MiB, 184.79 W, 42, 1980 MHz
2026/09/15 02:20:48.404, 1, GPU-d67482aa-44bc-1a33-2545-de34f4bb6c82, NVIDIA H100 80GB HBM3, 0 %, 1 MiB, 70.78 W, 34, 345 MHz
2026/09/15 02:20:48.406, 2, GPU-6c47d827-68bc-9d8f-448e-55624a5f2f65, NVIDIA H100 80GB HBM3, 0 %, 1 MiB, 71.56 W, 26, 345 MHz
2026/09/15 02:20:48.412, 3, GPU-a481f1cc-7ac4-a6c3-b8a4-eed1d39e45aa, NVIDIA H100 80GB HBM3, 0 %, 1 MiB, 74.99 W, 26, 345 MHz
2026/09/15 02:20:48.415, 4, GPU-a60182ac-1fbd-0654-4298-7dfab8d789ca, NVIDIA H100 80GB HBM3, 0 %, 1 MiB, 72.36 W, 26, 345 MHz
2026/09/15 02:20:48.419, 5, GPU-11bb96fb-3b4c-98eb-f310-70437157969c, NVIDIA H100 80GB HBM3, 0 %, 1 MiB, 69.38 W, 26, 345 MHz
2026/09/15 02:20:48.423, 6, GPU-7d80084d-f83b-1a50-3007-35e8f2af67c2, NVIDIA H100 80GB HBM3, 0 %, 1 MiB, 70.92 W, 28, 345 MHz
2026/09/15 02:20:48.426, 7, GPU-69cdf81a-1c5b-4e7c-54e2-2dd45eb25e36, NVIDIA H100 80GB HBM3, 0 %, 1 MiB, 70.30 W, 26, 345 MHz
2026/09/15 02:20:49.437, 0, GPU-3d9bae9f-f6a5-a533-682a-2990f19ffa90, NVIDIA H100 80GB HBM3, 55 %, 23726 MiB, 185.12 W, 41, 1980 MHz
2026/09/15 02:20:49.438, 1, GPU-d67482aa-44bc-1a33-2545-de34f4bb6c82, NVIDIA H100 80GB HBM3, 0 %, 1 MiB, 70.78 W, 34, 345 MHz
2026/09/15 02:20:49.440, 2, GPU-6c47d827-68bc-9d8f-448e-55624a5f2f65, NVIDIA H100 80GB HBM3, 0 %, 1 MiB, 71.55 W, 26, 345 MHz
2026/09/15 02:20:49.444, 3, GPU-a481f1cc-7ac4-a6c3-b8a4-eed1d39e45aa, NVIDIA H100 80GB HBM3, 0 %, 1 MiB, 74.90 W, 26, 345 MHz
2026/09/15 02:20:49.456, 4, GPU-a60182ac-1fbd-0654-4298-7dfab8d789ca, NVIDIA H100 80GB HBM3, 0 %, 1 MiB, 72.33 W, 26, 345 MHz
2026/09/15 02:20:49.469, 5, GPU-11bb96fb-3b4c-98eb-f310-70437157969c, NVIDIA H100 80GB HBM3, 0 %, 1 MiB, 69.35 W, 26, 345 MHz
2026/09/15 02:20:49.471, 6, GPU-7d80084d-f83b-1a50-3007-35e8f2af67c2, NVIDIA H100 80GB HBM3, 0 %, 1 MiB, 70.93 W, 28, 345 MHz
2026/09/15 02:20:49.475, 7, GPU-69cdf81a-1c5b-4e7c-54e2-2dd45eb25e36, NVIDIA H100 80GB HBM3, 0 %, 1 MiB, 70.33 W, 26, 345 MHz
2026/09/15 02:20:50.478, 0, GPU-3d9bae9f-f6a5-a533-682a-2990f19ffa90, NVIDIA H100 80GB HBM3, 53 %, 23726 MiB, 187.27 W, 41, 1980 MHz
2026/09/15 02:20:50.481, 1, GPU-d67482aa-44bc-1a33-2545-de34f4bb6c82, NVIDIA H100 80GB HBM3, 0 %, 1 MiB, 70.79 W, 34, 345 MHz
2026/09/15 02:20:50.483, 2, GPU-6c47d827-68bc-9d8f-448e-55624a5f2f65, NVIDIA H100 80GB HBM3, 0 %, 1 MiB, 71.51 W, 26, 345 MHz
2026/09/15 02:20:50.484, 3, GPU-a481f1cc-7ac4-a6c3-b8a4-eed1d39e45aa, NVIDIA H100 80GB HBM3, 0 %, 1 MiB, 74.92 W, 26, 345 MHz
2026/09/15 02:20:50.486, 4, GPU-a60182ac-1fbd-0654-4298-7dfab8d789ca, NVIDIA H100 80GB HBM3, 0 %, 1 MiB, 72.24 W, 26, 345 MHz
2026/09/15 02:20:50.491, 5, GPU-11bb96fb-3b4c-98eb-f310-70437157969c, NVIDIA H100 80GB HBM3, 0 %, 1 MiB, 69.36 W, 26, 345 MHz
2026/09/15 02:20:50.493, 6, GPU-7d80084d-f83b-1a50-3007-35e8f2af67c2, NVIDIA H100 80GB HBM3, 0 %, 1 MiB, 70.90 W, 28, 345 MHz
2026/09/15 02:20:50.508, 7, GPU-69cdf81a-1c5b-4e7c-54e2-2dd45eb25e36, NVIDIA H100 80GB HBM3, 0 %, 1 MiB, 70.35 W, 26, 345 MHz
2026/09/15 02:20:51.517, 0, GPU-3d9bae9f-f6a5-a533-682a-2990f19ffa90, NVIDIA H100 80GB HBM3, 54 %, 23726 MiB, 183.89 W, 41, 1980 MHz
2026/09/15 02:20:51.533, 1, GPU-d67482aa-44bc-1a33-2545-de34f4bb6c82, NVIDIA H100 80GB HBM3, 0 %, 1 MiB, 70.76 W, 34, 345 MHz
2026/09/15 02:20:51.590, 2, GPU-6c47d827-68bc-9d8f-448e-55624a5f2f65, NVIDIA H100 80GB HBM3, 0 %, 1 MiB, 71.49 W, 26, 345 MHz
2026/09/15 02:20:51.630, 3, GPU-a481f1cc-7ac4-a6c3-b8a4-eed1d39e45aa, NVIDIA H100 80GB HBM3, 0 %, 1 MiB, 74.99 W, 26, 345 MHz
2026/09/15 02:20:51.657, 4, GPU-a60182ac-1fbd-0654-4298-7dfab8d789ca, NVIDIA H100 80GB HBM3, 0 %, 1 MiB, 72.44 W, 26, 345 MHz
2026/09/15 02:20:51.670, 5, GPU-11bb96fb-3b4c-98eb-f310-70437157969c, NVIDIA H100 80GB HBM3, 0 %, 1 MiB, 69.36 W, 26, 345 MHz
2026/09/15 02:20:51.675, 6, GPU-7d80084d-f83b-1a50-3007-35e8f2af67c2, NVIDIA H100 80GB HBM3, 0 %, 1 MiB, 70.93 W, 28, 345 MHz
2026/09/15 02:20:51.679, 7, GPU-69cdf81a-1c5b-4e7c-54e2-2dd45eb25e36, NVIDIA H100 80GB HBM3, 0 %, 1 MiB, 70.32 W, 26, 345 MHz
2026/09/15 02:20:52.684, 0, GPU-3d9bae9f-f6a5-a533-682a-2990f19ffa90, NVIDIA H100 80GB HBM3, 54 %, 23726 MiB, 179.44 W, 41, 1980 MHz
2026/09/15 02:20:52.687, 1, GPU-d67482aa-44bc-1a33-2545-de34f4bb6c82, NVIDIA H100 80GB HBM3, 0 %, 1 MiB, 70.83 W, 34, 345 MHz
2026/09/15 02:20:52.693, 2, GPU-6c47d827-68bc-9d8f-448e-55624a5f2f65, NVIDIA H100 80GB HBM3, 0 %, 1 MiB, 71.51 W, 26, 345 MHz
2026/09/15 02:20:52.708, 3, GPU-a481f1cc-7ac4-a6c3-b8a4-eed1d39e45aa, NVIDIA H100 80GB HBM3, 0 %, 1 MiB, 74.98 W, 26, 345 MHz
2026/09/15 02:20:52.712, 4, GPU-a60182ac-1fbd-0654-4298-7dfab8d789ca, NVIDIA H100 80GB HBM3, 0 %, 1 MiB, 72.31 W, 26, 345 MHz
2026/09/15 02:20:52.715, 5, GPU-11bb96fb-3b4c-98eb-f310-70437157969c, NVIDIA H100 80GB HBM3, 0 %, 1 MiB, 69.32 W, 26, 345 MHz
2026/09/15 02:20:52.719, 6, GPU-7d80084d-f83b-1a50-3007-35e8f2af67c2, NVIDIA H100 80GB HBM3, 0 %, 1 MiB, 70.92 W, 28, 345 MHz
2026/09/15 02:20:52.722, 7, GPU-69cdf81a-1c5b-4e7c-54e2-2dd45eb25e36, NVIDIA H100 80GB HBM3, 0 %, 1 MiB, 70.31 W, 26, 345 MHz
2026/09/15 02:20:53.724, 0, GPU-3d9bae9f-f6a5-a533-682a-2990f19ffa90, NVIDIA H100 80GB HBM3, 54 %, 23726 MiB, 183.29 W, 41, 1980 MHz
2026/09/15 02:20:53.726, 1, GPU-d67482aa-44bc-1a33-2545-de34f4bb6c82, NVIDIA H100 80GB HBM3, 0 %, 1 MiB, 70.81 W, 34, 345 MHz
2026/09/15 02:20:53.737, 2, GPU-6c47d827-68bc-9d8f-448e-55624a5f2f65, NVIDIA H100 80GB HBM3, 0 %, 1 MiB, 71.50 W, 26, 345 MHz
2026/09/15 02:20:53.740, 3, GPU-a481f1cc-7ac4-a6c3-b8a4-eed1d39e45aa, NVIDIA H100 80GB HBM3, 0 %, 1 MiB, 74.98 W, 26, 345 MHz
2026/09/15 02:20:53.745, 4, GPU-a60182ac-1fbd-0654-4298-7dfab8d789ca, NVIDIA H100 80GB HBM3, 0 %, 1 MiB, 72.36 W, 26, 345 MHz
2026/09/15 02:20:53.749, 5, GPU-11bb96fb-3b4c-98eb-f310-70437157969c, NVIDIA H100 80GB HBM3, 0 %, 1 MiB, 69.35 W, 26, 345 MHz
2026/09/15 02:20:53.752, 6, GPU-7d80084d-f83b-1a50-3007-35e8f2af67c2, NVIDIA H100 80GB HBM3, 0 %, 1 MiB, 70.90 W, 28, 345 MHz
2026/09/15 02:20:53.769, 7, GPU-69cdf81a-1c5b-4e7c-54e2-2dd45eb25e36, NVIDIA H100 80GB HBM3, 0 %, 1 MiB, 70.25 W, 26, 345 MHz
2026/09/15 02:20:54.772, 0, GPU-3d9bae9f-f6a5-a533-682a-2990f19ffa90, NVIDIA H100 80GB HBM3, 54 %, 23726 MiB, 178.68 W, 43, 1980 MHz
2026/09/15 02:20:54.775, 1, GPU-d67482aa-44bc-1a33-2545-de34f4bb6c82, NVIDIA H100 80GB HBM3, 0 %, 1 MiB, 70.81 W, 34, 345 MHz
2026/09/15 02:20:54.778, 2, GPU-6c47d827-68bc-9d8f-448e-55624a5f2f65, NVIDIA H100 80GB HBM3, 0 %, 1 MiB, 71.50 W, 26, 345 MHz
2026/09/15 02:20:54.782, 3, GPU-a481f1cc-7ac4-a6c3-b8a4-eed1d39e45aa, NVIDIA H100 80GB HBM3, 0 %, 1 MiB, 74.99 W, 26, 345 MHz
2026/09/15 02:20:54.787, 4, GPU-a60182ac-1fbd-0654-4298-7dfab8d789ca, NVIDIA H100 80GB HBM3, 0 %, 1 MiB, 72.35 W, 26, 345 MHz
2026/09/15 02:20:54.791, 5, GPU-11bb96fb-3b4c-98eb-f310-70437157969c, NVIDIA H100 80GB HBM3, 0 %, 1 MiB, 69.36 W, 26, 345 MHz
2026/09/15 02:20:54.796, 6, GPU-7d80084d-f83b-1a50-3007-35e8f2af67c2, NVIDIA H100 80GB HBM3, 0 %, 1 MiB, 70.90 W, 28, 345 MHz
2026/09/15 02:20:54.800, 7, GPU-69cdf81a-1c5b-4e7c-54e2-2dd45eb25e36, NVIDIA H100 80GB HBM3, 0 %, 1 MiB, 70.30 W, 26, 345 MHz
2026/09/15 02:20:55.802, 0, GPU-3d9bae9f-f6a5-a533-682a-2990f19ffa90, NVIDIA H100 80GB HBM3, 54 %, 23726 MiB, 179.81 W, 44, 1980 MHz
2026/09/15 02:20:55.825, 1, GPU-d67482aa-44bc-1a33-2545-de34f4bb6c82, NVIDIA H100 80GB HBM3, 0 %, 1 MiB, 70.82 W, 34, 345 MHz
2026/09/15 02:20:55.856, 2, GPU-6c47d827-68bc-9d8f-448e-55624a5f2f65, NVIDIA H100 80GB HBM3, 0 %, 1 MiB, 71.53 W, 26, 345 MHz
2026/09/15 02:20:55.915, 3, GPU-a481f1cc-7ac4-a6c3-b8a4-eed1d39e45aa, NVIDIA H100 80GB HBM3, 0 %, 1 MiB, 74.96 W, 26, 345 MHz
2026/09/15 02:20:55.920, 4, GPU-a60182ac-1fbd-0654-4298-7dfab8d789ca, NVIDIA H100 80GB HBM3, 0 %, 1 MiB, 72.23 W, 26, 345 MHz
2026/09/15 02:20:55.922, 5, GPU-11bb96fb-3b4c-98eb-f310-70437157969c, NVIDIA H100 80GB HBM3, 0 %, 1 MiB, 69.36 W, 26, 345 MHz
2026/09/15 02:20:55.937, 6, GPU-7d80084d-f83b-1a50-3007-35e8f2af67c2, NVIDIA H100 80GB HBM3, 0 %, 1 MiB, 70.87 W, 28, 345 MHz
2026/09/15 02:20:55.940, 7, GPU-69cdf81a-1c5b-4e7c-54e2-2dd45eb25e36, NVIDIA H100 80GB HBM3, 0 %, 1 MiB, 70.36 W, 26, 345 MHz
2026/09/15 02:20:56.943, 0, GPU-3d9bae9f-f6a5-a533-682a-2990f19ffa90, NVIDIA H100 80GB HBM3, 55 %, 23726 MiB, 185.48 W, 41, 1980 MHz
2026/09/15 02:20:56.945, 1, GPU-d67482aa-44bc-1a33-2545-de34f4bb6c82, NVIDIA H100 80GB HBM3, 0 %, 1 MiB, 70.82 W, 34, 345 MHz
2026/09/15 02:20:56.956, 2, GPU-6c47d827-68bc-9d8f-448e-55624a5f2f65, NVIDIA H100 80GB HBM3, 0 %, 1 MiB, 71.52 W, 26, 345 MHz
2026/09/15 02:20:56.958, 3, GPU-a481f1cc-7ac4-a6c3-b8a4-eed1d39e45aa, NVIDIA H100 80GB HBM3, 0 %, 1 MiB, 75.02 W, 26, 345 MHz
2026/09/15 02:20:56.968, 4, GPU-a60182ac-1fbd-0654-4298-7dfab8d789ca, NVIDIA H100 80GB HBM3, 0 %, 1 MiB, 72.49 W, 26, 345 MHz
2026/09/15 02:20:56.971, 5, GPU-11bb96fb-3b4c-98eb-f310-70437157969c, NVIDIA H100 80GB HBM3, 0 %, 1 MiB, 69.35 W, 26, 345 MHz
2026/09/15 02:20:56.975, 6, GPU-7d80084d-f83b-1a50-3007-35e8f2af67c2, NVIDIA H100 80GB HBM3, 0 %, 1 MiB, 70.85 W, 28, 345 MHz
2026/09/15 02:20:56.979, 7, GPU-69cdf81a-1c5b-4e7c-54e2-2dd45eb25e36, NVIDIA H100 80GB HBM3, 0 %, 1 MiB, 70.33 W, 26, 345 MHz
2026/09/15 02:20:57.982, 0, GPU-3d9bae9f-f6a5-a533-682a-2990f19ffa90, NVIDIA H100 80GB HBM3, 54 %, 23726 MiB, 181.64 W, 41, 1980 MHz
2026/09/15 02:20:57.984, 1, GPU-d67482aa-44bc-1a33-2545-de34f4bb6c82, NVIDIA H100 80GB HBM3, 0 %, 1 MiB, 70.82 W, 34, 345 MHz
2026/09/15 02:20:57.990, 2, GPU-6c47d827-68bc-9d8f-448e-55624a5f2f65, NVIDIA H100 80GB HBM3, 0 %, 1 MiB, 71.51 W, 26, 345 MHz
2026/09/15 02:20:58.013, 3, GPU-a481f1cc-7ac4-a6c3-b8a4-eed1d39e45aa, NVIDIA H100 80GB HBM3, 0 %, 1 MiB, 75.00 W, 26, 345 MHz
2026/09/15 02:20:58.018, 4, GPU-a60182ac-1fbd-0654-4298-7dfab8d789ca, NVIDIA H100 80GB HBM3, 0 %, 1 MiB, 72.30 W, 26, 345 MHz
2026/09/15 02:20:58.020, 5, GPU-11bb96fb-3b4c-98eb-f310-70437157969c, NVIDIA H100 80GB HBM3, 0 %, 1 MiB, 69.35 W, 26, 345 MHz
2026/09/15 02:20:58.022, 6, GPU-7d80084d-f83b-1a50-3007-35e8f2af67c2, NVIDIA H100 80GB HBM3, 0 %, 1 MiB, 70.93 W, 28, 345 MHz
2026/09/15 02:20:58.025, 7, GPU-69cdf81a-1c5b-4e7c-54e2-2dd45eb25e36, NVIDIA H100 80GB HBM3, 0 %, 1 MiB, 70.41 W, 26, 345 MHz
2026/09/15 02:20:59.029, 0, GPU-3d9bae9f-f6a5-a533-682a-2990f19ffa90, NVIDIA H100 80GB HBM3, 54 %, 23726 MiB, 183.77 W, 41, 1980 MHz
2026/09/15 02:20:59.038, 1, GPU-d67482aa-44bc-1a33-2545-de34f4bb6c82, NVIDIA H100 80GB HBM3, 0 %, 1 MiB, 70.78 W, 34, 345 MHz
2026/09/15 02:20:59.042, 2, GPU-6c47d827-68bc-9d8f-448e-55624a5f2f65, NVIDIA H100 80GB HBM3, 0 %, 1 MiB, 71.49 W, 26, 345 MHz
2026/09/15 02:20:59.046, 3, GPU-a481f1cc-7ac4-a6c3-b8a4-eed1d39e45aa, NVIDIA H100 80GB HBM3, 0 %, 1 MiB, 74.97 W, 26, 345 MHz
2026/09/15 02:20:59.049, 4, GPU-a60182ac-1fbd-0654-4298-7dfab8d789ca, NVIDIA H100 80GB HBM3, 0 %, 1 MiB, 72.40 W, 26, 345 MHz
2026/09/15 02:20:59.053, 5, GPU-11bb96fb-3b4c-98eb-f310-70437157969c, NVIDIA H100 80GB HBM3, 0 %, 1 MiB, 69.35 W, 26, 345 MHz
2026/09/15 02:20:59.056, 6, GPU-7d80084d-f83b-1a50-3007-35e8f2af67c2, NVIDIA H100 80GB HBM3, 0 %, 1 MiB, 70.92 W, 28, 345 MHz
2026/09/15 02:20:59.063, 7, GPU-69cdf81a-1c5b-4e7c-54e2-2dd45eb25e36, NVIDIA H100 80GB HBM3, 0 %, 1 MiB, 70.31 W, 26, 345 MHz
2026/09/15 02:21:00.065, 0, GPU-3d9bae9f-f6a5-a533-682a-2990f19ffa90, NVIDIA H100 80GB HBM3, 55 %, 23726 MiB, 184.07 W, 41, 1980 MHz
2026/09/15 02:21:00.121, 1, GPU-d67482aa-44bc-1a33-2545-de34f4bb6c82, NVIDIA H100 80GB HBM3, 0 %, 1 MiB, 70.83 W, 34, 345 MHz
2026/09/15 02:21:00.156, 2, GPU-6c47d827-68bc-9d8f-448e-55624a5f2f65, NVIDIA H100 80GB HBM3, 0 %, 1 MiB, 71.51 W, 26, 345 MHz
2026/09/15 02:21:00.182, 3, GPU-a481f1cc-7ac4-a6c3-b8a4-eed1d39e45aa, NVIDIA H100 80GB HBM3, 0 %, 1 MiB, 74.99 W, 26, 345 MHz
2026/09/15 02:21:00.185, 4, GPU-a60182ac-1fbd-0654-4298-7dfab8d789ca, NVIDIA H100 80GB HBM3, 0 %, 1 MiB, 72.46 W, 26, 345 MHz
2026/09/15 02:21:00.244, 5, GPU-11bb96fb-3b4c-98eb-f310-70437157969c, NVIDIA H100 80GB HBM3, 0 %, 1 MiB, 69.31 W, 26, 345 MHz
2026/09/15 02:21:00.250, 6, GPU-7d80084d-f83b-1a50-3007-35e8f2af67c2, NVIDIA H100 80GB HBM3, 0 %, 1 MiB, 70.96 W, 28, 345 MHz
2026/09/15 02:21:00.261, 7, GPU-69cdf81a-1c5b-4e7c-54e2-2dd45eb25e36, NVIDIA H100 80GB HBM3, 0 %, 1 MiB, 70.32 W, 26, 345 MHz
2026/09/15 02:21:01.266, 0, GPU-3d9bae9f-f6a5-a533-682a-2990f19ffa90, NVIDIA H100 80GB HBM3, 53 %, 23726 MiB, 179.07 W, 42, 1980 MHz
2026/09/15 02:21:01.269, 1, GPU-d67482aa-44bc-1a33-2545-de34f4bb6c82, NVIDIA H100 80GB HBM3, 0 %, 1 MiB, 70.86 W, 34, 345 MHz
2026/09/15 02:21:01.273, 2, GPU-6c47d827-68bc-9d8f-448e-55624a5f2f65, NVIDIA H100 80GB HBM3, 0 %, 1 MiB, 71.50 W, 26, 345 MHz
2026/09/15 02:21:01.277, 3, GPU-a481f1cc-7ac4-a6c3-b8a4-eed1d39e45aa, NVIDIA H100 80GB HBM3, 0 %, 1 MiB, 74.98 W, 26, 345 MHz
2026/09/15 02:21:01.280, 4, GPU-a60182ac-1fbd-0654-4298-7dfab8d789ca, NVIDIA H100 80GB HBM3, 0 %, 1 MiB, 72.27 W, 26, 345 MHz
2026/09/15 02:21:01.284, 5, GPU-11bb96fb-3b4c-98eb-f310-70437157969c, NVIDIA H100 80GB HBM3, 0 %, 1 MiB, 69.33 W, 26, 345 MHz
2026/09/15 02:21:01.287, 6, GPU-7d80084d-f83b-1a50-3007-35e8f2af67c2, NVIDIA H100 80GB HBM3, 0 %, 1 MiB, 70.92 W, 28, 345 MHz
2026/09/15 02:21:01.291, 7, GPU-69cdf81a-1c5b-4e7c-54e2-2dd45eb25e36, NVIDIA H100 80GB HBM3, 0 %, 1 MiB, 70.36 W, 26, 345 MHz
2026/09/15 02:21:02.294, 0, GPU-3d9bae9f-f6a5-a533-682a-2990f19ffa90, NVIDIA H100 80GB HBM3, 53 %, 23726 MiB, 188.24 W, 42, 1980 MHz
2026/09/15 02:21:02.297, 1, GPU-d67482aa-44bc-1a33-2545-de34f4bb6c82, NVIDIA H100 80GB HBM3, 0 %, 1 MiB, 70.84 W, 34, 345 MHz
2026/09/15 02:21:02.298, 2, GPU-6c47d827-68bc-9d8f-448e-55624a5f2f65, NVIDIA H100 80GB HBM3, 0 %, 1 MiB, 71.50 W, 26, 345 MHz
2026/09/15 02:21:02.307, 3, GPU-a481f1cc-7ac4-a6c3-b8a4-eed1d39e45aa, NVIDIA H100 80GB HBM3, 0 %, 1 MiB, 74.91 W, 26, 345 MHz
2026/09/15 02:21:02.313, 4, GPU-a60182ac-1fbd-0654-4298-7dfab8d789ca, NVIDIA H100 80GB HBM3, 0 %, 1 MiB, 72.51 W, 26, 345 MHz
2026/09/15 02:21:02.319, 5, GPU-11bb96fb-3b4c-98eb-f310-70437157969c, NVIDIA H100 80GB HBM3, 0 %, 1 MiB, 69.36 W, 26, 345 MHz
2026/09/15 02:21:02.322, 6, GPU-7d80084d-f83b-1a50-3007-35e8f2af67c2, NVIDIA H100 80GB HBM3, 0 %, 1 MiB, 70.87 W, 28, 345 MHz
2026/09/15 02:21:02.326, 7, GPU-69cdf81a-1c5b-4e7c-54e2-2dd45eb25e36, NVIDIA H100 80GB HBM3, 0 %, 1 MiB, 70.33 W, 26, 345 MHz
2026/09/15 02:21:03.333, 0, GPU-3d9bae9f-f6a5-a533-682a-2990f19ffa90, NVIDIA H100 80GB HBM3, 54 %, 23726 MiB, 183.50 W, 43, 1980 MHz
2026/09/15 02:21:03.336, 1, GPU-d67482aa-44bc-1a33-2545-de34f4bb6c82, NVIDIA H100 80GB HBM3, 0 %, 1 MiB, 70.85 W, 34, 345 MHz
2026/09/15 02:21:03.341, 2, GPU-6c47d827-68bc-9d8f-448e-55624a5f2f65, NVIDIA H100 80GB HBM3, 0 %, 1 MiB, 71.51 W, 26, 345 MHz
2026/09/15 02:21:03.345, 3, GPU-a481f1cc-7ac4-a6c3-b8a4-eed1d39e45aa, NVIDIA H100 80GB HBM3, 0 %, 1 MiB, 74.97 W, 26, 345 MHz
2026/09/15 02:21:03.350, 4, GPU-a60182ac-1fbd-0654-4298-7dfab8d789ca, NVIDIA H100 80GB HBM3, 0 %, 1 MiB, 72.34 W, 26, 345 MHz
2026/09/15 02:21:03.355, 5, GPU-11bb96fb-3b4c-98eb-f310-70437157969c, NVIDIA H100 80GB HBM3, 0 %, 1 MiB, 69.39 W, 26, 345 MHz
2026/09/15 02:21:03.368, 6, GPU-7d80084d-f83b-1a50-3007-35e8f2af67c2, NVIDIA H100 80GB HBM3, 0 %, 1 MiB, 70.93 W, 28, 345 MHz
2026/09/15 02:21:03.370, 7, GPU-69cdf81a-1c5b-4e7c-54e2-2dd45eb25e36, NVIDIA H100 80GB HBM3, 0 %, 1 MiB, 70.33 W, 26, 345 MHz
2026/09/15 02:21:04.373, 0, GPU-3d9bae9f-f6a5-a533-682a-2990f19ffa90, NVIDIA H100 80GB HBM3, 54 %, 23726 MiB, 183.93 W, 42, 1980 MHz
2026/09/15 02:21:04.391, 1, GPU-d67482aa-44bc-1a33-2545-de34f4bb6c82, NVIDIA H100 80GB HBM3, 0 %, 1 MiB, 70.84 W, 34, 345 MHz
2026/09/15 02:21:04.418, 2, GPU-6c47d827-68bc-9d8f-448e-55624a5f2f65, NVIDIA H100 80GB HBM3, 0 %, 1 MiB, 71.54 W, 26, 345 MHz
2026/09/15 02:21:04.488, 3, GPU-a481f1cc-7ac4-a6c3-b8a4-eed1d39e45aa, NVIDIA H100 80GB HBM3, 0 %, 1 MiB, 74.95 W, 26, 345 MHz
2026/09/15 02:21:04.491, 4, GPU-a60182ac-1fbd-0654-4298-7dfab8d789ca, NVIDIA H100 80GB HBM3, 0 %, 1 MiB, 72.31 W, 26, 345 MHz
2026/09/15 02:21:04.541, 5, GPU-11bb96fb-3b4c-98eb-f310-70437157969c, NVIDIA H100 80GB HBM3, 0 %, 1 MiB, 69.34 W, 26, 345 MHz
2026/09/15 02:21:04.543, 6, GPU-7d80084d-f83b-1a50-3007-35e8f2af67c2, NVIDIA H100 80GB HBM3, 0 %, 1 MiB, 70.88 W, 28, 345 MHz
2026/09/15 02:21:04.545, 7, GPU-69cdf81a-1c5b-4e7c-54e2-2dd45eb25e36, NVIDIA H100 80GB HBM3, 0 %, 1 MiB, 70.35 W, 26, 345 MHz
2026/09/15 02:21:05.549, 0, GPU-3d9bae9f-f6a5-a533-682a-2990f19ffa90, NVIDIA H100 80GB HBM3, 54 %, 23726 MiB, 181.23 W, 41, 1980 MHz
2026/09/15 02:21:05.552, 1, GPU-d67482aa-44bc-1a33-2545-de34f4bb6c82, NVIDIA H100 80GB HBM3, 0 %, 1 MiB, 70.86 W, 34, 345 MHz
2026/09/15 02:21:05.554, 2, GPU-6c47d827-68bc-9d8f-448e-55624a5f2f65, NVIDIA H100 80GB HBM3, 0 %, 1 MiB, 71.53 W, 26, 345 MHz
2026/09/15 02:21:05.556, 3, GPU-a481f1cc-7ac4-a6c3-b8a4-eed1d39e45aa, NVIDIA H100 80GB HBM3, 0 %, 1 MiB, 74.95 W, 26, 345 MHz
2026/09/15 02:21:05.558, 4, GPU-a60182ac-1fbd-0654-4298-7dfab8d789ca, NVIDIA H100 80GB HBM3, 0 %, 1 MiB, 72.48 W, 26, 345 MHz
2026/09/15 02:21:05.566, 5, GPU-11bb96fb-3b4c-98eb-f310-70437157969c, NVIDIA H100 80GB HBM3, 0 %, 1 MiB, 69.34 W, 26, 345 MHz
2026/09/15 02:21:05.568, 6, GPU-7d80084d-f83b-1a50-3007-35e8f2af67c2, NVIDIA H100 80GB HBM3, 0 %, 1 MiB, 70.94 W, 28, 345 MHz
2026/09/15 02:21:05.572, 7, GPU-69cdf81a-1c5b-4e7c-54e2-2dd45eb25e36, NVIDIA H100 80GB HBM3, 0 %, 1 MiB, 70.37 W, 26, 345 MHz
2026/09/15 02:21:06.576, 0, GPU-3d9bae9f-f6a5-a533-682a-2990f19ffa90, NVIDIA H100 80GB HBM3, 52 %, 23726 MiB, 188.03 W, 41, 1980 MHz
2026/09/15 02:21:06.578, 1, GPU-d67482aa-44bc-1a33-2545-de34f4bb6c82, NVIDIA H100 80GB HBM3, 0 %, 1 MiB, 70.88 W, 34, 345 MHz
2026/09/15 02:21:06.579, 2, GPU-6c47d827-68bc-9d8f-448e-55624a5f2f65, NVIDIA H100 80GB HBM3, 0 %, 1 MiB, 71.51 W, 26, 345 MHz
2026/09/15 02:21:06.582, 3, GPU-a481f1cc-7ac4-a6c3-b8a4-eed1d39e45aa, NVIDIA H100 80GB HBM3, 0 %, 1 MiB, 75.00 W, 26, 345 MHz
2026/09/15 02:21:06.585, 4, GPU-a60182ac-1fbd-0654-4298-7dfab8d789ca, NVIDIA H100 80GB HBM3, 0 %, 1 MiB, 72.31 W, 26, 345 MHz
2026/09/15 02:21:06.588, 5, GPU-11bb96fb-3b4c-98eb-f310-70437157969c, NVIDIA H100 80GB HBM3, 0 %, 1 MiB, 69.36 W, 26, 345 MHz
2026/09/15 02:21:06.590, 6, GPU-7d80084d-f83b-1a50-3007-35e8f2af67c2, NVIDIA H100 80GB HBM3, 0 %, 1 MiB, 70.99 W, 28, 345 MHz
2026/09/15 02:21:06.593, 7, GPU-69cdf81a-1c5b-4e7c-54e2-2dd45eb25e36, NVIDIA H100 80GB HBM3, 0 %, 1 MiB, 70.36 W, 26, 345 MHz
2026/09/15 02:21:07.595, 0, GPU-3d9bae9f-f6a5-a533-682a-2990f19ffa90, NVIDIA H100 80GB HBM3, 54 %, 23726 MiB, 184.69 W, 41, 1980 MHz
2026/09/15 02:21:07.597, 1, GPU-d67482aa-44bc-1a33-2545-de34f4bb6c82, NVIDIA H100 80GB HBM3, 0 %, 1 MiB, 70.85 W, 34, 345 MHz
2026/09/15 02:21:07.599, 2, GPU-6c47d827-68bc-9d8f-448e-55624a5f2f65, NVIDIA H100 80GB HBM3, 0 %, 1 MiB, 71.50 W, 26, 345 MHz
2026/09/15 02:21:07.606, 3, GPU-a481f1cc-7ac4-a6c3-b8a4-eed1d39e45aa, NVIDIA H100 80GB HBM3, 0 %, 1 MiB, 74.98 W, 26, 345 MHz
2026/09/15 02:21:07.607, 4, GPU-a60182ac-1fbd-0654-4298-7dfab8d789ca, NVIDIA H100 80GB HBM3, 0 %, 1 MiB, 72.51 W, 26, 345 MHz
2026/09/15 02:21:07.608, 5, GPU-11bb96fb-3b4c-98eb-f310-70437157969c, NVIDIA H100 80GB HBM3, 0 %, 1 MiB, 69.40 W, 26, 345 MHz
2026/09/15 02:21:07.610, 6, GPU-7d80084d-f83b-1a50-3007-35e8f2af67c2, NVIDIA H100 80GB HBM3, 0 %, 1 MiB, 70.92 W, 28, 345 MHz
2026/09/15 02:21:07.611, 7, GPU-69cdf81a-1c5b-4e7c-54e2-2dd45eb25e36, NVIDIA H100 80GB HBM3, 0 %, 1 MiB, 70.29 W, 26, 345 MHz
2026/09/15 02:21:08.618, 0, GPU-3d9bae9f-f6a5-a533-682a-2990f19ffa90, NVIDIA H100 80GB HBM3, 54 %, 23726 MiB, 186.23 W, 41, 1980 MHz
2026/09/15 02:21:08.670, 1, GPU-d67482aa-44bc-1a33-2545-de34f4bb6c82, NVIDIA H100 80GB HBM3, 0 %, 1 MiB, 70.86 W, 34, 345 MHz
2026/09/15 02:21:08.698, 2, GPU-6c47d827-68bc-9d8f-448e-55624a5f2f65, NVIDIA H100 80GB HBM3, 0 %, 1 MiB, 71.52 W, 26, 345 MHz
2026/09/15 02:21:08.731, 3, GPU-a481f1cc-7ac4-a6c3-b8a4-eed1d39e45aa, NVIDIA H100 80GB HBM3, 0 %, 1 MiB, 74.94 W, 26, 345 MHz
2026/09/15 02:21:08.737, 4, GPU-a60182ac-1fbd-0654-4298-7dfab8d789ca, NVIDIA H100 80GB HBM3, 0 %, 1 MiB, 72.46 W, 26, 345 MHz
2026/09/15 02:21:08.793, 5, GPU-11bb96fb-3b4c-98eb-f310-70437157969c, NVIDIA H100 80GB HBM3, 0 %, 1 MiB, 69.34 W, 26, 345 MHz
2026/09/15 02:21:08.835, 6, GPU-7d80084d-f83b-1a50-3007-35e8f2af67c2, NVIDIA H100 80GB HBM3, 0 %, 1 MiB, 70.93 W, 28, 345 MHz
2026/09/15 02:21:08.839, 7, GPU-69cdf81a-1c5b-4e7c-54e2-2dd45eb25e36, NVIDIA H100 80GB HBM3, 0 %, 1 MiB, 70.39 W, 26, 345 MHz
2026/09/15 02:21:09.841, 0, GPU-3d9bae9f-f6a5-a533-682a-2990f19ffa90, NVIDIA H100 80GB HBM3, 54 %, 23726 MiB, 183.46 W, 41, 1980 MHz
2026/09/15 02:21:09.843, 1, GPU-d67482aa-44bc-1a33-2545-de34f4bb6c82, NVIDIA H100 80GB HBM3, 0 %, 1 MiB, 70.86 W, 34, 345 MHz
2026/09/15 02:21:09.854, 2, GPU-6c47d827-68bc-9d8f-448e-55624a5f2f65, NVIDIA H100 80GB HBM3, 0 %, 1 MiB, 71.51 W, 26, 345 MHz
2026/09/15 02:21:09.858, 3, GPU-a481f1cc-7ac4-a6c3-b8a4-eed1d39e45aa, NVIDIA H100 80GB HBM3, 0 %, 1 MiB, 75.02 W, 26, 345 MHz
2026/09/15 02:21:09.868, 4, GPU-a60182ac-1fbd-0654-4298-7dfab8d789ca, NVIDIA H100 80GB HBM3, 0 %, 1 MiB, 72.33 W, 26, 345 MHz
2026/09/15 02:21:09.870, 5, GPU-11bb96fb-3b4c-98eb-f310-70437157969c, NVIDIA H100 80GB HBM3, 0 %, 1 MiB, 69.36 W, 26, 345 MHz
2026/09/15 02:21:09.876, 6, GPU-7d80084d-f83b-1a50-3007-35e8f2af67c2, NVIDIA H100 80GB HBM3, 0 %, 1 MiB, 70.92 W, 28, 345 MHz
2026/09/15 02:21:09.879, 7, GPU-69cdf81a-1c5b-4e7c-54e2-2dd45eb25e36, NVIDIA H100 80GB HBM3, 0 %, 1 MiB, 70.36 W, 26, 345 MHz
2026/09/15 02:21:10.882, 0, GPU-3d9bae9f-f6a5-a533-682a-2990f19ffa90, NVIDIA H100 80GB HBM3, 54 %, 23726 MiB, 180.99 W, 41, 1980 MHz
2026/09/15 02:21:10.885, 1, GPU-d67482aa-44bc-1a33-2545-de34f4bb6c82, NVIDIA H100 80GB HBM3, 0 %, 1 MiB, 70.84 W, 34, 345 MHz
2026/09/15 02:21:10.889, 2, GPU-6c47d827-68bc-9d8f-448e-55624a5f2f65, NVIDIA H100 80GB HBM3, 0 %, 1 MiB, 71.49 W, 26, 345 MHz
2026/09/15 02:21:10.894, 3, GPU-a481f1cc-7ac4-a6c3-b8a4-eed1d39e45aa, NVIDIA H100 80GB HBM3, 0 %, 1 MiB, 74.98 W, 26, 345 MHz
2026/09/15 02:21:10.898, 4, GPU-a60182ac-1fbd-0654-4298-7dfab8d789ca, NVIDIA H100 80GB HBM3, 0 %, 1 MiB, 72.51 W, 26, 345 MHz
2026/09/15 02:21:10.908, 5, GPU-11bb96fb-3b4c-98eb-f310-70437157969c, NVIDIA H100 80GB HBM3, 0 %, 1 MiB, 69.36 W, 26, 345 MHz
2026/09/15 02:21:10.912, 6, GPU-7d80084d-f83b-1a50-3007-35e8f2af67c2, NVIDIA H100 80GB HBM3, 0 %, 1 MiB, 70.86 W, 28, 345 MHz
2026/09/15 02:21:10.919, 7, GPU-69cdf81a-1c5b-4e7c-54e2-2dd45eb25e36, NVIDIA H100 80GB HBM3, 0 %, 1 MiB, 70.32 W, 26, 345 MHz
2026/09/15 02:21:11.921, 0, GPU-3d9bae9f-f6a5-a533-682a-2990f19ffa90, NVIDIA H100 80GB HBM3, 54 %, 23726 MiB, 186.53 W, 41, 1980 MHz
2026/09/15 02:21:11.924, 1, GPU-d67482aa-44bc-1a33-2545-de34f4bb6c82, NVIDIA H100 80GB HBM3, 0 %, 1 MiB, 70.86 W, 34, 345 MHz
2026/09/15 02:21:11.927, 2, GPU-6c47d827-68bc-9d8f-448e-55624a5f2f65, NVIDIA H100 80GB HBM3, 0 %, 1 MiB, 71.50 W, 26, 345 MHz
2026/09/15 02:21:11.929, 3, GPU-a481f1cc-7ac4-a6c3-b8a4-eed1d39e45aa, NVIDIA H100 80GB HBM3, 0 %, 1 MiB, 74.98 W, 26, 345 MHz
2026/09/15 02:21:11.936, 4, GPU-a60182ac-1fbd-0654-4298-7dfab8d789ca, NVIDIA H100 80GB HBM3, 0 %, 1 MiB, 72.32 W, 26, 345 MHz
2026/09/15 02:21:11.940, 5, GPU-11bb96fb-3b4c-98eb-f310-70437157969c, NVIDIA H100 80GB HBM3, 0 %, 1 MiB, 69.37 W, 26, 345 MHz
2026/09/15 02:21:11.944, 6, GPU-7d80084d-f83b-1a50-3007-35e8f2af67c2, NVIDIA H100 80GB HBM3, 0 %, 1 MiB, 70.93 W, 28, 345 MHz
2026/09/15 02:21:11.946, 7, GPU-69cdf81a-1c5b-4e7c-54e2-2dd45eb25e36, NVIDIA H100 80GB HBM3, 0 %, 1 MiB, 70.35 W, 26, 345 MHz
2026/09/15 02:21:12.949, 0, GPU-3d9bae9f-f6a5-a533-682a-2990f19ffa90, NVIDIA H100 80GB HBM3, 54 %, 23726 MiB, 178.65 W, 41, 1980 MHz
2026/09/15 02:21:12.962, 1, GPU-d67482aa-44bc-1a33-2545-de34f4bb6c82, NVIDIA H100 80GB HBM3, 0 %, 1 MiB, 70.86 W, 34, 345 MHz
2026/09/15 02:21:13.020, 2, GPU-6c47d827-68bc-9d8f-448e-55624a5f2f65, NVIDIA H100 80GB HBM3, 0 %, 1 MiB, 71.55 W, 26, 345 MHz
2026/09/15 02:21:13.048, 3, GPU-a481f1cc-7ac4-a6c3-b8a4-eed1d39e45aa, NVIDIA H100 80GB HBM3, 0 %, 1 MiB, 75.02 W, 26, 345 MHz
2026/09/15 02:21:13.087, 4, GPU-a60182ac-1fbd-0654-4298-7dfab8d789ca, NVIDIA H100 80GB HBM3, 0 %, 1 MiB, 72.38 W, 26, 345 MHz
2026/09/15 02:21:13.116, 5, GPU-11bb96fb-3b4c-98eb-f310-70437157969c, NVIDIA H100 80GB HBM3, 0 %, 1 MiB, 69.35 W, 26, 345 MHz
2026/09/15 02:21:13.119, 6, GPU-7d80084d-f83b-1a50-3007-35e8f2af67c2, NVIDIA H100 80GB HBM3, 0 %, 1 MiB, 70.90 W, 28, 345 MHz
2026/09/15 02:21:13.123, 7, GPU-69cdf81a-1c5b-4e7c-54e2-2dd45eb25e36, NVIDIA H100 80GB HBM3, 0 %, 1 MiB, 70.37 W, 26, 345 MHz
2026/09/15 02:21:14.125, 0, GPU-3d9bae9f-f6a5-a533-682a-2990f19ffa90, NVIDIA H100 80GB HBM3, 55 %, 23726 MiB, 181.84 W, 42, 1980 MHz
2026/09/15 02:21:14.130, 1, GPU-d67482aa-44bc-1a33-2545-de34f4bb6c82, NVIDIA H100 80GB HBM3, 0 %, 1 MiB, 70.84 W, 34, 345 MHz
2026/09/15 02:21:14.134, 2, GPU-6c47d827-68bc-9d8f-448e-55624a5f2f65, NVIDIA H100 80GB HBM3, 0 %, 1 MiB, 71.52 W, 26, 345 MHz
2026/09/15 02:21:14.139, 3, GPU-a481f1cc-7ac4-a6c3-b8a4-eed1d39e45aa, NVIDIA H100 80GB HBM3, 0 %, 1 MiB, 74.95 W, 26, 345 MHz
2026/09/15 02:21:14.144, 4, GPU-a60182ac-1fbd-0654-4298-7dfab8d789ca, NVIDIA H100 80GB HBM3, 0 %, 1 MiB, 72.40 W, 26, 345 MHz
2026/09/15 02:21:14.147, 5, GPU-11bb96fb-3b4c-98eb-f310-70437157969c, NVIDIA H100 80GB HBM3, 0 %, 1 MiB, 69.36 W, 26, 345 MHz
2026/09/15 02:21:14.152, 6, GPU-7d80084d-f83b-1a50-3007-35e8f2af67c2, NVIDIA H100 80GB HBM3, 0 %, 1 MiB, 70.93 W, 28, 345 MHz
2026/09/15 02:21:14.163, 7, GPU-69cdf81a-1c5b-4e7c-54e2-2dd45eb25e36, NVIDIA H100 80GB HBM3, 0 %, 1 MiB, 70.35 W, 26, 345 MHz
2026/09/15 02:21:15.165, 0, GPU-3d9bae9f-f6a5-a533-682a-2990f19ffa90, NVIDIA H100 80GB HBM3, 55 %, 23726 MiB, 183.51 W, 42, 1980 MHz
2026/09/15 02:21:15.169, 1, GPU-d67482aa-44bc-1a33-2545-de34f4bb6c82, NVIDIA H100 80GB HBM3, 0 %, 1 MiB, 70.83 W, 34, 345 MHz
2026/09/15 02:21:15.171, 2, GPU-6c47d827-68bc-9d8f-448e-55624a5f2f65, NVIDIA H100 80GB HBM3, 0 %, 1 MiB, 71.49 W, 26, 345 MHz
2026/09/15 02:21:15.175, 3, GPU-a481f1cc-7ac4-a6c3-b8a4-eed1d39e45aa, NVIDIA H100 80GB HBM3, 0 %, 1 MiB, 74.92 W, 26, 345 MHz
2026/09/15 02:21:15.177, 4, GPU-a60182ac-1fbd-0654-4298-7dfab8d789ca, NVIDIA H100 80GB HBM3, 0 %, 1 MiB, 72.30 W, 26, 345 MHz
2026/09/15 02:21:15.180, 5, GPU-11bb96fb-3b4c-98eb-f310-70437157969c, NVIDIA H100 80GB HBM3, 0 %, 1 MiB, 69.35 W, 26, 345 MHz
2026/09/15 02:21:15.183, 6, GPU-7d80084d-f83b-1a50-3007-35e8f2af67c2, NVIDIA H100 80GB HBM3, 0 %, 1 MiB, 70.94 W, 28, 345 MHz
2026/09/15 02:21:15.185, 7, GPU-69cdf81a-1c5b-4e7c-54e2-2dd45eb25e36, NVIDIA H100 80GB HBM3, 0 %, 1 MiB, 70.35 W, 26, 345 MHz
2026/09/15 02:21:16.189, 0, GPU-3d9bae9f-f6a5-a533-682a-2990f19ffa90, NVIDIA H100 80GB HBM3, 54 %, 23726 MiB, 185.22 W, 42, 1980 MHz
2026/09/15 02:21:16.192, 1, GPU-d67482aa-44bc-1a33-2545-de34f4bb6c82, NVIDIA H100 80GB HBM3, 0 %, 1 MiB, 70.88 W, 34, 345 MHz
2026/09/15 02:21:16.194, 2, GPU-6c47d827-68bc-9d8f-448e-55624a5f2f65, NVIDIA H100 80GB HBM3, 0 %, 1 MiB, 71.50 W, 26, 345 MHz
2026/09/15 02:21:16.205, 3, GPU-a481f1cc-7ac4-a6c3-b8a4-eed1d39e45aa, NVIDIA H100 80GB HBM3, 0 %, 1 MiB, 74.99 W, 26, 345 MHz
2026/09/15 02:21:16.208, 4, GPU-a60182ac-1fbd-0654-4298-7dfab8d789ca, NVIDIA H100 80GB HBM3, 0 %, 1 MiB, 72.60 W, 26, 345 MHz
2026/09/15 02:21:16.215, 5, GPU-11bb96fb-3b4c-98eb-f310-70437157969c, NVIDIA H100 80GB HBM3, 0 %, 1 MiB, 69.33 W, 26, 345 MHz
2026/09/15 02:21:16.219, 6, GPU-7d80084d-f83b-1a50-3007-35e8f2af67c2, NVIDIA H100 80GB HBM3, 0 %, 1 MiB, 70.91 W, 28, 345 MHz
2026/09/15 02:21:16.223, 7, GPU-69cdf81a-1c5b-4e7c-54e2-2dd45eb25e36, NVIDIA H100 80GB HBM3, 0 %, 1 MiB, 70.33 W, 26, 345 MHz
2026/09/15 02:21:17.229, 0, GPU-3d9bae9f-f6a5-a533-682a-2990f19ffa90, NVIDIA H100 80GB HBM3, 55 %, 23726 MiB, 184.44 W, 42, 1980 MHz
2026/09/15 02:21:17.268, 1, GPU-d67482aa-44bc-1a33-2545-de34f4bb6c82, NVIDIA H100 80GB HBM3, 0 %, 1 MiB, 70.90 W, 34, 345 MHz
2026/09/15 02:21:17.307, 2, GPU-6c47d827-68bc-9d8f-448e-55624a5f2f65, NVIDIA H100 80GB HBM3, 0 %, 1 MiB, 71.54 W, 26, 345 MHz
2026/09/15 02:21:17.333, 3, GPU-a481f1cc-7ac4-a6c3-b8a4-eed1d39e45aa, NVIDIA H100 80GB HBM3, 0 %, 1 MiB, 74.99 W, 26, 345 MHz
2026/09/15 02:21:17.365, 4, GPU-a60182ac-1fbd-0654-4298-7dfab8d789ca, NVIDIA H100 80GB HBM3, 0 %, 1 MiB, 72.48 W, 26, 345 MHz
2026/09/15 02:21:17.397, 5, GPU-11bb96fb-3b4c-98eb-f310-70437157969c, NVIDIA H100 80GB HBM3, 0 %, 1 MiB, 69.38 W, 26, 345 MHz
2026/09/15 02:21:17.418, 6, GPU-7d80084d-f83b-1a50-3007-35e8f2af67c2, NVIDIA H100 80GB HBM3, 0 %, 1 MiB, 70.95 W, 28, 345 MHz
2026/09/15 02:21:17.421, 7, GPU-69cdf81a-1c5b-4e7c-54e2-2dd45eb25e36, NVIDIA H100 80GB HBM3, 0 %, 1 MiB, 70.28 W, 26, 345 MHz
2026/09/15 02:21:18.424, 0, GPU-3d9bae9f-f6a5-a533-682a-2990f19ffa90, NVIDIA H100 80GB HBM3, 53 %, 23726 MiB, 183.23 W, 44, 1980 MHz
2026/09/15 02:21:18.435, 1, GPU-d67482aa-44bc-1a33-2545-de34f4bb6c82, NVIDIA H100 80GB HBM3, 0 %, 1 MiB, 70.90 W, 34, 345 MHz
2026/09/15 02:21:18.439, 2, GPU-6c47d827-68bc-9d8f-448e-55624a5f2f65, NVIDIA H100 80GB HBM3, 0 %, 1 MiB, 71.54 W, 26, 345 MHz
2026/09/15 02:21:18.443, 3, GPU-a481f1cc-7ac4-a6c3-b8a4-eed1d39e45aa, NVIDIA H100 80GB HBM3, 0 %, 1 MiB, 75.01 W, 26, 345 MHz
2026/09/15 02:21:18.447, 4, GPU-a60182ac-1fbd-0654-4298-7dfab8d789ca, NVIDIA H100 80GB HBM3, 0 %, 1 MiB, 72.42 W, 26, 345 MHz
2026/09/15 02:21:18.449, 5, GPU-11bb96fb-3b4c-98eb-f310-70437157969c, NVIDIA H100 80GB HBM3, 0 %, 1 MiB, 69.33 W, 26, 345 MHz
2026/09/15 02:21:18.452, 6, GPU-7d80084d-f83b-1a50-3007-35e8f2af67c2, NVIDIA H100 80GB HBM3, 0 %, 1 MiB, 70.89 W, 28, 345 MHz
2026/09/15 02:21:18.460, 7, GPU-69cdf81a-1c5b-4e7c-54e2-2dd45eb25e36, NVIDIA H100 80GB HBM3, 0 %, 1 MiB, 70.31 W, 26, 345 MHz
2026/09/15 02:21:19.464, 0, GPU-3d9bae9f-f6a5-a533-682a-2990f19ffa90, NVIDIA H100 80GB HBM3, 55 %, 23726 MiB, 181.84 W, 44, 1980 MHz
2026/09/15 02:21:19.470, 1, GPU-d67482aa-44bc-1a33-2545-de34f4bb6c82, NVIDIA H100 80GB HBM3, 0 %, 1 MiB, 70.84 W, 34, 345 MHz
2026/09/15 02:21:19.474, 2, GPU-6c47d827-68bc-9d8f-448e-55624a5f2f65, NVIDIA H100 80GB HBM3, 0 %, 1 MiB, 71.55 W, 26, 345 MHz
2026/09/15 02:21:19.479, 3, GPU-a481f1cc-7ac4-a6c3-b8a4-eed1d39e45aa, NVIDIA H100 80GB HBM3, 0 %, 1 MiB, 74.94 W, 26, 345 MHz
2026/09/15 02:21:19.482, 4, GPU-a60182ac-1fbd-0654-4298-7dfab8d789ca, NVIDIA H100 80GB HBM3, 0 %, 1 MiB, 72.49 W, 26, 345 MHz
2026/09/15 02:21:19.484, 5, GPU-11bb96fb-3b4c-98eb-f310-70437157969c, NVIDIA H100 80GB HBM3, 0 %, 1 MiB, 69.32 W, 26, 345 MHz
2026/09/15 02:21:19.487, 6, GPU-7d80084d-f83b-1a50-3007-35e8f2af67c2, NVIDIA H100 80GB HBM3, 0 %, 1 MiB, 70.89 W, 28, 345 MHz
2026/09/15 02:21:19.490, 7, GPU-69cdf81a-1c5b-4e7c-54e2-2dd45eb25e36, NVIDIA H100 80GB HBM3, 0 %, 1 MiB, 70.33 W, 26, 345 MHz
2026/09/15 02:21:20.493, 0, GPU-3d9bae9f-f6a5-a533-682a-2990f19ffa90, NVIDIA H100 80GB HBM3, 54 %, 23726 MiB, 183.26 W, 44, 1980 MHz
2026/09/15 02:21:20.496, 1, GPU-d67482aa-44bc-1a33-2545-de34f4bb6c82, NVIDIA H100 80GB HBM3, 0 %, 1 MiB, 70.85 W, 34, 345 MHz
2026/09/15 02:21:20.498, 2, GPU-6c47d827-68bc-9d8f-448e-55624a5f2f65, NVIDIA H100 80GB HBM3, 0 %, 1 MiB, 71.57 W, 26, 345 MHz
2026/09/15 02:21:20.507, 3, GPU-a481f1cc-7ac4-a6c3-b8a4-eed1d39e45aa, NVIDIA H100 80GB HBM3, 0 %, 1 MiB, 74.98 W, 26, 345 MHz
2026/09/15 02:21:20.509, 4, GPU-a60182ac-1fbd-0654-4298-7dfab8d789ca, NVIDIA H100 80GB HBM3, 0 %, 1 MiB, 72.32 W, 26, 345 MHz
2026/09/15 02:21:20.511, 5, GPU-11bb96fb-3b4c-98eb-f310-70437157969c, NVIDIA H100 80GB HBM3, 0 %, 1 MiB, 69.39 W, 26, 345 MHz
2026/09/15 02:21:20.514, 6, GPU-7d80084d-f83b-1a50-3007-35e8f2af67c2, NVIDIA H100 80GB HBM3, 0 %, 1 MiB, 70.92 W, 28, 345 MHz
2026/09/15 02:21:20.517, 7, GPU-69cdf81a-1c5b-4e7c-54e2-2dd45eb25e36, NVIDIA H100 80GB HBM3, 0 %, 1 MiB, 70.31 W, 26, 345 MHz
2026/09/15 02:21:21.519, 0, GPU-3d9bae9f-f6a5-a533-682a-2990f19ffa90, NVIDIA H100 80GB HBM3, 50 %, 23726 MiB, 172.96 W, 41, 1980 MHz
2026/09/15 02:21:21.533, 1, GPU-d67482aa-44bc-1a33-2545-de34f4bb6c82, NVIDIA H100 80GB HBM3, 0 %, 1 MiB, 70.86 W, 34, 345 MHz
2026/09/15 02:21:21.562, 2, GPU-6c47d827-68bc-9d8f-448e-55624a5f2f65, NVIDIA H100 80GB HBM3, 0 %, 1 MiB, 71.45 W, 26, 345 MHz
2026/09/15 02:21:21.592, 3, GPU-a481f1cc-7ac4-a6c3-b8a4-eed1d39e45aa, NVIDIA H100 80GB HBM3, 0 %, 1 MiB, 75.01 W, 26, 345 MHz
2026/09/15 02:21:21.637, 4, GPU-a60182ac-1fbd-0654-4298-7dfab8d789ca, NVIDIA H100 80GB HBM3, 0 %, 1 MiB, 72.39 W, 26, 345 MHz
2026/09/15 02:21:21.671, 5, GPU-11bb96fb-3b4c-98eb-f310-70437157969c, NVIDIA H100 80GB HBM3, 0 %, 1 MiB, 69.35 W, 26, 345 MHz
2026/09/15 02:21:21.698, 6, GPU-7d80084d-f83b-1a50-3007-35e8f2af67c2, NVIDIA H100 80GB HBM3, 0 %, 1 MiB, 70.91 W, 28, 345 MHz
2026/09/15 02:21:21.701, 7, GPU-69cdf81a-1c5b-4e7c-54e2-2dd45eb25e36, NVIDIA H100 80GB HBM3, 0 %, 1 MiB, 70.36 W, 26, 345 MHz
2026/09/15 02:21:22.704, 0, GPU-3d9bae9f-f6a5-a533-682a-2990f19ffa90, NVIDIA H100 80GB HBM3, 54 %, 23726 MiB, 178.97 W, 42, 1980 MHz
2026/09/15 02:21:22.708, 1, GPU-d67482aa-44bc-1a33-2545-de34f4bb6c82, NVIDIA H100 80GB HBM3, 0 %, 1 MiB, 70.85 W, 34, 345 MHz
2026/09/15 02:21:22.712, 2, GPU-6c47d827-68bc-9d8f-448e-55624a5f2f65, NVIDIA H100 80GB HBM3, 0 %, 1 MiB, 71.54 W, 26, 345 MHz
2026/09/15 02:21:22.717, 3, GPU-a481f1cc-7ac4-a6c3-b8a4-eed1d39e45aa, NVIDIA H100 80GB HBM3, 0 %, 1 MiB, 74.97 W, 26, 345 MHz
2026/09/15 02:21:22.720, 4, GPU-a60182ac-1fbd-0654-4298-7dfab8d789ca, NVIDIA H100 80GB HBM3, 0 %, 1 MiB, 72.33 W, 26, 345 MHz
2026/09/15 02:21:22.726, 5, GPU-11bb96fb-3b4c-98eb-f310-70437157969c, NVIDIA H100 80GB HBM3, 0 %, 1 MiB, 69.38 W, 26, 345 MHz
2026/09/15 02:21:22.728, 6, GPU-7d80084d-f83b-1a50-3007-35e8f2af67c2, NVIDIA H100 80GB HBM3, 0 %, 1 MiB, 70.94 W, 28, 345 MHz
2026/09/15 02:21:22.731, 7, GPU-69cdf81a-1c5b-4e7c-54e2-2dd45eb25e36, NVIDIA H100 80GB HBM3, 0 %, 1 MiB, 70.33 W, 26, 345 MHz
2026/09/15 02:21:23.733, 0, GPU-3d9bae9f-f6a5-a533-682a-2990f19ffa90, NVIDIA H100 80GB HBM3, 54 %, 23726 MiB, 187.80 W, 43, 1980 MHz
2026/09/15 02:21:23.737, 1, GPU-d67482aa-44bc-1a33-2545-de34f4bb6c82, NVIDIA H100 80GB HBM3, 0 %, 1 MiB, 70.86 W, 34, 345 MHz
2026/09/15 02:21:23.741, 2, GPU-6c47d827-68bc-9d8f-448e-55624a5f2f65, NVIDIA H100 80GB HBM3, 0 %, 1 MiB, 71.54 W, 26, 345 MHz
2026/09/15 02:21:23.746, 3, GPU-a481f1cc-7ac4-a6c3-b8a4-eed1d39e45aa, NVIDIA H100 80GB HBM3, 0 %, 1 MiB, 75.00 W, 26, 345 MHz
2026/09/15 02:21:23.750, 4, GPU-a60182ac-1fbd-0654-4298-7dfab8d789ca, NVIDIA H100 80GB HBM3, 0 %, 1 MiB, 72.38 W, 26, 345 MHz
2026/09/15 02:21:23.752, 5, GPU-11bb96fb-3b4c-98eb-f310-70437157969c, NVIDIA H100 80GB HBM3, 0 %, 1 MiB, 69.39 W, 26, 345 MHz
2026/09/15 02:21:23.755, 6, GPU-7d80084d-f83b-1a50-3007-35e8f2af67c2, NVIDIA H100 80GB HBM3, 0 %, 1 MiB, 70.93 W, 28, 345 MHz
2026/09/15 02:21:23.767, 7, GPU-69cdf81a-1c5b-4e7c-54e2-2dd45eb25e36, NVIDIA H100 80GB HBM3, 0 %, 1 MiB, 70.33 W, 26, 345 MHz
2026/09/15 02:21:24.770, 0, GPU-3d9bae9f-f6a5-a533-682a-2990f19ffa90, NVIDIA H100 80GB HBM3, 54 %, 23726 MiB, 184.38 W, 43, 1980 MHz
2026/09/15 02:21:24.773, 1, GPU-d67482aa-44bc-1a33-2545-de34f4bb6c82, NVIDIA H100 80GB HBM3, 0 %, 1 MiB, 70.89 W, 34, 345 MHz
2026/09/15 02:21:24.775, 2, GPU-6c47d827-68bc-9d8f-448e-55624a5f2f65, NVIDIA H100 80GB HBM3, 0 %, 1 MiB, 71.48 W, 26, 345 MHz
2026/09/15 02:21:24.777, 3, GPU-a481f1cc-7ac4-a6c3-b8a4-eed1d39e45aa, NVIDIA H100 80GB HBM3, 0 %, 1 MiB, 75.04 W, 26, 345 MHz
2026/09/15 02:21:24.779, 4, GPU-a60182ac-1fbd-0654-4298-7dfab8d789ca, NVIDIA H100 80GB HBM3, 0 %, 1 MiB, 72.44 W, 26, 345 MHz
2026/09/15 02:21:24.781, 5, GPU-11bb96fb-3b4c-98eb-f310-70437157969c, NVIDIA H100 80GB HBM3, 0 %, 1 MiB, 69.33 W, 26, 345 MHz
2026/09/15 02:21:24.784, 6, GPU-7d80084d-f83b-1a50-3007-35e8f2af67c2, NVIDIA H100 80GB HBM3, 0 %, 1 MiB, 70.88 W, 28, 345 MHz
2026/09/15 02:21:24.786, 7, GPU-69cdf81a-1c5b-4e7c-54e2-2dd45eb25e36, NVIDIA H100 80GB HBM3, 0 %, 1 MiB, 70.36 W, 26, 345 MHz
2026/09/15 02:21:25.789, 0, GPU-3d9bae9f-f6a5-a533-682a-2990f19ffa90, NVIDIA H100 80GB HBM3, 54 %, 23726 MiB, 180.36 W, 44, 1980 MHz
2026/09/15 02:21:25.804, 1, GPU-d67482aa-44bc-1a33-2545-de34f4bb6c82, NVIDIA H100 80GB HBM3, 0 %, 1 MiB, 70.92 W, 34, 345 MHz
2026/09/15 02:21:25.830, 2, GPU-6c47d827-68bc-9d8f-448e-55624a5f2f65, NVIDIA H100 80GB HBM3, 0 %, 1 MiB, 71.50 W, 26, 345 MHz
2026/09/15 02:21:25.861, 3, GPU-a481f1cc-7ac4-a6c3-b8a4-eed1d39e45aa, NVIDIA H100 80GB HBM3, 0 %, 1 MiB, 75.01 W, 26, 345 MHz
2026/09/15 02:21:25.865, 4, GPU-a60182ac-1fbd-0654-4298-7dfab8d789ca, NVIDIA H100 80GB HBM3, 0 %, 1 MiB, 72.26 W, 26, 345 MHz
2026/09/15 02:21:25.892, 5, GPU-11bb96fb-3b4c-98eb-f310-70437157969c, NVIDIA H100 80GB HBM3, 0 %, 1 MiB, 69.33 W, 26, 345 MHz
2026/09/15 02:21:25.918, 6, GPU-7d80084d-f83b-1a50-3007-35e8f2af67c2, NVIDIA H100 80GB HBM3, 0 %, 1 MiB, 70.90 W, 28, 345 MHz
2026/09/15 02:21:25.945, 7, GPU-69cdf81a-1c5b-4e7c-54e2-2dd45eb25e36, NVIDIA H100 80GB HBM3, 0 %, 1 MiB, 70.35 W, 26, 345 MHz
2026/09/15 02:21:26.948, 0, GPU-3d9bae9f-f6a5-a533-682a-2990f19ffa90, NVIDIA H100 80GB HBM3, 53 %, 23726 MiB, 184.77 W, 41, 1980 MHz
2026/09/15 02:21:26.953, 1, GPU-d67482aa-44bc-1a33-2545-de34f4bb6c82, NVIDIA H100 80GB HBM3, 0 %, 1 MiB, 70.91 W, 34, 345 MHz
2026/09/15 02:21:26.955, 2, GPU-6c47d827-68bc-9d8f-448e-55624a5f2f65, NVIDIA H100 80GB HBM3, 0 %, 1 MiB, 71.46 W, 26, 345 MHz
2026/09/15 02:21:26.958, 3, GPU-a481f1cc-7ac4-a6c3-b8a4-eed1d39e45aa, NVIDIA H100 80GB HBM3, 0 %, 1 MiB, 74.99 W, 26, 345 MHz
2026/09/15 02:21:26.960, 4, GPU-a60182ac-1fbd-0654-4298-7dfab8d789ca, NVIDIA H100 80GB HBM3, 0 %, 1 MiB, 72.43 W, 26, 345 MHz
2026/09/15 02:21:26.968, 5, GPU-11bb96fb-3b4c-98eb-f310-70437157969c, NVIDIA H100 80GB HBM3, 0 %, 1 MiB, 69.36 W, 26, 345 MHz
2026/09/15 02:21:26.974, 6, GPU-7d80084d-f83b-1a50-3007-35e8f2af67c2, NVIDIA H100 80GB HBM3, 0 %, 1 MiB, 70.90 W, 28, 345 MHz
2026/09/15 02:21:26.976, 7, GPU-69cdf81a-1c5b-4e7c-54e2-2dd45eb25e36, NVIDIA H100 80GB HBM3, 0 %, 1 MiB, 70.39 W, 26, 345 MHz
2026/09/15 02:21:27.979, 0, GPU-3d9bae9f-f6a5-a533-682a-2990f19ffa90, NVIDIA H100 80GB HBM3, 54 %, 23726 MiB, 185.65 W, 41, 1980 MHz
2026/09/15 02:21:27.983, 1, GPU-d67482aa-44bc-1a33-2545-de34f4bb6c82, NVIDIA H100 80GB HBM3, 0 %, 1 MiB, 70.87 W, 34, 345 MHz
2026/09/15 02:21:27.985, 2, GPU-6c47d827-68bc-9d8f-448e-55624a5f2f65, NVIDIA H100 80GB HBM3, 0 %, 1 MiB, 71.53 W, 26, 345 MHz
2026/09/15 02:21:27.988, 3, GPU-a481f1cc-7ac4-a6c3-b8a4-eed1d39e45aa, NVIDIA H100 80GB HBM3, 0 %, 1 MiB, 74.99 W, 26, 345 MHz
2026/09/15 02:21:27.992, 4, GPU-a60182ac-1fbd-0654-4298-7dfab8d789ca, NVIDIA H100 80GB HBM3, 0 %, 1 MiB, 72.34 W, 26, 345 MHz
2026/09/15 02:21:27.997, 5, GPU-11bb96fb-3b4c-98eb-f310-70437157969c, NVIDIA H100 80GB HBM3, 0 %, 1 MiB, 69.36 W, 26, 345 MHz
2026/09/15 02:21:28.013, 6, GPU-7d80084d-f83b-1a50-3007-35e8f2af67c2, NVIDIA H100 80GB HBM3, 0 %, 1 MiB, 70.92 W, 28, 345 MHz
2026/09/15 02:21:28.016, 7, GPU-69cdf81a-1c5b-4e7c-54e2-2dd45eb25e36, NVIDIA H100 80GB HBM3, 0 %, 1 MiB, 70.34 W, 26, 345 MHz
2026/09/15 02:21:29.020, 0, GPU-3d9bae9f-f6a5-a533-682a-2990f19ffa90, NVIDIA H100 80GB HBM3, 54 %, 23726 MiB, 183.27 W, 41, 1980 MHz
2026/09/15 02:21:29.022, 1, GPU-d67482aa-44bc-1a33-2545-de34f4bb6c82, NVIDIA H100 80GB HBM3, 0 %, 1 MiB, 70.83 W, 34, 345 MHz
2026/09/15 02:21:29.024, 2, GPU-6c47d827-68bc-9d8f-448e-55624a5f2f65, NVIDIA H100 80GB HBM3, 0 %, 1 MiB, 71.51 W, 26, 345 MHz
2026/09/15 02:21:29.026, 3, GPU-a481f1cc-7ac4-a6c3-b8a4-eed1d39e45aa, NVIDIA H100 80GB HBM3, 0 %, 1 MiB, 75.01 W, 26, 345 MHz
2026/09/15 02:21:29.037, 4, GPU-a60182ac-1fbd-0654-4298-7dfab8d789ca, NVIDIA H100 80GB HBM3, 0 %, 1 MiB, 72.36 W, 26, 345 MHz
2026/09/15 02:21:29.042, 5, GPU-11bb96fb-3b4c-98eb-f310-70437157969c, NVIDIA H100 80GB HBM3, 0 %, 1 MiB, 69.31 W, 26, 345 MHz
2026/09/15 02:21:29.046, 6, GPU-7d80084d-f83b-1a50-3007-35e8f2af67c2, NVIDIA H100 80GB HBM3, 0 %, 1 MiB, 70.95 W, 28, 345 MHz
2026/09/15 02:21:29.051, 7, GPU-69cdf81a-1c5b-4e7c-54e2-2dd45eb25e36, NVIDIA H100 80GB HBM3, 0 %, 1 MiB, 70.32 W, 26, 345 MHz
2026/09/15 02:21:30.055, 0, GPU-3d9bae9f-f6a5-a533-682a-2990f19ffa90, NVIDIA H100 80GB HBM3, 54 %, 23726 MiB, 185.16 W, 41, 1980 MHz
2026/09/15 02:21:30.077, 1, GPU-d67482aa-44bc-1a33-2545-de34f4bb6c82, NVIDIA H100 80GB HBM3, 0 %, 1 MiB, 70.86 W, 34, 345 MHz
2026/09/15 02:21:30.125, 2, GPU-6c47d827-68bc-9d8f-448e-55624a5f2f65, NVIDIA H100 80GB HBM3, 0 %, 1 MiB, 71.53 W, 26, 345 MHz
2026/09/15 02:21:30.155, 3, GPU-a481f1cc-7ac4-a6c3-b8a4-eed1d39e45aa, NVIDIA H100 80GB HBM3, 0 %, 1 MiB, 75.02 W, 26, 345 MHz
2026/09/15 02:21:30.192, 4, GPU-a60182ac-1fbd-0654-4298-7dfab8d789ca, NVIDIA H100 80GB HBM3, 0 %, 1 MiB, 72.47 W, 26, 345 MHz
2026/09/15 02:21:30.219, 5, GPU-11bb96fb-3b4c-98eb-f310-70437157969c, NVIDIA H100 80GB HBM3, 0 %, 1 MiB, 69.35 W, 26, 345 MHz
2026/09/15 02:21:30.224, 6, GPU-7d80084d-f83b-1a50-3007-35e8f2af67c2, NVIDIA H100 80GB HBM3, 0 %, 1 MiB, 70.95 W, 28, 345 MHz
2026/09/15 02:21:30.226, 7, GPU-69cdf81a-1c5b-4e7c-54e2-2dd45eb25e36, NVIDIA H100 80GB HBM3, 0 %, 1 MiB, 70.31 W, 26, 345 MHz
2026/09/15 02:21:31.229, 0, GPU-3d9bae9f-f6a5-a533-682a-2990f19ffa90, NVIDIA H100 80GB HBM3, 53 %, 23726 MiB, 179.29 W, 43, 1980 MHz
2026/09/15 02:21:31.232, 1, GPU-d67482aa-44bc-1a33-2545-de34f4bb6c82, NVIDIA H100 80GB HBM3, 0 %, 1 MiB, 70.89 W, 35, 345 MHz
2026/09/15 02:21:31.235, 2, GPU-6c47d827-68bc-9d8f-448e-55624a5f2f65, NVIDIA H100 80GB HBM3, 0 %, 1 MiB, 71.55 W, 26, 345 MHz
2026/09/15 02:21:31.239, 3, GPU-a481f1cc-7ac4-a6c3-b8a4-eed1d39e45aa, NVIDIA H100 80GB HBM3, 0 %, 1 MiB, 75.01 W, 26, 345 MHz
2026/09/15 02:21:31.244, 4, GPU-a60182ac-1fbd-0654-4298-7dfab8d789ca, NVIDIA H100 80GB HBM3, 0 %, 1 MiB, 72.25 W, 26, 345 MHz
2026/09/15 02:21:31.245, 5, GPU-11bb96fb-3b4c-98eb-f310-70437157969c, NVIDIA H100 80GB HBM3, 0 %, 1 MiB, 69.37 W, 26, 345 MHz
2026/09/15 02:21:31.249, 6, GPU-7d80084d-f83b-1a50-3007-35e8f2af67c2, NVIDIA H100 80GB HBM3, 0 %, 1 MiB, 70.97 W, 28, 345 MHz
2026/09/15 02:21:31.261, 7, GPU-69cdf81a-1c5b-4e7c-54e2-2dd45eb25e36, NVIDIA H100 80GB HBM3, 0 %, 1 MiB, 70.31 W, 26, 345 MHz
2026/09/15 02:21:32.264, 0, GPU-3d9bae9f-f6a5-a533-682a-2990f19ffa90, NVIDIA H100 80GB HBM3, 55 %, 23726 MiB, 179.18 W, 44, 1980 MHz
2026/09/15 02:21:32.268, 1, GPU-d67482aa-44bc-1a33-2545-de34f4bb6c82, NVIDIA H100 80GB HBM3, 0 %, 1 MiB, 70.86 W, 34, 345 MHz
2026/09/15 02:21:32.271, 2, GPU-6c47d827-68bc-9d8f-448e-55624a5f2f65, NVIDIA H100 80GB HBM3, 0 %, 1 MiB, 71.54 W, 26, 345 MHz
2026/09/15 02:21:32.276, 3, GPU-a481f1cc-7ac4-a6c3-b8a4-eed1d39e45aa, NVIDIA H100 80GB HBM3, 0 %, 1 MiB, 74.96 W, 26, 345 MHz
2026/09/15 02:21:32.279, 4, GPU-a60182ac-1fbd-0654-4298-7dfab8d789ca, NVIDIA H100 80GB HBM3, 0 %, 1 MiB, 72.49 W, 26, 345 MHz
2026/09/15 02:21:32.282, 5, GPU-11bb96fb-3b4c-98eb-f310-70437157969c, NVIDIA H100 80GB HBM3, 0 %, 1 MiB, 69.36 W, 26, 345 MHz
2026/09/15 02:21:32.287, 6, GPU-7d80084d-f83b-1a50-3007-35e8f2af67c2, NVIDIA H100 80GB HBM3, 0 %, 1 MiB, 70.93 W, 28, 345 MHz
2026/09/15 02:21:32.291, 7, GPU-69cdf81a-1c5b-4e7c-54e2-2dd45eb25e36, NVIDIA H100 80GB HBM3, 0 %, 1 MiB, 70.32 W, 26, 345 MHz
2026/09/15 02:21:33.295, 0, GPU-3d9bae9f-f6a5-a533-682a-2990f19ffa90, NVIDIA H100 80GB HBM3, 54 %, 23726 MiB, 180.34 W, 44, 1980 MHz
2026/09/15 02:21:33.298, 1, GPU-d67482aa-44bc-1a33-2545-de34f4bb6c82, NVIDIA H100 80GB HBM3, 0 %, 1 MiB, 70.85 W, 34, 345 MHz
2026/09/15 02:21:33.300, 2, GPU-6c47d827-68bc-9d8f-448e-55624a5f2f65, NVIDIA H100 80GB HBM3, 0 %, 1 MiB, 71.55 W, 26, 345 MHz
2026/09/15 02:21:33.307, 3, GPU-a481f1cc-7ac4-a6c3-b8a4-eed1d39e45aa, NVIDIA H100 80GB HBM3, 0 %, 1 MiB, 74.97 W, 26, 345 MHz
2026/09/15 02:21:33.310, 4, GPU-a60182ac-1fbd-0654-4298-7dfab8d789ca, NVIDIA H100 80GB HBM3, 0 %, 1 MiB, 72.30 W, 26, 345 MHz
2026/09/15 02:21:33.314, 5, GPU-11bb96fb-3b4c-98eb-f310-70437157969c, NVIDIA H100 80GB HBM3, 0 %, 1 MiB, 69.36 W, 26, 345 MHz
2026/09/15 02:21:33.319, 6, GPU-7d80084d-f83b-1a50-3007-35e8f2af67c2, NVIDIA H100 80GB HBM3, 0 %, 1 MiB, 70.86 W, 28, 345 MHz
2026/09/15 02:21:33.321, 7, GPU-69cdf81a-1c5b-4e7c-54e2-2dd45eb25e36, NVIDIA H100 80GB HBM3, 0 %, 1 MiB, 70.36 W, 26, 345 MHz
2026/09/15 02:21:34.323, 0, GPU-3d9bae9f-f6a5-a533-682a-2990f19ffa90, NVIDIA H100 80GB HBM3, 54 %, 23726 MiB, 183.93 W, 42, 1980 MHz
2026/09/15 02:21:34.371, 1, GPU-d67482aa-44bc-1a33-2545-de34f4bb6c82, NVIDIA H100 80GB HBM3, 0 %, 1 MiB, 70.84 W, 35, 345 MHz
2026/09/15 02:21:34.375, 2, GPU-6c47d827-68bc-9d8f-448e-55624a5f2f65, NVIDIA H100 80GB HBM3, 0 %, 1 MiB, 71.52 W, 26, 345 MHz
2026/09/15 02:21:34.407, 3, GPU-a481f1cc-7ac4-a6c3-b8a4-eed1d39e45aa, NVIDIA H100 80GB HBM3, 0 %, 1 MiB, 74.96 W, 26, 345 MHz
2026/09/15 02:21:34.434, 4, GPU-a60182ac-1fbd-0654-4298-7dfab8d789ca, NVIDIA H100 80GB HBM3, 0 %, 1 MiB, 72.26 W, 26, 345 MHz
2026/09/15 02:21:34.469, 5, GPU-11bb96fb-3b4c-98eb-f310-70437157969c, NVIDIA H100 80GB HBM3, 0 %, 1 MiB, 69.36 W, 26, 345 MHz
2026/09/15 02:21:34.497, 6, GPU-7d80084d-f83b-1a50-3007-35e8f2af67c2, NVIDIA H100 80GB HBM3, 0 %, 1 MiB, 70.94 W, 28, 345 MHz
2026/09/15 02:21:34.503, 7, GPU-69cdf81a-1c5b-4e7c-54e2-2dd45eb25e36, NVIDIA H100 80GB HBM3, 0 %, 1 MiB, 70.30 W, 26, 345 MHz
2026/09/15 02:21:35.505, 0, GPU-3d9bae9f-f6a5-a533-682a-2990f19ffa90, NVIDIA H100 80GB HBM3, 54 %, 23726 MiB, 184.73 W, 41, 1980 MHz
2026/09/15 02:21:35.514, 1, GPU-d67482aa-44bc-1a33-2545-de34f4bb6c82, NVIDIA H100 80GB HBM3, 0 %, 1 MiB, 70.90 W, 35, 345 MHz
2026/09/15 02:21:35.518, 2, GPU-6c47d827-68bc-9d8f-448e-55624a5f2f65, NVIDIA H100 80GB HBM3, 0 %, 1 MiB, 71.50 W, 26, 345 MHz
2026/09/15 02:21:35.522, 3, GPU-a481f1cc-7ac4-a6c3-b8a4-eed1d39e45aa, NVIDIA H100 80GB HBM3, 0 %, 1 MiB, 75.00 W, 26, 345 MHz
2026/09/15 02:21:35.527, 4, GPU-a60182ac-1fbd-0654-4298-7dfab8d789ca, NVIDIA H100 80GB HBM3, 0 %, 1 MiB, 72.47 W, 26, 345 MHz
2026/09/15 02:21:35.529, 5, GPU-11bb96fb-3b4c-98eb-f310-70437157969c, NVIDIA H100 80GB HBM3, 0 %, 1 MiB, 69.36 W, 26, 345 MHz
2026/09/15 02:21:35.532, 6, GPU-7d80084d-f83b-1a50-3007-35e8f2af67c2, NVIDIA H100 80GB HBM3, 0 %, 1 MiB, 70.89 W, 28, 345 MHz
2026/09/15 02:21:35.534, 7, GPU-69cdf81a-1c5b-4e7c-54e2-2dd45eb25e36, NVIDIA H100 80GB HBM3, 0 %, 1 MiB, 70.31 W, 26, 345 MHz
2026/09/15 02:21:36.535, 0, GPU-3d9bae9f-f6a5-a533-682a-2990f19ffa90, NVIDIA H100 80GB HBM3, 53 %, 23726 MiB, 183.40 W, 41, 1980 MHz
2026/09/15 02:21:36.537, 1, GPU-d67482aa-44bc-1a33-2545-de34f4bb6c82, NVIDIA H100 80GB HBM3, 0 %, 1 MiB, 70.85 W, 35, 345 MHz
2026/09/15 02:21:36.541, 2, GPU-6c47d827-68bc-9d8f-448e-55624a5f2f65, NVIDIA H100 80GB HBM3, 0 %, 1 MiB, 71.53 W, 26, 345 MHz
2026/09/15 02:21:36.544, 3, GPU-a481f1cc-7ac4-a6c3-b8a4-eed1d39e45aa, NVIDIA H100 80GB HBM3, 0 %, 1 MiB, 74.98 W, 26, 345 MHz
2026/09/15 02:21:36.547, 4, GPU-a60182ac-1fbd-0654-4298-7dfab8d789ca, NVIDIA H100 80GB HBM3, 0 %, 1 MiB, 72.31 W, 26, 345 MHz
2026/09/15 02:21:36.555, 5, GPU-11bb96fb-3b4c-98eb-f310-70437157969c, NVIDIA H100 80GB HBM3, 0 %, 1 MiB, 69.35 W, 26, 345 MHz
2026/09/15 02:21:36.566, 6, GPU-7d80084d-f83b-1a50-3007-35e8f2af67c2, NVIDIA H100 80GB HBM3, 0 %, 1 MiB, 70.92 W, 28, 345 MHz
2026/09/15 02:21:36.568, 7, GPU-69cdf81a-1c5b-4e7c-54e2-2dd45eb25e36, NVIDIA H100 80GB HBM3, 0 %, 1 MiB, 70.37 W, 26, 345 MHz
2026/09/15 02:21:37.572, 0, GPU-3d9bae9f-f6a5-a533-682a-2990f19ffa90, NVIDIA H100 80GB HBM3, 54 %, 23726 MiB, 188.00 W, 41, 1980 MHz
2026/09/15 02:21:37.576, 1, GPU-d67482aa-44bc-1a33-2545-de34f4bb6c82, NVIDIA H100 80GB HBM3, 0 %, 1 MiB, 70.88 W, 34, 345 MHz
2026/09/15 02:21:37.579, 2, GPU-6c47d827-68bc-9d8f-448e-55624a5f2f65, NVIDIA H100 80GB HBM3, 0 %, 1 MiB, 71.50 W, 26, 345 MHz
2026/09/15 02:21:37.583, 3, GPU-a481f1cc-7ac4-a6c3-b8a4-eed1d39e45aa, NVIDIA H100 80GB HBM3, 0 %, 1 MiB, 75.00 W, 26, 345 MHz
2026/09/15 02:21:37.587, 4, GPU-a60182ac-1fbd-0654-4298-7dfab8d789ca, NVIDIA H100 80GB HBM3, 0 %, 1 MiB, 72.37 W, 26, 345 MHz
2026/09/15 02:21:37.591, 5, GPU-11bb96fb-3b4c-98eb-f310-70437157969c, NVIDIA H100 80GB HBM3, 0 %, 1 MiB, 69.33 W, 26, 345 MHz
2026/09/15 02:21:37.593, 6, GPU-7d80084d-f83b-1a50-3007-35e8f2af67c2, NVIDIA H100 80GB HBM3, 0 %, 1 MiB, 70.93 W, 28, 345 MHz
2026/09/15 02:21:37.594, 7, GPU-69cdf81a-1c5b-4e7c-54e2-2dd45eb25e36, NVIDIA H100 80GB HBM3, 0 %, 1 MiB, 70.34 W, 26, 345 MHz
2026/09/15 02:21:38.597, 0, GPU-3d9bae9f-f6a5-a533-682a-2990f19ffa90, NVIDIA H100 80GB HBM3, 54 %, 23726 MiB, 187.90 W, 41, 1980 MHz
2026/09/15 02:21:38.603, 1, GPU-d67482aa-44bc-1a33-2545-de34f4bb6c82, NVIDIA H100 80GB HBM3, 0 %, 1 MiB, 70.82 W, 35, 345 MHz
2026/09/15 02:21:38.656, 2, GPU-6c47d827-68bc-9d8f-448e-55624a5f2f65, NVIDIA H100 80GB HBM3, 0 %, 1 MiB, 71.50 W, 26, 345 MHz
2026/09/15 02:21:38.695, 3, GPU-a481f1cc-7ac4-a6c3-b8a4-eed1d39e45aa, NVIDIA H100 80GB HBM3, 0 %, 1 MiB, 74.99 W, 26, 345 MHz
2026/09/15 02:21:38.734, 4, GPU-a60182ac-1fbd-0654-4298-7dfab8d789ca, NVIDIA H100 80GB HBM3, 0 %, 1 MiB, 72.33 W, 26, 345 MHz
2026/09/15 02:21:38.737, 5, GPU-11bb96fb-3b4c-98eb-f310-70437157969c, NVIDIA H100 80GB HBM3, 0 %, 1 MiB, 69.40 W, 26, 345 MHz
2026/09/15 02:21:38.768, 6, GPU-7d80084d-f83b-1a50-3007-35e8f2af67c2, NVIDIA H100 80GB HBM3, 0 %, 1 MiB, 70.96 W, 28, 345 MHz
2026/09/15 02:21:38.794, 7, GPU-69cdf81a-1c5b-4e7c-54e2-2dd45eb25e36, NVIDIA H100 80GB HBM3, 0 %, 1 MiB, 70.32 W, 26, 345 MHz
2026/09/15 02:21:39.796, 0, GPU-3d9bae9f-f6a5-a533-682a-2990f19ffa90, NVIDIA H100 80GB HBM3, 54 %, 23726 MiB, 183.41 W, 42, 1980 MHz
2026/09/15 02:21:39.798, 1, GPU-d67482aa-44bc-1a33-2545-de34f4bb6c82, NVIDIA H100 80GB HBM3, 0 %, 1 MiB, 70.89 W, 35, 345 MHz
2026/09/15 02:21:39.800, 2, GPU-6c47d827-68bc-9d8f-448e-55624a5f2f65, NVIDIA H100 80GB HBM3, 0 %, 1 MiB, 71.52 W, 26, 345 MHz
2026/09/15 02:21:39.808, 3, GPU-a481f1cc-7ac4-a6c3-b8a4-eed1d39e45aa, NVIDIA H100 80GB HBM3, 0 %, 1 MiB, 75.01 W, 26, 345 MHz
2026/09/15 02:21:39.810, 4, GPU-a60182ac-1fbd-0654-4298-7dfab8d789ca, NVIDIA H100 80GB HBM3, 0 %, 1 MiB, 72.16 W, 26, 345 MHz
2026/09/15 02:21:39.813, 5, GPU-11bb96fb-3b4c-98eb-f310-70437157969c, NVIDIA H100 80GB HBM3, 0 %, 1 MiB, 69.36 W, 26, 345 MHz
2026/09/15 02:21:39.816, 6, GPU-7d80084d-f83b-1a50-3007-35e8f2af67c2, NVIDIA H100 80GB HBM3, 0 %, 1 MiB, 70.95 W, 28, 345 MHz
2026/09/15 02:21:39.818, 7, GPU-69cdf81a-1c5b-4e7c-54e2-2dd45eb25e36, NVIDIA H100 80GB HBM3, 0 %, 1 MiB, 70.34 W, 26, 345 MHz
2026/09/15 02:21:40.824, 0, GPU-3d9bae9f-f6a5-a533-682a-2990f19ffa90, NVIDIA H100 80GB HBM3, 54 %, 23726 MiB, 184.06 W, 42, 1980 MHz
2026/09/15 02:21:40.828, 1, GPU-d67482aa-44bc-1a33-2545-de34f4bb6c82, NVIDIA H100 80GB HBM3, 0 %, 1 MiB, 70.88 W, 35, 345 MHz
2026/09/15 02:21:40.837, 2, GPU-6c47d827-68bc-9d8f-448e-55624a5f2f65, NVIDIA H100 80GB HBM3, 0 %, 1 MiB, 71.50 W, 26, 345 MHz
2026/09/15 02:21:40.840, 3, GPU-a481f1cc-7ac4-a6c3-b8a4-eed1d39e45aa, NVIDIA H100 80GB HBM3, 0 %, 1 MiB, 74.96 W, 26, 345 MHz
2026/09/15 02:21:40.842, 4, GPU-a60182ac-1fbd-0654-4298-7dfab8d789ca, NVIDIA H100 80GB HBM3, 0 %, 1 MiB, 72.49 W, 26, 345 MHz
2026/09/15 02:21:40.845, 5, GPU-11bb96fb-3b4c-98eb-f310-70437157969c, NVIDIA H100 80GB HBM3, 0 %, 1 MiB, 69.37 W, 26, 345 MHz
2026/09/15 02:21:40.848, 6, GPU-7d80084d-f83b-1a50-3007-35e8f2af67c2, NVIDIA H100 80GB HBM3, 0 %, 1 MiB, 70.95 W, 28, 345 MHz
2026/09/15 02:21:40.864, 7, GPU-69cdf81a-1c5b-4e7c-54e2-2dd45eb25e36, NVIDIA H100 80GB HBM3, 0 %, 1 MiB, 70.34 W, 26, 345 MHz
2026/09/15 02:21:41.866, 0, GPU-3d9bae9f-f6a5-a533-682a-2990f19ffa90, NVIDIA H100 80GB HBM3, 53 %, 23726 MiB, 182.19 W, 42, 1980 MHz
2026/09/15 02:21:41.869, 1, GPU-d67482aa-44bc-1a33-2545-de34f4bb6c82, NVIDIA H100 80GB HBM3, 0 %, 1 MiB, 70.90 W, 35, 345 MHz
2026/09/15 02:21:41.871, 2, GPU-6c47d827-68bc-9d8f-448e-55624a5f2f65, NVIDIA H100 80GB HBM3, 0 %, 1 MiB, 71.53 W, 26, 345 MHz
2026/09/15 02:21:41.873, 3, GPU-a481f1cc-7ac4-a6c3-b8a4-eed1d39e45aa, NVIDIA H100 80GB HBM3, 0 %, 1 MiB, 75.00 W, 26, 345 MHz
2026/09/15 02:21:41.875, 4, GPU-a60182ac-1fbd-0654-4298-7dfab8d789ca, NVIDIA H100 80GB HBM3, 0 %, 1 MiB, 72.18 W, 26, 345 MHz
2026/09/15 02:21:41.878, 5, GPU-11bb96fb-3b4c-98eb-f310-70437157969c, NVIDIA H100 80GB HBM3, 0 %, 1 MiB, 69.34 W, 26, 345 MHz
2026/09/15 02:21:41.880, 6, GPU-7d80084d-f83b-1a50-3007-35e8f2af67c2, NVIDIA H100 80GB HBM3, 0 %, 1 MiB, 70.88 W, 28, 345 MHz
2026/09/15 02:21:41.883, 7, GPU-69cdf81a-1c5b-4e7c-54e2-2dd45eb25e36, NVIDIA H100 80GB HBM3, 0 %, 1 MiB, 70.36 W, 26, 345 MHz
2026/09/15 02:21:42.886, 0, GPU-3d9bae9f-f6a5-a533-682a-2990f19ffa90, NVIDIA H100 80GB HBM3, 54 %, 23726 MiB, 174.32 W, 41, 1980 MHz
2026/09/15 02:21:42.930, 1, GPU-d67482aa-44bc-1a33-2545-de34f4bb6c82, NVIDIA H100 80GB HBM3, 0 %, 1 MiB, 70.88 W, 35, 345 MHz
2026/09/15 02:21:42.959, 2, GPU-6c47d827-68bc-9d8f-448e-55624a5f2f65, NVIDIA H100 80GB HBM3, 0 %, 1 MiB, 71.54 W, 26, 345 MHz
2026/09/15 02:21:42.990, 3, GPU-a481f1cc-7ac4-a6c3-b8a4-eed1d39e45aa, NVIDIA H100 80GB HBM3, 0 %, 1 MiB, 74.99 W, 26, 345 MHz
2026/09/15 02:21:43.019, 4, GPU-a60182ac-1fbd-0654-4298-7dfab8d789ca, NVIDIA H100 80GB HBM3, 0 %, 1 MiB, 72.29 W, 26, 345 MHz
2026/09/15 02:21:43.047, 5, GPU-11bb96fb-3b4c-98eb-f310-70437157969c, NVIDIA H100 80GB HBM3, 0 %, 1 MiB, 69.32 W, 26, 345 MHz
2026/09/15 02:21:43.051, 6, GPU-7d80084d-f83b-1a50-3007-35e8f2af67c2, NVIDIA H100 80GB HBM3, 0 %, 1 MiB, 70.90 W, 28, 345 MHz
2026/09/15 02:21:43.061, 7, GPU-69cdf81a-1c5b-4e7c-54e2-2dd45eb25e36, NVIDIA H100 80GB HBM3, 0 %, 1 MiB, 70.37 W, 26, 345 MHz
2026/09/15 02:21:44.087, 0, GPU-3d9bae9f-f6a5-a533-682a-2990f19ffa90, NVIDIA H100 80GB HBM3, 53 %, 23726 MiB, 177.63 W, 42, 1980 MHz
2026/09/15 02:21:44.089, 1, GPU-d67482aa-44bc-1a33-2545-de34f4bb6c82, NVIDIA H100 80GB HBM3, 0 %, 1 MiB, 70.88 W, 35, 345 MHz
2026/09/15 02:21:44.091, 2, GPU-6c47d827-68bc-9d8f-448e-55624a5f2f65, NVIDIA H100 80GB HBM3, 0 %, 1 MiB, 71.51 W, 26, 345 MHz
2026/09/15 02:21:44.092, 3, GPU-a481f1cc-7ac4-a6c3-b8a4-eed1d39e45aa, NVIDIA H100 80GB HBM3, 0 %, 1 MiB, 74.99 W, 26, 345 MHz
2026/09/15 02:21:44.094, 4, GPU-a60182ac-1fbd-0654-4298-7dfab8d789ca, NVIDIA H100 80GB HBM3, 0 %, 1 MiB, 72.45 W, 26, 345 MHz
2026/09/15 02:21:44.095, 5, GPU-11bb96fb-3b4c-98eb-f310-70437157969c, NVIDIA H100 80GB HBM3, 0 %, 1 MiB, 69.33 W, 26, 345 MHz
2026/09/15 02:21:44.096, 6, GPU-7d80084d-f83b-1a50-3007-35e8f2af67c2, NVIDIA H100 80GB HBM3, 0 %, 1 MiB, 70.92 W, 28, 345 MHz
2026/09/15 02:21:44.098, 7, GPU-69cdf81a-1c5b-4e7c-54e2-2dd45eb25e36, NVIDIA H100 80GB HBM3, 0 %, 1 MiB, 70.35 W, 26, 345 MHz
2026/09/15 02:21:45.099, 0, GPU-3d9bae9f-f6a5-a533-682a-2990f19ffa90, NVIDIA H100 80GB HBM3, 54 %, 23726 MiB, 185.51 W, 43, 1980 MHz
2026/09/15 02:21:45.101, 1, GPU-d67482aa-44bc-1a33-2545-de34f4bb6c82, NVIDIA H100 80GB HBM3, 0 %, 1 MiB, 70.93 W, 35, 345 MHz
2026/09/15 02:21:45.103, 2, GPU-6c47d827-68bc-9d8f-448e-55624a5f2f65, NVIDIA H100 80GB HBM3, 0 %, 1 MiB, 71.50 W, 26, 345 MHz
2026/09/15 02:21:45.105, 3, GPU-a481f1cc-7ac4-a6c3-b8a4-eed1d39e45aa, NVIDIA H100 80GB HBM3, 0 %, 1 MiB, 74.95 W, 26, 345 MHz
2026/09/15 02:21:45.107, 4, GPU-a60182ac-1fbd-0654-4298-7dfab8d789ca, NVIDIA H100 80GB HBM3, 0 %, 1 MiB, 72.26 W, 26, 345 MHz
2026/09/15 02:21:45.108, 5, GPU-11bb96fb-3b4c-98eb-f310-70437157969c, NVIDIA H100 80GB HBM3, 0 %, 1 MiB, 69.34 W, 26, 345 MHz
2026/09/15 02:21:45.110, 6, GPU-7d80084d-f83b-1a50-3007-35e8f2af67c2, NVIDIA H100 80GB HBM3, 0 %, 1 MiB, 70.97 W, 28, 345 MHz
2026/09/15 02:21:45.112, 7, GPU-69cdf81a-1c5b-4e7c-54e2-2dd45eb25e36, NVIDIA H100 80GB HBM3, 0 %, 1 MiB, 70.30 W, 26, 345 MHz
2026/09/15 02:21:46.116, 0, GPU-3d9bae9f-f6a5-a533-682a-2990f19ffa90, NVIDIA H100 80GB HBM3, 54 %, 23726 MiB, 175.27 W, 43, 1980 MHz
2026/09/15 02:21:46.122, 1, GPU-d67482aa-44bc-1a33-2545-de34f4bb6c82, NVIDIA H100 80GB HBM3, 0 %, 1 MiB, 70.90 W, 35, 345 MHz
2026/09/15 02:21:46.124, 2, GPU-6c47d827-68bc-9d8f-448e-55624a5f2f65, NVIDIA H100 80GB HBM3, 0 %, 1 MiB, 71.58 W, 26, 345 MHz
2026/09/15 02:21:46.126, 3, GPU-a481f1cc-7ac4-a6c3-b8a4-eed1d39e45aa, NVIDIA H100 80GB HBM3, 0 %, 1 MiB, 74.99 W, 26, 345 MHz
2026/09/15 02:21:46.134, 4, GPU-a60182ac-1fbd-0654-4298-7dfab8d789ca, NVIDIA H100 80GB HBM3, 0 %, 1 MiB, 72.48 W, 26, 345 MHz
2026/09/15 02:21:46.136, 5, GPU-11bb96fb-3b4c-98eb-f310-70437157969c, NVIDIA H100 80GB HBM3, 0 %, 1 MiB, 69.37 W, 26, 345 MHz
2026/09/15 02:21:46.138, 6, GPU-7d80084d-f83b-1a50-3007-35e8f2af67c2, NVIDIA H100 80GB HBM3, 0 %, 1 MiB, 70.95 W, 28, 345 MHz
2026/09/15 02:21:46.139, 7, GPU-69cdf81a-1c5b-4e7c-54e2-2dd45eb25e36, NVIDIA H100 80GB HBM3, 0 %, 1 MiB, 70.33 W, 26, 345 MHz
2026/09/15 02:21:47.141, 0, GPU-3d9bae9f-f6a5-a533-682a-2990f19ffa90, NVIDIA H100 80GB HBM3, 54 %, 23726 MiB, 175.36 W, 43, 1980 MHz
2026/09/15 02:21:47.161, 1, GPU-d67482aa-44bc-1a33-2545-de34f4bb6c82, NVIDIA H100 80GB HBM3, 0 %, 1 MiB, 70.89 W, 35, 345 MHz
2026/09/15 02:21:47.213, 2, GPU-6c47d827-68bc-9d8f-448e-55624a5f2f65, NVIDIA H100 80GB HBM3, 0 %, 1 MiB, 71.54 W, 26, 345 MHz
2026/09/15 02:21:47.240, 3, GPU-a481f1cc-7ac4-a6c3-b8a4-eed1d39e45aa, NVIDIA H100 80GB HBM3, 0 %, 1 MiB, 74.97 W, 26, 345 MHz
2026/09/15 02:21:47.270, 4, GPU-a60182ac-1fbd-0654-4298-7dfab8d789ca, NVIDIA H100 80GB HBM3, 0 %, 1 MiB, 72.34 W, 26, 345 MHz
2026/09/15 02:21:47.297, 5, GPU-11bb96fb-3b4c-98eb-f310-70437157969c, NVIDIA H100 80GB HBM3, 0 %, 1 MiB, 69.40 W, 26, 345 MHz
2026/09/15 02:21:47.308, 6, GPU-7d80084d-f83b-1a50-3007-35e8f2af67c2, NVIDIA H100 80GB HBM3, 0 %, 1 MiB, 70.92 W, 28, 345 MHz
2026/09/15 02:21:47.317, 7, GPU-69cdf81a-1c5b-4e7c-54e2-2dd45eb25e36, NVIDIA H100 80GB HBM3, 0 %, 1 MiB, 70.33 W, 26, 345 MHz
2026/09/15 02:21:48.319, 0, GPU-3d9bae9f-f6a5-a533-682a-2990f19ffa90, NVIDIA H100 80GB HBM3, 53 %, 23726 MiB, 182.79 W, 41, 1980 MHz
2026/09/15 02:21:48.322, 1, GPU-d67482aa-44bc-1a33-2545-de34f4bb6c82, NVIDIA H100 80GB HBM3, 0 %, 1 MiB, 70.88 W, 35, 345 MHz
2026/09/15 02:21:48.325, 2, GPU-6c47d827-68bc-9d8f-448e-55624a5f2f65, NVIDIA H100 80GB HBM3, 0 %, 1 MiB, 71.57 W, 26, 345 MHz
2026/09/15 02:21:48.337, 3, GPU-a481f1cc-7ac4-a6c3-b8a4-eed1d39e45aa, NVIDIA H100 80GB HBM3, 0 %, 1 MiB, 75.04 W, 26, 345 MHz
2026/09/15 02:21:48.342, 4, GPU-a60182ac-1fbd-0654-4298-7dfab8d789ca, NVIDIA H100 80GB HBM3, 0 %, 1 MiB, 72.32 W, 26, 345 MHz
2026/09/15 02:21:48.347, 5, GPU-11bb96fb-3b4c-98eb-f310-70437157969c, NVIDIA H100 80GB HBM3, 0 %, 1 MiB, 69.35 W, 26, 345 MHz
2026/09/15 02:21:48.351, 6, GPU-7d80084d-f83b-1a50-3007-35e8f2af67c2, NVIDIA H100 80GB HBM3, 0 %, 1 MiB, 70.96 W, 28, 345 MHz
2026/09/15 02:21:48.367, 7, GPU-69cdf81a-1c5b-4e7c-54e2-2dd45eb25e36, NVIDIA H100 80GB HBM3, 0 %, 1 MiB, 70.34 W, 26, 345 MHz
2026/09/15 02:21:49.370, 0, GPU-3d9bae9f-f6a5-a533-682a-2990f19ffa90, NVIDIA H100 80GB HBM3, 54 %, 23726 MiB, 184.13 W, 41, 1980 MHz
2026/09/15 02:21:49.373, 1, GPU-d67482aa-44bc-1a33-2545-de34f4bb6c82, NVIDIA H100 80GB HBM3, 0 %, 1 MiB, 70.87 W, 35, 345 MHz
2026/09/15 02:21:49.376, 2, GPU-6c47d827-68bc-9d8f-448e-55624a5f2f65, NVIDIA H100 80GB HBM3, 0 %, 1 MiB, 71.49 W, 26, 345 MHz
2026/09/15 02:21:49.379, 3, GPU-a481f1cc-7ac4-a6c3-b8a4-eed1d39e45aa, NVIDIA H100 80GB HBM3, 0 %, 1 MiB, 74.95 W, 26, 345 MHz
2026/09/15 02:21:49.382, 4, GPU-a60182ac-1fbd-0654-4298-7dfab8d789ca, NVIDIA H100 80GB HBM3, 0 %, 1 MiB, 72.31 W, 26, 345 MHz
2026/09/15 02:21:49.387, 5, GPU-11bb96fb-3b4c-98eb-f310-70437157969c, NVIDIA H100 80GB HBM3, 0 %, 1 MiB, 69.36 W, 26, 345 MHz
2026/09/15 02:21:49.389, 6, GPU-7d80084d-f83b-1a50-3007-35e8f2af67c2, NVIDIA H100 80GB HBM3, 0 %, 1 MiB, 70.93 W, 28, 345 MHz
2026/09/15 02:21:49.393, 7, GPU-69cdf81a-1c5b-4e7c-54e2-2dd45eb25e36, NVIDIA H100 80GB HBM3, 0 %, 1 MiB, 70.30 W, 26, 345 MHz
2026/09/15 02:21:50.394, 0, GPU-3d9bae9f-f6a5-a533-682a-2990f19ffa90, NVIDIA H100 80GB HBM3, 54 %, 23726 MiB, 180.91 W, 41, 1980 MHz
2026/09/15 02:21:50.397, 1, GPU-d67482aa-44bc-1a33-2545-de34f4bb6c82, NVIDIA H100 80GB HBM3, 0 %, 1 MiB, 70.88 W, 35, 345 MHz
2026/09/15 02:21:50.400, 2, GPU-6c47d827-68bc-9d8f-448e-55624a5f2f65, NVIDIA H100 80GB HBM3, 0 %, 1 MiB, 71.49 W, 26, 345 MHz
2026/09/15 02:21:50.407, 3, GPU-a481f1cc-7ac4-a6c3-b8a4-eed1d39e45aa, NVIDIA H100 80GB HBM3, 0 %, 1 MiB, 75.00 W, 26, 345 MHz
2026/09/15 02:21:50.410, 4, GPU-a60182ac-1fbd-0654-4298-7dfab8d789ca, NVIDIA H100 80GB HBM3, 0 %, 1 MiB, 72.20 W, 26, 345 MHz
2026/09/15 02:21:50.414, 5, GPU-11bb96fb-3b4c-98eb-f310-70437157969c, NVIDIA H100 80GB HBM3, 0 %, 1 MiB, 69.38 W, 26, 345 MHz
2026/09/15 02:21:50.419, 6, GPU-7d80084d-f83b-1a50-3007-35e8f2af67c2, NVIDIA H100 80GB HBM3, 0 %, 1 MiB, 70.93 W, 28, 345 MHz
2026/09/15 02:21:50.424, 7, GPU-69cdf81a-1c5b-4e7c-54e2-2dd45eb25e36, NVIDIA H100 80GB HBM3, 0 %, 1 MiB, 70.30 W, 26, 345 MHz
2026/09/15 02:21:51.428, 0, GPU-3d9bae9f-f6a5-a533-682a-2990f19ffa90, NVIDIA H100 80GB HBM3, 54 %, 23726 MiB, 185.41 W, 41, 1980 MHz
2026/09/15 02:21:51.437, 1, GPU-d67482aa-44bc-1a33-2545-de34f4bb6c82, NVIDIA H100 80GB HBM3, 0 %, 1 MiB, 70.91 W, 35, 345 MHz
2026/09/15 02:21:51.470, 2, GPU-6c47d827-68bc-9d8f-448e-55624a5f2f65, NVIDIA H100 80GB HBM3, 0 %, 1 MiB, 71.49 W, 26, 345 MHz
2026/09/15 02:21:51.506, 3, GPU-a481f1cc-7ac4-a6c3-b8a4-eed1d39e45aa, NVIDIA H100 80GB HBM3, 0 %, 1 MiB, 75.00 W, 26, 345 MHz
2026/09/15 02:21:51.534, 4, GPU-a60182ac-1fbd-0654-4298-7dfab8d789ca, NVIDIA H100 80GB HBM3, 0 %, 1 MiB, 72.41 W, 26, 345 MHz
2026/09/15 02:21:51.539, 5, GPU-11bb96fb-3b4c-98eb-f310-70437157969c, NVIDIA H100 80GB HBM3, 0 %, 1 MiB, 69.36 W, 26, 345 MHz
2026/09/15 02:21:51.570, 6, GPU-7d80084d-f83b-1a50-3007-35e8f2af67c2, NVIDIA H100 80GB HBM3, 0 %, 1 MiB, 70.89 W, 28, 345 MHz
2026/09/15 02:21:51.596, 7, GPU-69cdf81a-1c5b-4e7c-54e2-2dd45eb25e36, NVIDIA H100 80GB HBM3, 0 %, 1 MiB, 70.34 W, 26, 345 MHz
2026/09/15 02:21:52.599, 0, GPU-3d9bae9f-f6a5-a533-682a-2990f19ffa90, NVIDIA H100 80GB HBM3, 54 %, 23726 MiB, 181.62 W, 43, 1980 MHz
2026/09/15 02:21:52.609, 1, GPU-d67482aa-44bc-1a33-2545-de34f4bb6c82, NVIDIA H100 80GB HBM3, 0 %, 1 MiB, 70.89 W, 35, 345 MHz
2026/09/15 02:21:52.613, 2, GPU-6c47d827-68bc-9d8f-448e-55624a5f2f65, NVIDIA H100 80GB HBM3, 0 %, 1 MiB, 71.52 W, 26, 345 MHz
2026/09/15 02:21:52.619, 3, GPU-a481f1cc-7ac4-a6c3-b8a4-eed1d39e45aa, NVIDIA H100 80GB HBM3, 0 %, 1 MiB, 75.00 W, 26, 345 MHz
2026/09/15 02:21:52.625, 4, GPU-a60182ac-1fbd-0654-4298-7dfab8d789ca, NVIDIA H100 80GB HBM3, 0 %, 1 MiB, 72.19 W, 26, 345 MHz
2026/09/15 02:21:52.627, 5, GPU-11bb96fb-3b4c-98eb-f310-70437157969c, NVIDIA H100 80GB HBM3, 0 %, 1 MiB, 69.35 W, 26, 345 MHz
2026/09/15 02:21:52.628, 6, GPU-7d80084d-f83b-1a50-3007-35e8f2af67c2, NVIDIA H100 80GB HBM3, 0 %, 1 MiB, 70.92 W, 28, 345 MHz
2026/09/15 02:21:52.631, 7, GPU-69cdf81a-1c5b-4e7c-54e2-2dd45eb25e36, NVIDIA H100 80GB HBM3, 0 %, 1 MiB, 70.37 W, 26, 345 MHz
2026/09/15 02:21:53.633, 0, GPU-3d9bae9f-f6a5-a533-682a-2990f19ffa90, NVIDIA H100 80GB HBM3, 52 %, 23726 MiB, 178.40 W, 43, 1980 MHz
2026/09/15 02:21:53.636, 1, GPU-d67482aa-44bc-1a33-2545-de34f4bb6c82, NVIDIA H100 80GB HBM3, 0 %, 1 MiB, 70.88 W, 35, 345 MHz
2026/09/15 02:21:53.641, 2, GPU-6c47d827-68bc-9d8f-448e-55624a5f2f65, NVIDIA H100 80GB HBM3, 0 %, 1 MiB, 71.49 W, 26, 345 MHz
2026/09/15 02:21:53.644, 3, GPU-a481f1cc-7ac4-a6c3-b8a4-eed1d39e45aa, NVIDIA H100 80GB HBM3, 0 %, 1 MiB, 74.96 W, 26, 345 MHz
2026/09/15 02:21:53.648, 4, GPU-a60182ac-1fbd-0654-4298-7dfab8d789ca, NVIDIA H100 80GB HBM3, 0 %, 1 MiB, 72.31 W, 26, 345 MHz
2026/09/15 02:21:53.653, 5, GPU-11bb96fb-3b4c-98eb-f310-70437157969c, NVIDIA H100 80GB HBM3, 0 %, 1 MiB, 69.37 W, 26, 345 MHz
2026/09/15 02:21:53.654, 6, GPU-7d80084d-f83b-1a50-3007-35e8f2af67c2, NVIDIA H100 80GB HBM3, 0 %, 1 MiB, 70.90 W, 28, 345 MHz
2026/09/15 02:21:53.662, 7, GPU-69cdf81a-1c5b-4e7c-54e2-2dd45eb25e36, NVIDIA H100 80GB HBM3, 0 %, 1 MiB, 70.37 W, 26, 345 MHz
2026/09/15 02:21:54.665, 0, GPU-3d9bae9f-f6a5-a533-682a-2990f19ffa90, NVIDIA H100 80GB HBM3, 52 %, 23726 MiB, 181.02 W, 42, 1980 MHz
2026/09/15 02:21:54.671, 1, GPU-d67482aa-44bc-1a33-2545-de34f4bb6c82, NVIDIA H100 80GB HBM3, 0 %, 1 MiB, 70.90 W, 35, 345 MHz
2026/09/15 02:21:54.673, 2, GPU-6c47d827-68bc-9d8f-448e-55624a5f2f65, NVIDIA H100 80GB HBM3, 0 %, 1 MiB, 71.48 W, 26, 345 MHz
2026/09/15 02:21:54.678, 3, GPU-a481f1cc-7ac4-a6c3-b8a4-eed1d39e45aa, NVIDIA H100 80GB HBM3, 0 %, 1 MiB, 75.02 W, 26, 345 MHz
2026/09/15 02:21:54.681, 4, GPU-a60182ac-1fbd-0654-4298-7dfab8d789ca, NVIDIA H100 80GB HBM3, 0 %, 1 MiB, 72.32 W, 26, 345 MHz
2026/09/15 02:21:54.684, 5, GPU-11bb96fb-3b4c-98eb-f310-70437157969c, NVIDIA H100 80GB HBM3, 0 %, 1 MiB, 69.38 W, 26, 345 MHz
2026/09/15 02:21:54.687, 6, GPU-7d80084d-f83b-1a50-3007-35e8f2af67c2, NVIDIA H100 80GB HBM3, 0 %, 1 MiB, 70.93 W, 28, 345 MHz
2026/09/15 02:21:54.691, 7, GPU-69cdf81a-1c5b-4e7c-54e2-2dd45eb25e36, NVIDIA H100 80GB HBM3, 0 %, 1 MiB, 70.35 W, 26, 345 MHz
2026/09/15 02:21:55.693, 0, GPU-3d9bae9f-f6a5-a533-682a-2990f19ffa90, NVIDIA H100 80GB HBM3, 54 %, 23726 MiB, 181.41 W, 43, 1980 MHz
2026/09/15 02:21:55.758, 1, GPU-d67482aa-44bc-1a33-2545-de34f4bb6c82, NVIDIA H100 80GB HBM3, 0 %, 1 MiB, 70.91 W, 35, 345 MHz
2026/09/15 02:21:55.766, 2, GPU-6c47d827-68bc-9d8f-448e-55624a5f2f65, NVIDIA H100 80GB HBM3, 0 %, 1 MiB, 71.50 W, 26, 345 MHz
2026/09/15 02:21:55.794, 3, GPU-a481f1cc-7ac4-a6c3-b8a4-eed1d39e45aa, NVIDIA H100 80GB HBM3, 0 %, 1 MiB, 75.03 W, 26, 345 MHz
2026/09/15 02:21:55.836, 4, GPU-a60182ac-1fbd-0654-4298-7dfab8d789ca, NVIDIA H100 80GB HBM3, 0 %, 1 MiB, 72.24 W, 26, 345 MHz
2026/09/15 02:21:55.870, 5, GPU-11bb96fb-3b4c-98eb-f310-70437157969c, NVIDIA H100 80GB HBM3, 0 %, 1 MiB, 69.42 W, 26, 345 MHz
2026/09/15 02:21:55.898, 6, GPU-7d80084d-f83b-1a50-3007-35e8f2af67c2, NVIDIA H100 80GB HBM3, 0 %, 1 MiB, 70.94 W, 28, 345 MHz
2026/09/15 02:21:55.899, 7, GPU-69cdf81a-1c5b-4e7c-54e2-2dd45eb25e36, NVIDIA H100 80GB HBM3, 0 %, 1 MiB, 70.32 W, 26, 345 MHz
2026/09/15 02:21:56.901, 0, GPU-3d9bae9f-f6a5-a533-682a-2990f19ffa90, NVIDIA H100 80GB HBM3, 54 %, 23726 MiB, 183.63 W, 41, 1980 MHz
2026/09/15 02:21:56.908, 1, GPU-d67482aa-44bc-1a33-2545-de34f4bb6c82, NVIDIA H100 80GB HBM3, 0 %, 1 MiB, 70.88 W, 35, 345 MHz
2026/09/15 02:21:56.912, 2, GPU-6c47d827-68bc-9d8f-448e-55624a5f2f65, NVIDIA H100 80GB HBM3, 0 %, 1 MiB, 71.49 W, 26, 345 MHz
2026/09/15 02:21:56.915, 3, GPU-a481f1cc-7ac4-a6c3-b8a4-eed1d39e45aa, NVIDIA H100 80GB HBM3, 0 %, 1 MiB, 75.03 W, 26, 345 MHz
2026/09/15 02:21:56.920, 4, GPU-a60182ac-1fbd-0654-4298-7dfab8d789ca, NVIDIA H100 80GB HBM3, 0 %, 1 MiB, 72.43 W, 26, 345 MHz
2026/09/15 02:21:56.926, 5, GPU-11bb96fb-3b4c-98eb-f310-70437157969c, NVIDIA H100 80GB HBM3, 0 %, 1 MiB, 69.35 W, 26, 345 MHz
2026/09/15 02:21:56.929, 6, GPU-7d80084d-f83b-1a50-3007-35e8f2af67c2, NVIDIA H100 80GB HBM3, 0 %, 1 MiB, 70.93 W, 28, 345 MHz
2026/09/15 02:21:56.932, 7, GPU-69cdf81a-1c5b-4e7c-54e2-2dd45eb25e36, NVIDIA H100 80GB HBM3, 0 %, 1 MiB, 70.33 W, 26, 345 MHz
2026/09/15 02:21:57.933, 0, GPU-3d9bae9f-f6a5-a533-682a-2990f19ffa90, NVIDIA H100 80GB HBM3, 54 %, 23726 MiB, 189.22 W, 41, 1980 MHz
2026/09/15 02:21:57.958, 1, GPU-d67482aa-44bc-1a33-2545-de34f4bb6c82, NVIDIA H100 80GB HBM3, 0 %, 1 MiB, 70.86 W, 35, 345 MHz
2026/09/15 02:21:57.961, 2, GPU-6c47d827-68bc-9d8f-448e-55624a5f2f65, NVIDIA H100 80GB HBM3, 0 %, 1 MiB, 71.57 W, 26, 345 MHz
2026/09/15 02:21:57.964, 3, GPU-a481f1cc-7ac4-a6c3-b8a4-eed1d39e45aa, NVIDIA H100 80GB HBM3, 0 %, 1 MiB, 75.01 W, 26, 345 MHz
2026/09/15 02:21:57.968, 4, GPU-a60182ac-1fbd-0654-4298-7dfab8d789ca, NVIDIA H100 80GB HBM3, 0 %, 1 MiB, 72.33 W, 26, 345 MHz
2026/09/15 02:21:57.971, 5, GPU-11bb96fb-3b4c-98eb-f310-70437157969c, NVIDIA H100 80GB HBM3, 0 %, 1 MiB, 69.34 W, 26, 345 MHz
2026/09/15 02:21:57.973, 6, GPU-7d80084d-f83b-1a50-3007-35e8f2af67c2, NVIDIA H100 80GB HBM3, 0 %, 1 MiB, 70.86 W, 28, 345 MHz
2026/09/15 02:21:57.977, 7, GPU-69cdf81a-1c5b-4e7c-54e2-2dd45eb25e36, NVIDIA H100 80GB HBM3, 0 %, 1 MiB, 70.36 W, 26, 345 MHz
2026/09/15 02:21:58.981, 0, GPU-3d9bae9f-f6a5-a533-682a-2990f19ffa90, NVIDIA H100 80GB HBM3, 55 %, 23726 MiB, 179.92 W, 41, 1980 MHz
2026/09/15 02:21:58.984, 1, GPU-d67482aa-44bc-1a33-2545-de34f4bb6c82, NVIDIA H100 80GB HBM3, 0 %, 1 MiB, 70.89 W, 35, 345 MHz
2026/09/15 02:21:58.987, 2, GPU-6c47d827-68bc-9d8f-448e-55624a5f2f65, NVIDIA H100 80GB HBM3, 0 %, 1 MiB, 71.56 W, 26, 345 MHz
2026/09/15 02:21:58.992, 3, GPU-a481f1cc-7ac4-a6c3-b8a4-eed1d39e45aa, NVIDIA H100 80GB HBM3, 0 %, 1 MiB, 74.95 W, 26, 345 MHz
2026/09/15 02:21:58.995, 4, GPU-a60182ac-1fbd-0654-4298-7dfab8d789ca, NVIDIA H100 80GB HBM3, 0 %, 1 MiB, 72.36 W, 26, 345 MHz
2026/09/15 02:21:59.000, 5, GPU-11bb96fb-3b4c-98eb-f310-70437157969c, NVIDIA H100 80GB HBM3, 0 %, 1 MiB, 69.31 W, 26, 345 MHz
2026/09/15 02:21:59.014, 6, GPU-7d80084d-f83b-1a50-3007-35e8f2af67c2, NVIDIA H100 80GB HBM3, 0 %, 1 MiB, 70.89 W, 28, 345 MHz
2026/09/15 02:21:59.017, 7, GPU-69cdf81a-1c5b-4e7c-54e2-2dd45eb25e36, NVIDIA H100 80GB HBM3, 0 %, 1 MiB, 70.38 W, 26, 345 MHz
2026/09/15 02:22:00.020, 0, GPU-3d9bae9f-f6a5-a533-682a-2990f19ffa90, NVIDIA H100 80GB HBM3, 54 %, 23726 MiB, 185.92 W, 41, 1980 MHz
2026/09/15 02:22:00.038, 1, GPU-d67482aa-44bc-1a33-2545-de34f4bb6c82, NVIDIA H100 80GB HBM3, 0 %, 1 MiB, 70.89 W, 35, 345 MHz
2026/09/15 02:22:00.068, 2, GPU-6c47d827-68bc-9d8f-448e-55624a5f2f65, NVIDIA H100 80GB HBM3, 0 %, 1 MiB, 71.51 W, 26, 345 MHz
2026/09/15 02:22:00.105, 3, GPU-a481f1cc-7ac4-a6c3-b8a4-eed1d39e45aa, NVIDIA H100 80GB HBM3, 0 %, 1 MiB, 74.92 W, 26, 345 MHz
2026/09/15 02:22:00.188, 4, GPU-a60182ac-1fbd-0654-4298-7dfab8d789ca, NVIDIA H100 80GB HBM3, 0 %, 1 MiB, 72.42 W, 26, 345 MHz
2026/09/15 02:22:00.219, 5, GPU-11bb96fb-3b4c-98eb-f310-70437157969c, NVIDIA H100 80GB HBM3, 0 %, 1 MiB, 69.38 W, 26, 345 MHz
2026/09/15 02:22:00.246, 6, GPU-7d80084d-f83b-1a50-3007-35e8f2af67c2, NVIDIA H100 80GB HBM3, 0 %, 1 MiB, 70.91 W, 28, 345 MHz
2026/09/15 02:22:00.249, 7, GPU-69cdf81a-1c5b-4e7c-54e2-2dd45eb25e36, NVIDIA H100 80GB HBM3, 0 %, 1 MiB, 70.36 W, 26, 345 MHz
2026/09/15 02:22:01.254, 0, GPU-3d9bae9f-f6a5-a533-682a-2990f19ffa90, NVIDIA H100 80GB HBM3, 55 %, 23726 MiB, 189.10 W, 41, 1980 MHz
2026/09/15 02:22:01.256, 1, GPU-d67482aa-44bc-1a33-2545-de34f4bb6c82, NVIDIA H100 80GB HBM3, 0 %, 1 MiB, 70.89 W, 35, 345 MHz
2026/09/15 02:22:01.258, 2, GPU-6c47d827-68bc-9d8f-448e-55624a5f2f65, NVIDIA H100 80GB HBM3, 0 %, 1 MiB, 71.53 W, 26, 345 MHz
2026/09/15 02:22:01.260, 3, GPU-a481f1cc-7ac4-a6c3-b8a4-eed1d39e45aa, NVIDIA H100 80GB HBM3, 0 %, 1 MiB, 74.96 W, 26, 345 MHz
2026/09/15 02:22:01.263, 4, GPU-a60182ac-1fbd-0654-4298-7dfab8d789ca, NVIDIA H100 80GB HBM3, 0 %, 1 MiB, 72.32 W, 26, 345 MHz
2026/09/15 02:22:01.269, 5, GPU-11bb96fb-3b4c-98eb-f310-70437157969c, NVIDIA H100 80GB HBM3, 0 %, 1 MiB, 69.35 W, 26, 345 MHz
2026/09/15 02:22:01.274, 6, GPU-7d80084d-f83b-1a50-3007-35e8f2af67c2, NVIDIA H100 80GB HBM3, 0 %, 1 MiB, 70.93 W, 28, 345 MHz
2026/09/15 02:22:01.277, 7, GPU-69cdf81a-1c5b-4e7c-54e2-2dd45eb25e36, NVIDIA H100 80GB HBM3, 0 %, 1 MiB, 70.33 W, 26, 345 MHz
2026/09/15 02:22:02.281, 0, GPU-3d9bae9f-f6a5-a533-682a-2990f19ffa90, NVIDIA H100 80GB HBM3, 55 %, 23726 MiB, 186.17 W, 41, 1980 MHz
2026/09/15 02:22:02.284, 1, GPU-d67482aa-44bc-1a33-2545-de34f4bb6c82, NVIDIA H100 80GB HBM3, 0 %, 1 MiB, 70.86 W, 35, 345 MHz
2026/09/15 02:22:02.286, 2, GPU-6c47d827-68bc-9d8f-448e-55624a5f2f65, NVIDIA H100 80GB HBM3, 0 %, 1 MiB, 71.57 W, 26, 345 MHz
2026/09/15 02:22:02.291, 3, GPU-a481f1cc-7ac4-a6c3-b8a4-eed1d39e45aa, NVIDIA H100 80GB HBM3, 0 %, 1 MiB, 75.01 W, 26, 345 MHz
2026/09/15 02:22:02.294, 4, GPU-a60182ac-1fbd-0654-4298-7dfab8d789ca, NVIDIA H100 80GB HBM3, 0 %, 1 MiB, 72.33 W, 26, 345 MHz
2026/09/15 02:22:02.306, 5, GPU-11bb96fb-3b4c-98eb-f310-70437157969c, NVIDIA H100 80GB HBM3, 0 %, 1 MiB, 69.37 W, 26, 345 MHz
2026/09/15 02:22:02.310, 6, GPU-7d80084d-f83b-1a50-3007-35e8f2af67c2, NVIDIA H100 80GB HBM3, 0 %, 1 MiB, 70.96 W, 28, 345 MHz
2026/09/15 02:22:02.314, 7, GPU-69cdf81a-1c5b-4e7c-54e2-2dd45eb25e36, NVIDIA H100 80GB HBM3, 0 %, 1 MiB, 70.29 W, 26, 345 MHz
2026/09/15 02:22:03.319, 0, GPU-3d9bae9f-f6a5-a533-682a-2990f19ffa90, NVIDIA H100 80GB HBM3, 55 %, 23726 MiB, 186.88 W, 41, 1980 MHz
2026/09/15 02:22:03.320, 1, GPU-d67482aa-44bc-1a33-2545-de34f4bb6c82, NVIDIA H100 80GB HBM3, 0 %, 1 MiB, 70.90 W, 35, 345 MHz
2026/09/15 02:22:03.324, 2, GPU-6c47d827-68bc-9d8f-448e-55624a5f2f65, NVIDIA H100 80GB HBM3, 0 %, 1 MiB, 71.53 W, 26, 345 MHz
2026/09/15 02:22:03.327, 3, GPU-a481f1cc-7ac4-a6c3-b8a4-eed1d39e45aa, NVIDIA H100 80GB HBM3, 0 %, 1 MiB, 75.01 W, 26, 345 MHz
2026/09/15 02:22:03.335, 4, GPU-a60182ac-1fbd-0654-4298-7dfab8d789ca, NVIDIA H100 80GB HBM3, 0 %, 1 MiB, 72.34 W, 26, 345 MHz
2026/09/15 02:22:03.339, 5, GPU-11bb96fb-3b4c-98eb-f310-70437157969c, NVIDIA H100 80GB HBM3, 0 %, 1 MiB, 69.34 W, 26, 345 MHz
2026/09/15 02:22:03.342, 6, GPU-7d80084d-f83b-1a50-3007-35e8f2af67c2, NVIDIA H100 80GB HBM3, 0 %, 1 MiB, 70.94 W, 28, 345 MHz
2026/09/15 02:22:03.345, 7, GPU-69cdf81a-1c5b-4e7c-54e2-2dd45eb25e36, NVIDIA H100 80GB HBM3, 0 %, 1 MiB, 70.35 W, 26, 345 MHz
2026/09/15 02:22:04.350, 0, GPU-3d9bae9f-f6a5-a533-682a-2990f19ffa90, NVIDIA H100 80GB HBM3, 20 %, 23726 MiB, 199.73 W, 43, 1980 MHz
2026/09/15 02:22:04.371, 1, GPU-d67482aa-44bc-1a33-2545-de34f4bb6c82, NVIDIA H100 80GB HBM3, 0 %, 1 MiB, 70.90 W, 35, 345 MHz
2026/09/15 02:22:04.399, 2, GPU-6c47d827-68bc-9d8f-448e-55624a5f2f65, NVIDIA H100 80GB HBM3, 0 %, 1 MiB, 71.54 W, 26, 345 MHz
2026/09/15 02:22:04.437, 3, GPU-a481f1cc-7ac4-a6c3-b8a4-eed1d39e45aa, NVIDIA H100 80GB HBM3, 0 %, 1 MiB, 75.00 W, 26, 345 MHz
2026/09/15 02:22:04.470, 4, GPU-a60182ac-1fbd-0654-4298-7dfab8d789ca, NVIDIA H100 80GB HBM3, 0 %, 1 MiB, 72.16 W, 26, 345 MHz
2026/09/15 02:22:04.496, 5, GPU-11bb96fb-3b4c-98eb-f310-70437157969c, NVIDIA H100 80GB HBM3, 0 %, 1 MiB, 69.34 W, 26, 345 MHz
2026/09/15 02:22:04.499, 6, GPU-7d80084d-f83b-1a50-3007-35e8f2af67c2, NVIDIA H100 80GB HBM3, 0 %, 1 MiB, 70.92 W, 28, 345 MHz
2026/09/15 02:22:04.510, 7, GPU-69cdf81a-1c5b-4e7c-54e2-2dd45eb25e36, NVIDIA H100 80GB HBM3, 0 %, 1 MiB, 70.37 W, 26, 345 MHz
2026/09/15 02:22:05.516, 0, GPU-3d9bae9f-f6a5-a533-682a-2990f19ffa90, NVIDIA H100 80GB HBM3, 67 %, 23726 MiB, 263.43 W, 44, 1980 MHz
2026/09/15 02:22:05.520, 1, GPU-d67482aa-44bc-1a33-2545-de34f4bb6c82, NVIDIA H100 80GB HBM3, 0 %, 1 MiB, 70.86 W, 35, 345 MHz
2026/09/15 02:22:05.526, 2, GPU-6c47d827-68bc-9d8f-448e-55624a5f2f65, NVIDIA H100 80GB HBM3, 0 %, 1 MiB, 71.52 W, 26, 345 MHz
2026/09/15 02:22:05.528, 3, GPU-a481f1cc-7ac4-a6c3-b8a4-eed1d39e45aa, NVIDIA H100 80GB HBM3, 0 %, 1 MiB, 74.95 W, 26, 345 MHz
2026/09/15 02:22:05.536, 4, GPU-a60182ac-1fbd-0654-4298-7dfab8d789ca, NVIDIA H100 80GB HBM3, 0 %, 1 MiB, 72.38 W, 26, 345 MHz
2026/09/15 02:22:05.539, 5, GPU-11bb96fb-3b4c-98eb-f310-70437157969c, NVIDIA H100 80GB HBM3, 0 %, 1 MiB, 69.34 W, 26, 345 MHz
2026/09/15 02:22:05.544, 6, GPU-7d80084d-f83b-1a50-3007-35e8f2af67c2, NVIDIA H100 80GB HBM3, 0 %, 1 MiB, 70.91 W, 28, 345 MHz
2026/09/15 02:22:05.546, 7, GPU-69cdf81a-1c5b-4e7c-54e2-2dd45eb25e36, NVIDIA H100 80GB HBM3, 0 %, 1 MiB, 70.34 W, 26, 345 MHz
2026/09/15 02:22:06.551, 0, GPU-3d9bae9f-f6a5-a533-682a-2990f19ffa90, NVIDIA H100 80GB HBM3, 66 %, 23726 MiB, 279.34 W, 45, 1980 MHz
2026/09/15 02:22:06.553, 1, GPU-d67482aa-44bc-1a33-2545-de34f4bb6c82, NVIDIA H100 80GB HBM3, 0 %, 1 MiB, 70.84 W, 35, 345 MHz
2026/09/15 02:22:06.556, 2, GPU-6c47d827-68bc-9d8f-448e-55624a5f2f65, NVIDIA H100 80GB HBM3, 0 %, 1 MiB, 71.51 W, 26, 345 MHz
2026/09/15 02:22:06.558, 3, GPU-a481f1cc-7ac4-a6c3-b8a4-eed1d39e45aa, NVIDIA H100 80GB HBM3, 0 %, 1 MiB, 75.02 W, 26, 345 MHz
2026/09/15 02:22:06.560, 4, GPU-a60182ac-1fbd-0654-4298-7dfab8d789ca, NVIDIA H100 80GB HBM3, 0 %, 1 MiB, 72.18 W, 26, 345 MHz
2026/09/15 02:22:06.567, 5, GPU-11bb96fb-3b4c-98eb-f310-70437157969c, NVIDIA H100 80GB HBM3, 0 %, 1 MiB, 69.37 W, 26, 345 MHz
2026/09/15 02:22:06.569, 6, GPU-7d80084d-f83b-1a50-3007-35e8f2af67c2, NVIDIA H100 80GB HBM3, 0 %, 1 MiB, 70.89 W, 28, 345 MHz
2026/09/15 02:22:06.571, 7, GPU-69cdf81a-1c5b-4e7c-54e2-2dd45eb25e36, NVIDIA H100 80GB HBM3, 0 %, 1 MiB, 70.36 W, 26, 345 MHz
2026/09/15 02:22:07.575, 0, GPU-3d9bae9f-f6a5-a533-682a-2990f19ffa90, NVIDIA H100 80GB HBM3, 71 %, 23726 MiB, 285.88 W, 46, 1980 MHz
2026/09/15 02:22:07.577, 1, GPU-d67482aa-44bc-1a33-2545-de34f4bb6c82, NVIDIA H100 80GB HBM3, 0 %, 1 MiB, 70.89 W, 35, 345 MHz
2026/09/15 02:22:07.578, 2, GPU-6c47d827-68bc-9d8f-448e-55624a5f2f65, NVIDIA H100 80GB HBM3, 0 %, 1 MiB, 71.53 W, 26, 345 MHz
2026/09/15 02:22:07.580, 3, GPU-a481f1cc-7ac4-a6c3-b8a4-eed1d39e45aa, NVIDIA H100 80GB HBM3, 0 %, 1 MiB, 74.87 W, 26, 345 MHz
2026/09/15 02:22:07.584, 4, GPU-a60182ac-1fbd-0654-4298-7dfab8d789ca, NVIDIA H100 80GB HBM3, 0 %, 1 MiB, 72.24 W, 26, 345 MHz
2026/09/15 02:22:07.586, 5, GPU-11bb96fb-3b4c-98eb-f310-70437157969c, NVIDIA H100 80GB HBM3, 0 %, 1 MiB, 69.32 W, 26, 345 MHz
2026/09/15 02:22:07.590, 6, GPU-7d80084d-f83b-1a50-3007-35e8f2af67c2, NVIDIA H100 80GB HBM3, 0 %, 1 MiB, 70.89 W, 28, 345 MHz
2026/09/15 02:22:07.595, 7, GPU-69cdf81a-1c5b-4e7c-54e2-2dd45eb25e36, NVIDIA H100 80GB HBM3, 0 %, 1 MiB, 70.40 W, 26, 345 MHz
2026/09/15 02:22:08.597, 0, GPU-3d9bae9f-f6a5-a533-682a-2990f19ffa90, NVIDIA H100 80GB HBM3, 71 %, 23726 MiB, 286.69 W, 44, 1980 MHz
2026/09/15 02:22:08.688, 1, GPU-d67482aa-44bc-1a33-2545-de34f4bb6c82, NVIDIA H100 80GB HBM3, 0 %, 1 MiB, 70.83 W, 35, 345 MHz
2026/09/15 02:22:08.714, 2, GPU-6c47d827-68bc-9d8f-448e-55624a5f2f65, NVIDIA H100 80GB HBM3, 0 %, 1 MiB, 71.45 W, 26, 345 MHz
2026/09/15 02:22:08.768, 3, GPU-a481f1cc-7ac4-a6c3-b8a4-eed1d39e45aa, NVIDIA H100 80GB HBM3, 0 %, 1 MiB, 74.95 W, 26, 345 MHz
2026/09/15 02:22:08.798, 4, GPU-a60182ac-1fbd-0654-4298-7dfab8d789ca, NVIDIA H100 80GB HBM3, 0 %, 1 MiB, 72.35 W, 26, 345 MHz
2026/09/15 02:22:08.811, 5, GPU-11bb96fb-3b4c-98eb-f310-70437157969c, NVIDIA H100 80GB HBM3, 0 %, 1 MiB, 69.32 W, 26, 345 MHz
2026/09/15 02:22:08.815, 6, GPU-7d80084d-f83b-1a50-3007-35e8f2af67c2, NVIDIA H100 80GB HBM3, 0 %, 1 MiB, 70.86 W, 28, 345 MHz
2026/09/15 02:22:08.819, 7, GPU-69cdf81a-1c5b-4e7c-54e2-2dd45eb25e36, NVIDIA H100 80GB HBM3, 0 %, 1 MiB, 70.37 W, 26, 345 MHz
2026/09/15 02:22:09.821, 0, GPU-3d9bae9f-f6a5-a533-682a-2990f19ffa90, NVIDIA H100 80GB HBM3, 70 %, 23726 MiB, 281.59 W, 45, 1980 MHz
2026/09/15 02:22:09.825, 1, GPU-d67482aa-44bc-1a33-2545-de34f4bb6c82, NVIDIA H100 80GB HBM3, 0 %, 1 MiB, 70.88 W, 35, 345 MHz
2026/09/15 02:22:09.828, 2, GPU-6c47d827-68bc-9d8f-448e-55624a5f2f65, NVIDIA H100 80GB HBM3, 0 %, 1 MiB, 71.47 W, 26, 345 MHz
2026/09/15 02:22:09.837, 3, GPU-a481f1cc-7ac4-a6c3-b8a4-eed1d39e45aa, NVIDIA H100 80GB HBM3, 0 %, 1 MiB, 74.96 W, 26, 345 MHz
2026/09/15 02:22:09.842, 4, GPU-a60182ac-1fbd-0654-4298-7dfab8d789ca, NVIDIA H100 80GB HBM3, 0 %, 1 MiB, 72.17 W, 26, 345 MHz
2026/09/15 02:22:09.846, 5, GPU-11bb96fb-3b4c-98eb-f310-70437157969c, NVIDIA H100 80GB HBM3, 0 %, 1 MiB, 69.42 W, 26, 345 MHz
2026/09/15 02:22:09.850, 6, GPU-7d80084d-f83b-1a50-3007-35e8f2af67c2, NVIDIA H100 80GB HBM3, 0 %, 1 MiB, 70.92 W, 28, 345 MHz
2026/09/15 02:22:09.860, 7, GPU-69cdf81a-1c5b-4e7c-54e2-2dd45eb25e36, NVIDIA H100 80GB HBM3, 0 %, 1 MiB, 70.34 W, 26, 345 MHz
2026/09/15 02:22:10.862, 0, GPU-3d9bae9f-f6a5-a533-682a-2990f19ffa90, NVIDIA H100 80GB HBM3, 70 %, 23726 MiB, 242.40 W, 46, 1980 MHz
2026/09/15 02:22:10.870, 1, GPU-d67482aa-44bc-1a33-2545-de34f4bb6c82, NVIDIA H100 80GB HBM3, 0 %, 1 MiB, 70.90 W, 35, 345 MHz
2026/09/15 02:22:10.874, 2, GPU-6c47d827-68bc-9d8f-448e-55624a5f2f65, NVIDIA H100 80GB HBM3, 0 %, 1 MiB, 71.50 W, 26, 345 MHz
2026/09/15 02:22:10.878, 3, GPU-a481f1cc-7ac4-a6c3-b8a4-eed1d39e45aa, NVIDIA H100 80GB HBM3, 0 %, 1 MiB, 74.94 W, 26, 345 MHz
2026/09/15 02:22:10.880, 4, GPU-a60182ac-1fbd-0654-4298-7dfab8d789ca, NVIDIA H100 80GB HBM3, 0 %, 1 MiB, 72.35 W, 26, 345 MHz
2026/09/15 02:22:10.884, 5, GPU-11bb96fb-3b4c-98eb-f310-70437157969c, NVIDIA H100 80GB HBM3, 0 %, 1 MiB, 69.39 W, 26, 345 MHz
2026/09/15 02:22:10.887, 6, GPU-7d80084d-f83b-1a50-3007-35e8f2af67c2, NVIDIA H100 80GB HBM3, 0 %, 1 MiB, 70.94 W, 28, 345 MHz
2026/09/15 02:22:10.890, 7, GPU-69cdf81a-1c5b-4e7c-54e2-2dd45eb25e36, NVIDIA H100 80GB HBM3, 0 %, 1 MiB, 70.25 W, 26, 345 MHz
2026/09/15 02:22:11.893, 0, GPU-3d9bae9f-f6a5-a533-682a-2990f19ffa90, NVIDIA H100 80GB HBM3, 66 %, 23726 MiB, 283.17 W, 46, 1980 MHz
2026/09/15 02:22:11.897, 1, GPU-d67482aa-44bc-1a33-2545-de34f4bb6c82, NVIDIA H100 80GB HBM3, 0 %, 1 MiB, 70.90 W, 35, 345 MHz
2026/09/15 02:22:11.901, 2, GPU-6c47d827-68bc-9d8f-448e-55624a5f2f65, NVIDIA H100 80GB HBM3, 0 %, 1 MiB, 71.50 W, 26, 345 MHz
2026/09/15 02:22:11.906, 3, GPU-a481f1cc-7ac4-a6c3-b8a4-eed1d39e45aa, NVIDIA H100 80GB HBM3, 0 %, 1 MiB, 75.02 W, 26, 345 MHz
2026/09/15 02:22:11.909, 4, GPU-a60182ac-1fbd-0654-4298-7dfab8d789ca, NVIDIA H100 80GB HBM3, 0 %, 1 MiB, 72.19 W, 26, 345 MHz
2026/09/15 02:22:11.911, 5, GPU-11bb96fb-3b4c-98eb-f310-70437157969c, NVIDIA H100 80GB HBM3, 0 %, 1 MiB, 69.33 W, 26, 345 MHz
2026/09/15 02:22:11.913, 6, GPU-7d80084d-f83b-1a50-3007-35e8f2af67c2, NVIDIA H100 80GB HBM3, 0 %, 1 MiB, 70.98 W, 28, 345 MHz
2026/09/15 02:22:11.915, 7, GPU-69cdf81a-1c5b-4e7c-54e2-2dd45eb25e36, NVIDIA H100 80GB HBM3, 0 %, 1 MiB, 70.36 W, 26, 345 MHz
2026/09/15 02:22:12.918, 0, GPU-3d9bae9f-f6a5-a533-682a-2990f19ffa90, NVIDIA H100 80GB HBM3, 66 %, 23726 MiB, 281.74 W, 46, 1980 MHz
2026/09/15 02:22:12.933, 1, GPU-d67482aa-44bc-1a33-2545-de34f4bb6c82, NVIDIA H100 80GB HBM3, 0 %, 1 MiB, 70.90 W, 35, 345 MHz
2026/09/15 02:22:12.962, 2, GPU-6c47d827-68bc-9d8f-448e-55624a5f2f65, NVIDIA H100 80GB HBM3, 0 %, 1 MiB, 71.51 W, 26, 345 MHz
2026/09/15 02:22:12.989, 3, GPU-a481f1cc-7ac4-a6c3-b8a4-eed1d39e45aa, NVIDIA H100 80GB HBM3, 0 %, 1 MiB, 75.00 W, 26, 345 MHz
2026/09/15 02:22:12.993, 4, GPU-a60182ac-1fbd-0654-4298-7dfab8d789ca, NVIDIA H100 80GB HBM3, 0 %, 1 MiB, 72.20 W, 26, 345 MHz
2026/09/15 02:22:13.022, 5, GPU-11bb96fb-3b4c-98eb-f310-70437157969c, NVIDIA H100 80GB HBM3, 0 %, 1 MiB, 69.40 W, 26, 345 MHz
2026/09/15 02:22:13.051, 6, GPU-7d80084d-f83b-1a50-3007-35e8f2af67c2, NVIDIA H100 80GB HBM3, 0 %, 1 MiB, 70.90 W, 28, 345 MHz
2026/09/15 02:22:13.092, 7, GPU-69cdf81a-1c5b-4e7c-54e2-2dd45eb25e36, NVIDIA H100 80GB HBM3, 0 %, 1 MiB, 70.27 W, 26, 345 MHz
2026/09/15 02:22:14.119, 0, GPU-3d9bae9f-f6a5-a533-682a-2990f19ffa90, NVIDIA H100 80GB HBM3, 66 %, 23726 MiB, 278.72 W, 45, 1980 MHz
2026/09/15 02:22:14.123, 1, GPU-d67482aa-44bc-1a33-2545-de34f4bb6c82, NVIDIA H100 80GB HBM3, 0 %, 1 MiB, 70.92 W, 35, 345 MHz
2026/09/15 02:22:14.126, 2, GPU-6c47d827-68bc-9d8f-448e-55624a5f2f65, NVIDIA H100 80GB HBM3, 0 %, 1 MiB, 71.46 W, 26, 345 MHz
2026/09/15 02:22:14.128, 3, GPU-a481f1cc-7ac4-a6c3-b8a4-eed1d39e45aa, NVIDIA H100 80GB HBM3, 0 %, 1 MiB, 74.95 W, 26, 345 MHz
2026/09/15 02:22:14.135, 4, GPU-a60182ac-1fbd-0654-4298-7dfab8d789ca, NVIDIA H100 80GB HBM3, 0 %, 1 MiB, 72.41 W, 26, 345 MHz
2026/09/15 02:22:14.140, 5, GPU-11bb96fb-3b4c-98eb-f310-70437157969c, NVIDIA H100 80GB HBM3, 0 %, 1 MiB, 69.38 W, 26, 345 MHz
2026/09/15 02:22:14.144, 6, GPU-7d80084d-f83b-1a50-3007-35e8f2af67c2, NVIDIA H100 80GB HBM3, 0 %, 1 MiB, 70.90 W, 28, 345 MHz
2026/09/15 02:22:14.147, 7, GPU-69cdf81a-1c5b-4e7c-54e2-2dd45eb25e36, NVIDIA H100 80GB HBM3, 0 %, 1 MiB, 70.29 W, 26, 345 MHz
2026/09/15 02:22:15.152, 0, GPU-3d9bae9f-f6a5-a533-682a-2990f19ffa90, NVIDIA H100 80GB HBM3, 70 %, 23726 MiB, 288.97 W, 45, 1980 MHz
2026/09/15 02:22:15.154, 1, GPU-d67482aa-44bc-1a33-2545-de34f4bb6c82, NVIDIA H100 80GB HBM3, 0 %, 1 MiB, 70.89 W, 35, 345 MHz
2026/09/15 02:22:15.157, 2, GPU-6c47d827-68bc-9d8f-448e-55624a5f2f65, NVIDIA H100 80GB HBM3, 0 %, 1 MiB, 71.54 W, 26, 345 MHz
2026/09/15 02:22:15.159, 3, GPU-a481f1cc-7ac4-a6c3-b8a4-eed1d39e45aa, NVIDIA H100 80GB HBM3, 0 %, 1 MiB, 75.00 W, 26, 345 MHz
2026/09/15 02:22:15.167, 4, GPU-a60182ac-1fbd-0654-4298-7dfab8d789ca, NVIDIA H100 80GB HBM3, 0 %, 1 MiB, 72.20 W, 26, 345 MHz
2026/09/15 02:22:15.169, 5, GPU-11bb96fb-3b4c-98eb-f310-70437157969c, NVIDIA H100 80GB HBM3, 0 %, 1 MiB, 69.39 W, 26, 345 MHz
2026/09/15 02:22:15.172, 6, GPU-7d80084d-f83b-1a50-3007-35e8f2af67c2, NVIDIA H100 80GB HBM3, 0 %, 1 MiB, 70.85 W, 28, 345 MHz
2026/09/15 02:22:15.176, 7, GPU-69cdf81a-1c5b-4e7c-54e2-2dd45eb25e36, NVIDIA H100 80GB HBM3, 0 %, 1 MiB, 70.38 W, 26, 345 MHz
2026/09/15 02:22:16.178, 0, GPU-3d9bae9f-f6a5-a533-682a-2990f19ffa90, NVIDIA H100 80GB HBM3, 0 %, 23726 MiB, 242.25 W, 44, 1980 MHz
2026/09/15 02:22:16.180, 1, GPU-d67482aa-44bc-1a33-2545-de34f4bb6c82, NVIDIA H100 80GB HBM3, 0 %, 1 MiB, 70.93 W, 35, 345 MHz
2026/09/15 02:22:16.184, 2, GPU-6c47d827-68bc-9d8f-448e-55624a5f2f65, NVIDIA H100 80GB HBM3, 0 %, 1 MiB, 71.52 W, 26, 345 MHz
2026/09/15 02:22:16.186, 3, GPU-a481f1cc-7ac4-a6c3-b8a4-eed1d39e45aa, NVIDIA H100 80GB HBM3, 0 %, 1 MiB, 75.00 W, 26, 345 MHz
2026/09/15 02:22:16.189, 4, GPU-a60182ac-1fbd-0654-4298-7dfab8d789ca, NVIDIA H100 80GB HBM3, 0 %, 1 MiB, 72.41 W, 26, 345 MHz
2026/09/15 02:22:16.192, 5, GPU-11bb96fb-3b4c-98eb-f310-70437157969c, NVIDIA H100 80GB HBM3, 0 %, 1 MiB, 69.39 W, 26, 345 MHz
2026/09/15 02:22:16.211, 6, GPU-7d80084d-f83b-1a50-3007-35e8f2af67c2, NVIDIA H100 80GB HBM3, 0 %, 1 MiB, 70.92 W, 28, 345 MHz
2026/09/15 02:22:16.215, 7, GPU-69cdf81a-1c5b-4e7c-54e2-2dd45eb25e36, NVIDIA H100 80GB HBM3, 0 %, 1 MiB, 70.39 W, 26, 345 MHz
2026/09/15 02:22:17.222, 0, GPU-3d9bae9f-f6a5-a533-682a-2990f19ffa90, NVIDIA H100 80GB HBM3, 66 %, 23726 MiB, 260.80 W, 46, 1980 MHz
2026/09/15 02:22:17.242, 1, GPU-d67482aa-44bc-1a33-2545-de34f4bb6c82, NVIDIA H100 80GB HBM3, 0 %, 1 MiB, 70.92 W, 35, 345 MHz
2026/09/15 02:22:17.276, 2, GPU-6c47d827-68bc-9d8f-448e-55624a5f2f65, NVIDIA H100 80GB HBM3, 0 %, 1 MiB, 71.49 W, 26, 345 MHz
2026/09/15 02:22:17.307, 3, GPU-a481f1cc-7ac4-a6c3-b8a4-eed1d39e45aa, NVIDIA H100 80GB HBM3, 0 %, 1 MiB, 75.06 W, 26, 345 MHz
2026/09/15 02:22:17.337, 4, GPU-a60182ac-1fbd-0654-4298-7dfab8d789ca, NVIDIA H100 80GB HBM3, 0 %, 1 MiB, 72.33 W, 26, 345 MHz
2026/09/15 02:22:17.368, 5, GPU-11bb96fb-3b4c-98eb-f310-70437157969c, NVIDIA H100 80GB HBM3, 0 %, 1 MiB, 69.39 W, 26, 345 MHz
2026/09/15 02:22:17.394, 6, GPU-7d80084d-f83b-1a50-3007-35e8f2af67c2, NVIDIA H100 80GB HBM3, 0 %, 1 MiB, 70.91 W, 28, 345 MHz
2026/09/15 02:22:17.426, 7, GPU-69cdf81a-1c5b-4e7c-54e2-2dd45eb25e36, NVIDIA H100 80GB HBM3, 0 %, 1 MiB, 70.31 W, 26, 345 MHz
2026/09/15 02:22:18.461, 0, GPU-3d9bae9f-f6a5-a533-682a-2990f19ffa90, NVIDIA H100 80GB HBM3, 66 %, 23726 MiB, 292.36 W, 45, 1980 MHz
2026/09/15 02:22:18.463, 1, GPU-d67482aa-44bc-1a33-2545-de34f4bb6c82, NVIDIA H100 80GB HBM3, 0 %, 1 MiB, 70.96 W, 35, 345 MHz
2026/09/15 02:22:18.465, 2, GPU-6c47d827-68bc-9d8f-448e-55624a5f2f65, NVIDIA H100 80GB HBM3, 0 %, 1 MiB, 71.54 W, 26, 345 MHz
2026/09/15 02:22:18.467, 3, GPU-a481f1cc-7ac4-a6c3-b8a4-eed1d39e45aa, NVIDIA H100 80GB HBM3, 0 %, 1 MiB, 75.05 W, 26, 345 MHz
2026/09/15 02:22:18.470, 4, GPU-a60182ac-1fbd-0654-4298-7dfab8d789ca, NVIDIA H100 80GB HBM3, 0 %, 1 MiB, 72.19 W, 26, 345 MHz
2026/09/15 02:22:18.473, 5, GPU-11bb96fb-3b4c-98eb-f310-70437157969c, NVIDIA H100 80GB HBM3, 0 %, 1 MiB, 69.35 W, 26, 345 MHz
2026/09/15 02:22:18.476, 6, GPU-7d80084d-f83b-1a50-3007-35e8f2af67c2, NVIDIA H100 80GB HBM3, 0 %, 1 MiB, 70.88 W, 28, 345 MHz
2026/09/15 02:22:18.478, 7, GPU-69cdf81a-1c5b-4e7c-54e2-2dd45eb25e36, NVIDIA H100 80GB HBM3, 0 %, 1 MiB, 70.39 W, 26, 345 MHz
2026/09/15 02:22:19.481, 0, GPU-3d9bae9f-f6a5-a533-682a-2990f19ffa90, NVIDIA H100 80GB HBM3, 66 %, 23726 MiB, 284.67 W, 47, 1980 MHz
2026/09/15 02:22:19.482, 1, GPU-d67482aa-44bc-1a33-2545-de34f4bb6c82, NVIDIA H100 80GB HBM3, 0 %, 1 MiB, 70.96 W, 35, 345 MHz
2026/09/15 02:22:19.484, 2, GPU-6c47d827-68bc-9d8f-448e-55624a5f2f65, NVIDIA H100 80GB HBM3, 0 %, 1 MiB, 71.54 W, 26, 345 MHz
2026/09/15 02:22:19.487, 3, GPU-a481f1cc-7ac4-a6c3-b8a4-eed1d39e45aa, NVIDIA H100 80GB HBM3, 0 %, 1 MiB, 75.00 W, 26, 345 MHz
2026/09/15 02:22:19.489, 4, GPU-a60182ac-1fbd-0654-4298-7dfab8d789ca, NVIDIA H100 80GB HBM3, 0 %, 1 MiB, 72.34 W, 26, 345 MHz
2026/09/15 02:22:19.492, 5, GPU-11bb96fb-3b4c-98eb-f310-70437157969c, NVIDIA H100 80GB HBM3, 0 %, 1 MiB, 69.35 W, 26, 345 MHz
2026/09/15 02:22:19.495, 6, GPU-7d80084d-f83b-1a50-3007-35e8f2af67c2, NVIDIA H100 80GB HBM3, 0 %, 1 MiB, 70.90 W, 28, 345 MHz
2026/09/15 02:22:19.498, 7, GPU-69cdf81a-1c5b-4e7c-54e2-2dd45eb25e36, NVIDIA H100 80GB HBM3, 0 %, 1 MiB, 70.39 W, 26, 345 MHz
2026/09/15 02:22:20.516, 0, GPU-3d9bae9f-f6a5-a533-682a-2990f19ffa90, NVIDIA H100 80GB HBM3, 70 %, 23726 MiB, 286.09 W, 47, 1980 MHz
2026/09/15 02:22:20.522, 1, GPU-d67482aa-44bc-1a33-2545-de34f4bb6c82, NVIDIA H100 80GB HBM3, 0 %, 1 MiB, 70.92 W, 35, 345 MHz
2026/09/15 02:22:20.525, 2, GPU-6c47d827-68bc-9d8f-448e-55624a5f2f65, NVIDIA H100 80GB HBM3, 0 %, 1 MiB, 71.53 W, 26, 345 MHz
2026/09/15 02:22:20.527, 3, GPU-a481f1cc-7ac4-a6c3-b8a4-eed1d39e45aa, NVIDIA H100 80GB HBM3, 0 %, 1 MiB, 74.87 W, 26, 345 MHz
2026/09/15 02:22:20.535, 4, GPU-a60182ac-1fbd-0654-4298-7dfab8d789ca, NVIDIA H100 80GB HBM3, 0 %, 1 MiB, 72.24 W, 26, 345 MHz
2026/09/15 02:22:20.540, 5, GPU-11bb96fb-3b4c-98eb-f310-70437157969c, NVIDIA H100 80GB HBM3, 0 %, 1 MiB, 69.36 W, 26, 345 MHz
2026/09/15 02:22:20.543, 6, GPU-7d80084d-f83b-1a50-3007-35e8f2af67c2, NVIDIA H100 80GB HBM3, 0 %, 1 MiB, 70.95 W, 28, 345 MHz
2026/09/15 02:22:20.545, 7, GPU-69cdf81a-1c5b-4e7c-54e2-2dd45eb25e36, NVIDIA H100 80GB HBM3, 0 %, 1 MiB, 70.30 W, 26, 345 MHz
2026/09/15 02:22:21.552, 0, GPU-3d9bae9f-f6a5-a533-682a-2990f19ffa90, NVIDIA H100 80GB HBM3, 67 %, 23726 MiB, 281.98 W, 47, 1980 MHz
2026/09/15 02:22:21.565, 1, GPU-d67482aa-44bc-1a33-2545-de34f4bb6c82, NVIDIA H100 80GB HBM3, 0 %, 1 MiB, 70.95 W, 35, 345 MHz
2026/09/15 02:22:21.591, 2, GPU-6c47d827-68bc-9d8f-448e-55624a5f2f65, NVIDIA H100 80GB HBM3, 0 %, 1 MiB, 71.53 W, 26, 345 MHz
2026/09/15 02:22:21.631, 3, GPU-a481f1cc-7ac4-a6c3-b8a4-eed1d39e45aa, NVIDIA H100 80GB HBM3, 0 %, 1 MiB, 75.01 W, 26, 345 MHz
2026/09/15 02:22:21.635, 4, GPU-a60182ac-1fbd-0654-4298-7dfab8d789ca, NVIDIA H100 80GB HBM3, 0 %, 1 MiB, 72.29 W, 26, 345 MHz
2026/09/15 02:22:21.673, 5, GPU-11bb96fb-3b4c-98eb-f310-70437157969c, NVIDIA H100 80GB HBM3, 0 %, 1 MiB, 69.36 W, 26, 345 MHz
2026/09/15 02:22:21.707, 6, GPU-7d80084d-f83b-1a50-3007-35e8f2af67c2, NVIDIA H100 80GB HBM3, 0 %, 1 MiB, 70.97 W, 28, 345 MHz
2026/09/15 02:22:21.712, 7, GPU-69cdf81a-1c5b-4e7c-54e2-2dd45eb25e36, NVIDIA H100 80GB HBM3, 0 %, 1 MiB, 70.32 W, 26, 345 MHz
2026/09/15 02:22:22.745, 0, GPU-3d9bae9f-f6a5-a533-682a-2990f19ffa90, NVIDIA H100 80GB HBM3, 66 %, 23726 MiB, 251.69 W, 46, 1980 MHz
2026/09/15 02:22:22.748, 1, GPU-d67482aa-44bc-1a33-2545-de34f4bb6c82, NVIDIA H100 80GB HBM3, 0 %, 1 MiB, 70.97 W, 35, 345 MHz
2026/09/15 02:22:22.755, 2, GPU-6c47d827-68bc-9d8f-448e-55624a5f2f65, NVIDIA H100 80GB HBM3, 0 %, 1 MiB, 71.55 W, 26, 345 MHz
2026/09/15 02:22:22.759, 3, GPU-a481f1cc-7ac4-a6c3-b8a4-eed1d39e45aa, NVIDIA H100 80GB HBM3, 0 %, 1 MiB, 75.03 W, 26, 345 MHz
2026/09/15 02:22:22.764, 4, GPU-a60182ac-1fbd-0654-4298-7dfab8d789ca, NVIDIA H100 80GB HBM3, 0 %, 1 MiB, 72.47 W, 26, 345 MHz
2026/09/15 02:22:22.768, 5, GPU-11bb96fb-3b4c-98eb-f310-70437157969c, NVIDIA H100 80GB HBM3, 0 %, 1 MiB, 69.38 W, 26, 345 MHz
2026/09/15 02:22:22.771, 6, GPU-7d80084d-f83b-1a50-3007-35e8f2af67c2, NVIDIA H100 80GB HBM3, 0 %, 1 MiB, 70.97 W, 28, 345 MHz
2026/09/15 02:22:22.774, 7, GPU-69cdf81a-1c5b-4e7c-54e2-2dd45eb25e36, NVIDIA H100 80GB HBM3, 0 %, 1 MiB, 70.30 W, 26, 345 MHz
2026/09/15 02:22:23.779, 0, GPU-3d9bae9f-f6a5-a533-682a-2990f19ffa90, NVIDIA H100 80GB HBM3, 70 %, 23726 MiB, 284.77 W, 47, 1980 MHz
2026/09/15 02:22:23.781, 1, GPU-d67482aa-44bc-1a33-2545-de34f4bb6c82, NVIDIA H100 80GB HBM3, 0 %, 1 MiB, 70.95 W, 35, 345 MHz
2026/09/15 02:22:23.783, 2, GPU-6c47d827-68bc-9d8f-448e-55624a5f2f65, NVIDIA H100 80GB HBM3, 0 %, 1 MiB, 71.52 W, 26, 345 MHz
2026/09/15 02:22:23.785, 3, GPU-a481f1cc-7ac4-a6c3-b8a4-eed1d39e45aa, NVIDIA H100 80GB HBM3, 0 %, 1 MiB, 74.97 W, 26, 345 MHz
2026/09/15 02:22:23.787, 4, GPU-a60182ac-1fbd-0654-4298-7dfab8d789ca, NVIDIA H100 80GB HBM3, 0 %, 1 MiB, 72.29 W, 26, 345 MHz
2026/09/15 02:22:23.790, 5, GPU-11bb96fb-3b4c-98eb-f310-70437157969c, NVIDIA H100 80GB HBM3, 0 %, 1 MiB, 69.32 W, 26, 345 MHz
2026/09/15 02:22:23.792, 6, GPU-7d80084d-f83b-1a50-3007-35e8f2af67c2, NVIDIA H100 80GB HBM3, 0 %, 1 MiB, 70.94 W, 28, 345 MHz
2026/09/15 02:22:23.794, 7, GPU-69cdf81a-1c5b-4e7c-54e2-2dd45eb25e36, NVIDIA H100 80GB HBM3, 0 %, 1 MiB, 70.37 W, 26, 345 MHz
2026/09/15 02:22:24.797, 0, GPU-3d9bae9f-f6a5-a533-682a-2990f19ffa90, NVIDIA H100 80GB HBM3, 69 %, 23726 MiB, 281.69 W, 45, 1980 MHz
2026/09/15 02:22:24.798, 1, GPU-d67482aa-44bc-1a33-2545-de34f4bb6c82, NVIDIA H100 80GB HBM3, 0 %, 1 MiB, 70.95 W, 35, 345 MHz
2026/09/15 02:22:24.800, 2, GPU-6c47d827-68bc-9d8f-448e-55624a5f2f65, NVIDIA H100 80GB HBM3, 0 %, 1 MiB, 71.52 W, 26, 345 MHz
2026/09/15 02:22:24.806, 3, GPU-a481f1cc-7ac4-a6c3-b8a4-eed1d39e45aa, NVIDIA H100 80GB HBM3, 0 %, 1 MiB, 74.90 W, 26, 345 MHz
2026/09/15 02:22:24.809, 4, GPU-a60182ac-1fbd-0654-4298-7dfab8d789ca, NVIDIA H100 80GB HBM3, 0 %, 1 MiB, 72.48 W, 26, 345 MHz
2026/09/15 02:22:24.812, 5, GPU-11bb96fb-3b4c-98eb-f310-70437157969c, NVIDIA H100 80GB HBM3, 0 %, 1 MiB, 69.39 W, 26, 345 MHz
2026/09/15 02:22:24.814, 6, GPU-7d80084d-f83b-1a50-3007-35e8f2af67c2, NVIDIA H100 80GB HBM3, 0 %, 1 MiB, 70.92 W, 28, 345 MHz
2026/09/15 02:22:24.817, 7, GPU-69cdf81a-1c5b-4e7c-54e2-2dd45eb25e36, NVIDIA H100 80GB HBM3, 0 %, 1 MiB, 70.30 W, 26, 345 MHz
2026/09/15 02:22:25.819, 0, GPU-3d9bae9f-f6a5-a533-682a-2990f19ffa90, NVIDIA H100 80GB HBM3, 69 %, 23726 MiB, 271.61 W, 45, 1980 MHz
2026/09/15 02:22:25.841, 1, GPU-d67482aa-44bc-1a33-2545-de34f4bb6c82, NVIDIA H100 80GB HBM3, 0 %, 1 MiB, 71.01 W, 35, 345 MHz
2026/09/15 02:22:25.870, 2, GPU-6c47d827-68bc-9d8f-448e-55624a5f2f65, NVIDIA H100 80GB HBM3, 0 %, 1 MiB, 71.50 W, 26, 345 MHz
2026/09/15 02:22:25.906, 3, GPU-a481f1cc-7ac4-a6c3-b8a4-eed1d39e45aa, NVIDIA H100 80GB HBM3, 0 %, 1 MiB, 75.05 W, 26, 345 MHz
2026/09/15 02:22:25.909, 4, GPU-a60182ac-1fbd-0654-4298-7dfab8d789ca, NVIDIA H100 80GB HBM3, 0 %, 1 MiB, 72.32 W, 26, 345 MHz
2026/09/15 02:22:25.934, 5, GPU-11bb96fb-3b4c-98eb-f310-70437157969c, NVIDIA H100 80GB HBM3, 0 %, 1 MiB, 69.44 W, 26, 345 MHz
2026/09/15 02:22:25.962, 6, GPU-7d80084d-f83b-1a50-3007-35e8f2af67c2, NVIDIA H100 80GB HBM3, 0 %, 1 MiB, 70.89 W, 28, 345 MHz
2026/09/15 02:22:25.993, 7, GPU-69cdf81a-1c5b-4e7c-54e2-2dd45eb25e36, NVIDIA H100 80GB HBM3, 0 %, 1 MiB, 70.32 W, 26, 345 MHz
2026/09/15 02:22:26.994, 0, GPU-3d9bae9f-f6a5-a533-682a-2990f19ffa90, NVIDIA H100 80GB HBM3, 66 %, 23726 MiB, 280.21 W, 46, 1980 MHz
2026/09/15 02:22:26.997, 1, GPU-d67482aa-44bc-1a33-2545-de34f4bb6c82, NVIDIA H100 80GB HBM3, 0 %, 1 MiB, 71.00 W, 35, 345 MHz
2026/09/15 02:22:27.005, 2, GPU-6c47d827-68bc-9d8f-448e-55624a5f2f65, NVIDIA H100 80GB HBM3, 0 %, 1 MiB, 71.52 W, 26, 345 MHz
2026/09/15 02:22:27.008, 3, GPU-a481f1cc-7ac4-a6c3-b8a4-eed1d39e45aa, NVIDIA H100 80GB HBM3, 0 %, 1 MiB, 74.99 W, 26, 345 MHz
2026/09/15 02:22:27.010, 4, GPU-a60182ac-1fbd-0654-4298-7dfab8d789ca, NVIDIA H100 80GB HBM3, 0 %, 1 MiB, 72.29 W, 26, 345 MHz
2026/09/15 02:22:27.013, 5, GPU-11bb96fb-3b4c-98eb-f310-70437157969c, NVIDIA H100 80GB HBM3, 0 %, 1 MiB, 69.37 W, 26, 345 MHz
2026/09/15 02:22:27.015, 6, GPU-7d80084d-f83b-1a50-3007-35e8f2af67c2, NVIDIA H100 80GB HBM3, 0 %, 1 MiB, 70.90 W, 28, 345 MHz
2026/09/15 02:22:27.018, 7, GPU-69cdf81a-1c5b-4e7c-54e2-2dd45eb25e36, NVIDIA H100 80GB HBM3, 0 %, 1 MiB, 70.41 W, 26, 345 MHz
2026/09/15 02:22:28.020, 0, GPU-3d9bae9f-f6a5-a533-682a-2990f19ffa90, NVIDIA H100 80GB HBM3, 0 %, 23726 MiB, 197.71 W, 42, 1980 MHz
2026/09/15 02:22:28.023, 1, GPU-d67482aa-44bc-1a33-2545-de34f4bb6c82, NVIDIA H100 80GB HBM3, 0 %, 1 MiB, 70.97 W, 35, 345 MHz
2026/09/15 02:22:28.025, 2, GPU-6c47d827-68bc-9d8f-448e-55624a5f2f65, NVIDIA H100 80GB HBM3, 0 %, 1 MiB, 71.52 W, 26, 345 MHz
2026/09/15 02:22:28.036, 3, GPU-a481f1cc-7ac4-a6c3-b8a4-eed1d39e45aa, NVIDIA H100 80GB HBM3, 0 %, 1 MiB, 75.01 W, 26, 345 MHz
2026/09/15 02:22:28.042, 4, GPU-a60182ac-1fbd-0654-4298-7dfab8d789ca, NVIDIA H100 80GB HBM3, 0 %, 1 MiB, 72.43 W, 26, 345 MHz
2026/09/15 02:22:28.043, 5, GPU-11bb96fb-3b4c-98eb-f310-70437157969c, NVIDIA H100 80GB HBM3, 0 %, 1 MiB, 69.37 W, 26, 345 MHz
2026/09/15 02:22:28.047, 6, GPU-7d80084d-f83b-1a50-3007-35e8f2af67c2, NVIDIA H100 80GB HBM3, 0 %, 1 MiB, 70.95 W, 28, 345 MHz
2026/09/15 02:22:28.050, 7, GPU-69cdf81a-1c5b-4e7c-54e2-2dd45eb25e36, NVIDIA H100 80GB HBM3, 0 %, 1 MiB, 70.35 W, 26, 345 MHz
