timestamp, index, uuid, name, utilization.gpu [%], memory.used [MiB], power.draw [W], temperature.gpu, clocks.current.sm [MHz]
2026/09/15 02:11:32.850, 0, GPU-3d9bae9f-f6a5-a533-682a-2990f19ffa90, NVIDIA H100 80GB HBM3, 0 %, 1 MiB, 71.15 W, 37, 345 MHz
2026/09/15 02:11:32.852, 1, GPU-d67482aa-44bc-1a33-2545-de34f4bb6c82, NVIDIA H100 80GB HBM3, 0 %, 1 MiB, 70.70 W, 34, 345 MHz
2026/09/15 02:11:32.859, 2, GPU-6c47d827-68bc-9d8f-448e-55624a5f2f65, NVIDIA H100 80GB HBM3, 0 %, 1 MiB, 71.54 W, 26, 345 MHz
2026/09/15 02:11:32.861, 3, GPU-a481f1cc-7ac4-a6c3-b8a4-eed1d39e45aa, NVIDIA H100 80GB HBM3, 0 %, 1 MiB, 74.95 W, 26, 345 MHz
2026/09/15 02:11:32.863, 4, GPU-a60182ac-1fbd-0654-4298-7dfab8d789ca, NVIDIA H100 80GB HBM3, 0 %, 1 MiB, 72.25 W, 26, 345 MHz
2026/09/15 02:11:32.869, 5, GPU-11bb96fb-3b4c-98eb-f310-70437157969c, NVIDIA H100 80GB HBM3, 0 %, 1 MiB, 69.29 W, 26, 345 MHz
2026/09/15 02:11:32.906, 6, GPU-7d80084d-f83b-1a50-3007-35e8f2af67c2, NVIDIA H100 80GB HBM3, 0 %, 1 MiB, 70.95 W, 27, 345 MHz
2026/09/15 02:11:32.908, 7, GPU-69cdf81a-1c5b-4e7c-54e2-2dd45eb25e36, NVIDIA H100 80GB HBM3, 0 %, 1 MiB, 70.33 W, 26, 345 MHz
2026/09/15 02:11:33.909, 0, GPU-3d9bae9f-f6a5-a533-682a-2990f19ffa90, NVIDIA H100 80GB HBM3, 0 %, 1 MiB, 71.15 W, 37, 345 MHz
2026/09/15 02:11:33.911, 1, GPU-d67482aa-44bc-1a33-2545-de34f4bb6c82, NVIDIA H100 80GB HBM3, 0 %, 1 MiB, 70.70 W, 34, 345 MHz
2026/09/15 02:11:33.913, 2, GPU-6c47d827-68bc-9d8f-448e-55624a5f2f65, NVIDIA H100 80GB HBM3, 0 %, 1 MiB, 71.53 W, 26, 345 MHz
2026/09/15 02:11:33.914, 3, GPU-a481f1cc-7ac4-a6c3-b8a4-eed1d39e45aa, NVIDIA H100 80GB HBM3, 0 %, 1 MiB, 74.96 W, 26, 345 MHz
2026/09/15 02:11:33.916, 4, GPU-a60182ac-1fbd-0654-4298-7dfab8d789ca, NVIDIA H100 80GB HBM3, 0 %, 1 MiB, 72.23 W, 26, 345 MHz
2026/09/15 02:11:33.917, 5, GPU-11bb96fb-3b4c-98eb-f310-70437157969c, NVIDIA H100 80GB HBM3, 0 %, 1 MiB, 69.30 W, 26, 345 MHz
2026/09/15 02:11:33.919, 6, GPU-7d80084d-f83b-1a50-3007-35e8f2af67c2, NVIDIA H100 80GB HBM3, 0 %, 1 MiB, 70.91 W, 27, 345 MHz
2026/09/15 02:11:33.920, 7, GPU-69cdf81a-1c5b-4e7c-54e2-2dd45eb25e36, NVIDIA H100 80GB HBM3, 0 %, 1 MiB, 70.29 W, 26, 345 MHz
2026/09/15 02:11:34.922, 0, GPU-3d9bae9f-f6a5-a533-682a-2990f19ffa90, NVIDIA H100 80GB HBM3, 0 %, 1 MiB, 71.12 W, 37, 345 MHz
2026/09/15 02:11:34.926, 1, GPU-d67482aa-44bc-1a33-2545-de34f4bb6c82, NVIDIA H100 80GB HBM3, 0 %, 1 MiB, 70.70 W, 34, 345 MHz
2026/09/15 02:11:34.929, 2, GPU-6c47d827-68bc-9d8f-448e-55624a5f2f65, NVIDIA H100 80GB HBM3, 0 %, 1 MiB, 71.53 W, 26, 345 MHz
2026/09/15 02:11:34.930, 3, GPU-a481f1cc-7ac4-a6c3-b8a4-eed1d39e45aa, NVIDIA H100 80GB HBM3, 0 %, 1 MiB, 74.93 W, 26, 345 MHz
2026/09/15 02:11:34.939, 4, GPU-a60182ac-1fbd-0654-4298-7dfab8d789ca, NVIDIA H100 80GB HBM3, 0 %, 1 MiB, 72.33 W, 26, 345 MHz
2026/09/15 02:11:34.941, 5, GPU-11bb96fb-3b4c-98eb-f310-70437157969c, NVIDIA H100 80GB HBM3, 0 %, 1 MiB, 69.32 W, 26, 345 MHz
2026/09/15 02:11:34.943, 6, GPU-7d80084d-f83b-1a50-3007-35e8f2af67c2, NVIDIA H100 80GB HBM3, 0 %, 1 MiB, 70.94 W, 28, 345 MHz
2026/09/15 02:11:34.944, 7, GPU-69cdf81a-1c5b-4e7c-54e2-2dd45eb25e36, NVIDIA H100 80GB HBM3, 0 %, 1 MiB, 70.29 W, 26, 345 MHz
2026/09/15 02:11:35.946, 0, GPU-3d9bae9f-f6a5-a533-682a-2990f19ffa90, NVIDIA H100 80GB HBM3, 0 %, 1 MiB, 71.15 W, 37, 345 MHz
2026/09/15 02:11:35.963, 1, GPU-d67482aa-44bc-1a33-2545-de34f4bb6c82, NVIDIA H100 80GB HBM3, 0 %, 1 MiB, 70.71 W, 34, 345 MHz
2026/09/15 02:11:35.994, 2, GPU-6c47d827-68bc-9d8f-448e-55624a5f2f65, NVIDIA H100 80GB HBM3, 0 %, 1 MiB, 71.53 W, 26, 345 MHz
2026/09/15 02:11:36.029, 3, GPU-a481f1cc-7ac4-a6c3-b8a4-eed1d39e45aa, NVIDIA H100 80GB HBM3, 0 %, 1 MiB, 74.95 W, 26, 345 MHz
2026/09/15 02:11:36.055, 4, GPU-a60182ac-1fbd-0654-4298-7dfab8d789ca, NVIDIA H100 80GB HBM3, 0 %, 1 MiB, 72.22 W, 26, 345 MHz
2026/09/15 02:11:36.094, 5, GPU-11bb96fb-3b4c-98eb-f310-70437157969c, NVIDIA H100 80GB HBM3, 0 %, 1 MiB, 69.30 W, 26, 345 MHz
2026/09/15 02:11:36.097, 6, GPU-7d80084d-f83b-1a50-3007-35e8f2af67c2, NVIDIA H100 80GB HBM3, 0 %, 1 MiB, 70.97 W, 27, 345 MHz
2026/09/15 02:11:36.099, 7, GPU-69cdf81a-1c5b-4e7c-54e2-2dd45eb25e36, NVIDIA H100 80GB HBM3, 0 %, 1 MiB, 70.30 W, 26, 345 MHz
2026/09/15 02:11:37.101, 0, GPU-3d9bae9f-f6a5-a533-682a-2990f19ffa90, NVIDIA H100 80GB HBM3, 0 %, 1 MiB, 71.19 W, 37, 345 MHz
2026/09/15 02:11:37.103, 1, GPU-d67482aa-44bc-1a33-2545-de34f4bb6c82, NVIDIA H100 80GB HBM3, 0 %, 1 MiB, 70.72 W, 34, 345 MHz
2026/09/15 02:11:37.105, 2, GPU-6c47d827-68bc-9d8f-448e-55624a5f2f65, NVIDIA H100 80GB HBM3, 0 %, 1 MiB, 71.57 W, 26, 345 MHz
2026/09/15 02:11:37.112, 3, GPU-a481f1cc-7ac4-a6c3-b8a4-eed1d39e45aa, NVIDIA H100 80GB HBM3, 0 %, 1 MiB, 74.97 W, 26, 345 MHz
2026/09/15 02:11:37.115, 4, GPU-a60182ac-1fbd-0654-4298-7dfab8d789ca, NVIDIA H100 80GB HBM3, 0 %, 1 MiB, 72.35 W, 26, 345 MHz
2026/09/15 02:11:37.117, 5, GPU-11bb96fb-3b4c-98eb-f310-70437157969c, NVIDIA H100 80GB HBM3, 0 %, 1 MiB, 69.34 W, 26, 345 MHz
2026/09/15 02:11:37.119, 6, GPU-7d80084d-f83b-1a50-3007-35e8f2af67c2, NVIDIA H100 80GB HBM3, 0 %, 1 MiB, 70.93 W, 27, 345 MHz
2026/09/15 02:11:37.121, 7, GPU-69cdf81a-1c5b-4e7c-54e2-2dd45eb25e36, NVIDIA H100 80GB HBM3, 0 %, 1 MiB, 70.32 W, 26, 345 MHz
2026/09/15 02:11:38.123, 0, GPU-3d9bae9f-f6a5-a533-682a-2990f19ffa90, NVIDIA H100 80GB HBM3, 0 %, 1 MiB, 71.18 W, 37, 345 MHz
2026/09/15 02:11:38.128, 1, GPU-d67482aa-44bc-1a33-2545-de34f4bb6c82, NVIDIA H100 80GB HBM3, 0 %, 1 MiB, 70.73 W, 34, 345 MHz
2026/09/15 02:11:38.130, 2, GPU-6c47d827-68bc-9d8f-448e-55624a5f2f65, NVIDIA H100 80GB HBM3, 0 %, 1 MiB, 71.54 W, 26, 345 MHz
2026/09/15 02:11:38.134, 3, GPU-a481f1cc-7ac4-a6c3-b8a4-eed1d39e45aa, NVIDIA H100 80GB HBM3, 0 %, 1 MiB, 74.96 W, 26, 345 MHz
2026/09/15 02:11:38.139, 4, GPU-a60182ac-1fbd-0654-4298-7dfab8d789ca, NVIDIA H100 80GB HBM3, 0 %, 1 MiB, 72.28 W, 26, 345 MHz
2026/09/15 02:11:38.142, 5, GPU-11bb96fb-3b4c-98eb-f310-70437157969c, NVIDIA H100 80GB HBM3, 0 %, 1 MiB, 69.27 W, 26, 345 MHz
2026/09/15 02:11:38.146, 6, GPU-7d80084d-f83b-1a50-3007-35e8f2af67c2, NVIDIA H100 80GB HBM3, 0 %, 1 MiB, 70.89 W, 27, 345 MHz
2026/09/15 02:11:38.149, 7, GPU-69cdf81a-1c5b-4e7c-54e2-2dd45eb25e36, NVIDIA H100 80GB HBM3, 0 %, 1 MiB, 70.36 W, 26, 345 MHz
2026/09/15 02:11:39.151, 0, GPU-3d9bae9f-f6a5-a533-682a-2990f19ffa90, NVIDIA H100 80GB HBM3, 0 %, 1 MiB, 71.12 W, 37, 345 MHz
2026/09/15 02:11:39.155, 1, GPU-d67482aa-44bc-1a33-2545-de34f4bb6c82, NVIDIA H100 80GB HBM3, 0 %, 1 MiB, 70.72 W, 34, 345 MHz
2026/09/15 02:11:39.160, 2, GPU-6c47d827-68bc-9d8f-448e-55624a5f2f65, NVIDIA H100 80GB HBM3, 0 %, 1 MiB, 71.57 W, 26, 345 MHz
2026/09/15 02:11:39.163, 3, GPU-a481f1cc-7ac4-a6c3-b8a4-eed1d39e45aa, NVIDIA H100 80GB HBM3, 0 %, 1 MiB, 74.92 W, 26, 345 MHz
2026/09/15 02:11:39.167, 4, GPU-a60182ac-1fbd-0654-4298-7dfab8d789ca, NVIDIA H100 80GB HBM3, 0 %, 1 MiB, 72.35 W, 26, 345 MHz
2026/09/15 02:11:39.170, 5, GPU-11bb96fb-3b4c-98eb-f310-70437157969c, NVIDIA H100 80GB HBM3, 0 %, 1 MiB, 69.30 W, 26, 345 MHz
2026/09/15 02:11:39.172, 6, GPU-7d80084d-f83b-1a50-3007-35e8f2af67c2, NVIDIA H100 80GB HBM3, 0 %, 1 MiB, 70.96 W, 27, 345 MHz
2026/09/15 02:11:39.175, 7, GPU-69cdf81a-1c5b-4e7c-54e2-2dd45eb25e36, NVIDIA H100 80GB HBM3, 0 %, 1 MiB, 70.26 W, 26, 345 MHz
2026/09/15 02:11:40.178, 0, GPU-3d9bae9f-f6a5-a533-682a-2990f19ffa90, NVIDIA H100 80GB HBM3, 0 %, 1 MiB, 71.10 W, 37, 345 MHz
2026/09/15 02:11:40.188, 1, GPU-d67482aa-44bc-1a33-2545-de34f4bb6c82, NVIDIA H100 80GB HBM3, 0 %, 1 MiB, 70.70 W, 34, 345 MHz
2026/09/15 02:11:40.197, 2, GPU-6c47d827-68bc-9d8f-448e-55624a5f2f65, NVIDIA H100 80GB HBM3, 0 %, 1 MiB, 71.52 W, 26, 345 MHz
2026/09/15 02:11:40.211, 3, GPU-a481f1cc-7ac4-a6c3-b8a4-eed1d39e45aa, NVIDIA H100 80GB HBM3, 0 %, 1 MiB, 74.97 W, 26, 345 MHz
2026/09/15 02:11:40.214, 4, GPU-a60182ac-1fbd-0654-4298-7dfab8d789ca, NVIDIA H100 80GB HBM3, 0 %, 1 MiB, 72.40 W, 26, 345 MHz
2026/09/15 02:11:40.216, 5, GPU-11bb96fb-3b4c-98eb-f310-70437157969c, NVIDIA H100 80GB HBM3, 0 %, 1 MiB, 69.33 W, 26, 345 MHz
2026/09/15 02:11:40.218, 6, GPU-7d80084d-f83b-1a50-3007-35e8f2af67c2, NVIDIA H100 80GB HBM3, 0 %, 1 MiB, 70.92 W, 27, 345 MHz
2026/09/15 02:11:40.220, 7, GPU-69cdf81a-1c5b-4e7c-54e2-2dd45eb25e36, NVIDIA H100 80GB HBM3, 0 %, 1 MiB, 70.26 W, 26, 345 MHz
2026/09/15 02:11:41.226, 0, GPU-3d9bae9f-f6a5-a533-682a-2990f19ffa90, NVIDIA H100 80GB HBM3, 0 %, 1 MiB, 71.17 W, 37, 345 MHz
2026/09/15 02:11:41.228, 1, GPU-d67482aa-44bc-1a33-2545-de34f4bb6c82, NVIDIA H100 80GB HBM3, 0 %, 1 MiB, 70.71 W, 34, 345 MHz
2026/09/15 02:11:41.231, 2, GPU-6c47d827-68bc-9d8f-448e-55624a5f2f65, NVIDIA H100 80GB HBM3, 0 %, 1 MiB, 71.56 W, 26, 345 MHz
2026/09/15 02:11:41.233, 3, GPU-a481f1cc-7ac4-a6c3-b8a4-eed1d39e45aa, NVIDIA H100 80GB HBM3, 0 %, 1 MiB, 74.96 W, 26, 345 MHz
2026/09/15 02:11:41.239, 4, GPU-a60182ac-1fbd-0654-4298-7dfab8d789ca, NVIDIA H100 80GB HBM3, 0 %, 1 MiB, 72.28 W, 26, 345 MHz
2026/09/15 02:11:41.242, 5, GPU-11bb96fb-3b4c-98eb-f310-70437157969c, NVIDIA H100 80GB HBM3, 0 %, 1 MiB, 69.29 W, 26, 345 MHz
2026/09/15 02:11:41.245, 6, GPU-7d80084d-f83b-1a50-3007-35e8f2af67c2, NVIDIA H100 80GB HBM3, 0 %, 1 MiB, 70.88 W, 27, 345 MHz
2026/09/15 02:11:41.248, 7, GPU-69cdf81a-1c5b-4e7c-54e2-2dd45eb25e36, NVIDIA H100 80GB HBM3, 0 %, 1 MiB, 70.33 W, 26, 345 MHz
2026/09/15 02:11:42.251, 0, GPU-3d9bae9f-f6a5-a533-682a-2990f19ffa90, NVIDIA H100 80GB HBM3, 0 %, 1 MiB, 71.18 W, 37, 345 MHz
2026/09/15 02:11:42.255, 1, GPU-d67482aa-44bc-1a33-2545-de34f4bb6c82, NVIDIA H100 80GB HBM3, 0 %, 1 MiB, 70.69 W, 34, 345 MHz
2026/09/15 02:11:42.260, 2, GPU-6c47d827-68bc-9d8f-448e-55624a5f2f65, NVIDIA H100 80GB HBM3, 0 %, 1 MiB, 71.56 W, 26, 345 MHz
2026/09/15 02:11:42.263, 3, GPU-a481f1cc-7ac4-a6c3-b8a4-eed1d39e45aa, NVIDIA H100 80GB HBM3, 0 %, 1 MiB, 74.98 W, 26, 345 MHz
2026/09/15 02:11:42.266, 4, GPU-a60182ac-1fbd-0654-4298-7dfab8d789ca, NVIDIA H100 80GB HBM3, 0 %, 1 MiB, 72.38 W, 26, 345 MHz
2026/09/15 02:11:42.270, 5, GPU-11bb96fb-3b4c-98eb-f310-70437157969c, NVIDIA H100 80GB HBM3, 0 %, 1 MiB, 69.29 W, 26, 345 MHz
2026/09/15 02:11:42.271, 6, GPU-7d80084d-f83b-1a50-3007-35e8f2af67c2, NVIDIA H100 80GB HBM3, 0 %, 1 MiB, 70.94 W, 27, 345 MHz
2026/09/15 02:11:42.275, 7, GPU-69cdf81a-1c5b-4e7c-54e2-2dd45eb25e36, NVIDIA H100 80GB HBM3, 0 %, 1 MiB, 70.28 W, 26, 345 MHz
2026/09/15 02:11:43.278, 0, GPU-3d9bae9f-f6a5-a533-682a-2990f19ffa90, NVIDIA H100 80GB HBM3, 0 %, 1 MiB, 71.16 W, 37, 345 MHz
2026/09/15 02:11:43.302, 1, GPU-d67482aa-44bc-1a33-2545-de34f4bb6c82, NVIDIA H100 80GB HBM3, 0 %, 1 MiB, 70.72 W, 34, 345 MHz
2026/09/15 02:11:43.351, 2, GPU-6c47d827-68bc-9d8f-448e-55624a5f2f65, NVIDIA H100 80GB HBM3, 0 %, 1 MiB, 71.54 W, 26, 345 MHz
2026/09/15 02:11:43.411, 3, GPU-a481f1cc-7ac4-a6c3-b8a4-eed1d39e45aa, NVIDIA H100 80GB HBM3, 0 %, 1 MiB, 74.97 W, 26, 345 MHz
2026/09/15 02:11:43.413, 4, GPU-a60182ac-1fbd-0654-4298-7dfab8d789ca, NVIDIA H100 80GB HBM3, 0 %, 1 MiB, 72.20 W, 26, 345 MHz
2026/09/15 02:11:43.415, 5, GPU-11bb96fb-3b4c-98eb-f310-70437157969c, NVIDIA H100 80GB HBM3, 0 %, 1 MiB, 69.32 W, 26, 345 MHz
2026/09/15 02:11:43.418, 6, GPU-7d80084d-f83b-1a50-3007-35e8f2af67c2, NVIDIA H100 80GB HBM3, 0 %, 1 MiB, 70.94 W, 27, 345 MHz
2026/09/15 02:11:43.420, 7, GPU-69cdf81a-1c5b-4e7c-54e2-2dd45eb25e36, NVIDIA H100 80GB HBM3, 0 %, 1 MiB, 70.36 W, 26, 345 MHz
2026/09/15 02:11:44.424, 0, GPU-3d9bae9f-f6a5-a533-682a-2990f19ffa90, NVIDIA H100 80GB HBM3, 0 %, 1 MiB, 71.19 W, 37, 345 MHz
2026/09/15 02:11:44.427, 1, GPU-d67482aa-44bc-1a33-2545-de34f4bb6c82, NVIDIA H100 80GB HBM3, 0 %, 1 MiB, 70.71 W, 34, 345 MHz
2026/09/15 02:11:44.430, 2, GPU-6c47d827-68bc-9d8f-448e-55624a5f2f65, NVIDIA H100 80GB HBM3, 0 %, 1 MiB, 71.56 W, 26, 345 MHz
2026/09/15 02:11:44.433, 3, GPU-a481f1cc-7ac4-a6c3-b8a4-eed1d39e45aa, NVIDIA H100 80GB HBM3, 0 %, 1 MiB, 74.99 W, 26, 345 MHz
2026/09/15 02:11:44.440, 4, GPU-a60182ac-1fbd-0654-4298-7dfab8d789ca, NVIDIA H100 80GB HBM3, 0 %, 1 MiB, 72.34 W, 26, 345 MHz
2026/09/15 02:11:44.442, 5, GPU-11bb96fb-3b4c-98eb-f310-70437157969c, NVIDIA H100 80GB HBM3, 0 %, 1 MiB, 69.33 W, 26, 345 MHz
2026/09/15 02:11:44.445, 6, GPU-7d80084d-f83b-1a50-3007-35e8f2af67c2, NVIDIA H100 80GB HBM3, 0 %, 1 MiB, 70.92 W, 27, 345 MHz
2026/09/15 02:11:44.448, 7, GPU-69cdf81a-1c5b-4e7c-54e2-2dd45eb25e36, NVIDIA H100 80GB HBM3, 0 %, 1 MiB, 70.30 W, 26, 345 MHz
2026/09/15 02:11:45.451, 0, GPU-3d9bae9f-f6a5-a533-682a-2990f19ffa90, NVIDIA H100 80GB HBM3, 0 %, 4 MiB, 71.17 W, 37, 345 MHz
2026/09/15 02:11:45.454, 1, GPU-d67482aa-44bc-1a33-2545-de34f4bb6c82, NVIDIA H100 80GB HBM3, 0 %, 1 MiB, 70.66 W, 34, 345 MHz
2026/09/15 02:11:45.460, 2, GPU-6c47d827-68bc-9d8f-448e-55624a5f2f65, NVIDIA H100 80GB HBM3, 0 %, 1 MiB, 71.52 W, 26, 345 MHz
2026/09/15 02:11:45.463, 3, GPU-a481f1cc-7ac4-a6c3-b8a4-eed1d39e45aa, NVIDIA H100 80GB HBM3, 0 %, 1 MiB, 74.92 W, 26, 345 MHz
2026/09/15 02:11:45.466, 4, GPU-a60182ac-1fbd-0654-4298-7dfab8d789ca, NVIDIA H100 80GB HBM3, 0 %, 1 MiB, 72.22 W, 26, 345 MHz
2026/09/15 02:11:45.470, 5, GPU-11bb96fb-3b4c-98eb-f310-70437157969c, NVIDIA H100 80GB HBM3, 0 %, 1 MiB, 69.32 W, 26, 345 MHz
2026/09/15 02:11:45.472, 6, GPU-7d80084d-f83b-1a50-3007-35e8f2af67c2, NVIDIA H100 80GB HBM3, 0 %, 1 MiB, 70.90 W, 27, 345 MHz
2026/09/15 02:11:45.475, 7, GPU-69cdf81a-1c5b-4e7c-54e2-2dd45eb25e36, NVIDIA H100 80GB HBM3, 0 %, 1 MiB, 70.25 W, 26, 345 MHz
2026/09/15 02:11:46.478, 0, GPU-3d9bae9f-f6a5-a533-682a-2990f19ffa90, NVIDIA H100 80GB HBM3, 0 %, 4 MiB, 71.17 W, 37, 345 MHz
2026/09/15 02:11:46.480, 1, GPU-d67482aa-44bc-1a33-2545-de34f4bb6c82, NVIDIA H100 80GB HBM3, 0 %, 1 MiB, 70.71 W, 34, 345 MHz
2026/09/15 02:11:46.483, 2, GPU-6c47d827-68bc-9d8f-448e-55624a5f2f65, NVIDIA H100 80GB HBM3, 0 %, 1 MiB, 71.56 W, 26, 345 MHz
2026/09/15 02:11:46.485, 3, GPU-a481f1cc-7ac4-a6c3-b8a4-eed1d39e45aa, NVIDIA H100 80GB HBM3, 0 %, 1 MiB, 75.01 W, 26, 345 MHz
2026/09/15 02:11:46.488, 4, GPU-a60182ac-1fbd-0654-4298-7dfab8d789ca, NVIDIA H100 80GB HBM3, 0 %, 1 MiB, 72.27 W, 26, 345 MHz
2026/09/15 02:11:46.490, 5, GPU-11bb96fb-3b4c-98eb-f310-70437157969c, NVIDIA H100 80GB HBM3, 0 %, 1 MiB, 69.31 W, 26, 345 MHz
2026/09/15 02:11:46.492, 6, GPU-7d80084d-f83b-1a50-3007-35e8f2af67c2, NVIDIA H100 80GB HBM3, 0 %, 1 MiB, 70.89 W, 27, 345 MHz
2026/09/15 02:11:46.495, 7, GPU-69cdf81a-1c5b-4e7c-54e2-2dd45eb25e36, NVIDIA H100 80GB HBM3, 0 %, 1 MiB, 70.31 W, 26, 345 MHz
2026/09/15 02:11:47.498, 0, GPU-3d9bae9f-f6a5-a533-682a-2990f19ffa90, NVIDIA H100 80GB HBM3, 0 %, 4 MiB, 71.15 W, 37, 345 MHz
2026/09/15 02:11:47.500, 1, GPU-d67482aa-44bc-1a33-2545-de34f4bb6c82, NVIDIA H100 80GB HBM3, 0 %, 1 MiB, 70.68 W, 34, 345 MHz
2026/09/15 02:11:47.502, 2, GPU-6c47d827-68bc-9d8f-448e-55624a5f2f65, NVIDIA H100 80GB HBM3, 0 %, 1 MiB, 71.53 W, 26, 345 MHz
2026/09/15 02:11:47.512, 3, GPU-a481f1cc-7ac4-a6c3-b8a4-eed1d39e45aa, NVIDIA H100 80GB HBM3, 0 %, 1 MiB, 74.99 W, 26, 345 MHz
2026/09/15 02:11:47.514, 4, GPU-a60182ac-1fbd-0654-4298-7dfab8d789ca, NVIDIA H100 80GB HBM3, 0 %, 1 MiB, 72.31 W, 26, 345 MHz
2026/09/15 02:11:47.516, 5, GPU-11bb96fb-3b4c-98eb-f310-70437157969c, NVIDIA H100 80GB HBM3, 0 %, 1 MiB, 69.31 W, 26, 345 MHz
2026/09/15 02:11:47.518, 6, GPU-7d80084d-f83b-1a50-3007-35e8f2af67c2, NVIDIA H100 80GB HBM3, 0 %, 1 MiB, 70.90 W, 27, 345 MHz
2026/09/15 02:11:47.520, 7, GPU-69cdf81a-1c5b-4e7c-54e2-2dd45eb25e36, NVIDIA H100 80GB HBM3, 0 %, 1 MiB, 70.31 W, 26, 345 MHz
2026/09/15 02:11:48.524, 0, GPU-3d9bae9f-f6a5-a533-682a-2990f19ffa90, NVIDIA H100 80GB HBM3, 0 %, 4 MiB, 71.15 W, 37, 345 MHz
2026/09/15 02:11:48.528, 1, GPU-d67482aa-44bc-1a33-2545-de34f4bb6c82, NVIDIA H100 80GB HBM3, 0 %, 1 MiB, 70.67 W, 34, 345 MHz
2026/09/15 02:11:48.531, 2, GPU-6c47d827-68bc-9d8f-448e-55624a5f2f65, NVIDIA H100 80GB HBM3, 0 %, 1 MiB, 71.54 W, 26, 345 MHz
2026/09/15 02:11:48.533, 3, GPU-a481f1cc-7ac4-a6c3-b8a4-eed1d39e45aa, NVIDIA H100 80GB HBM3, 0 %, 1 MiB, 74.94 W, 26, 345 MHz
2026/09/15 02:11:48.540, 4, GPU-a60182ac-1fbd-0654-4298-7dfab8d789ca, NVIDIA H100 80GB HBM3, 0 %, 1 MiB, 72.18 W, 26, 345 MHz
2026/09/15 02:11:48.542, 5, GPU-11bb96fb-3b4c-98eb-f310-70437157969c, NVIDIA H100 80GB HBM3, 0 %, 1 MiB, 69.34 W, 26, 345 MHz
2026/09/15 02:11:48.546, 6, GPU-7d80084d-f83b-1a50-3007-35e8f2af67c2, NVIDIA H100 80GB HBM3, 0 %, 1 MiB, 70.86 W, 27, 345 MHz
2026/09/15 02:11:48.548, 7, GPU-69cdf81a-1c5b-4e7c-54e2-2dd45eb25e36, NVIDIA H100 80GB HBM3, 0 %, 1 MiB, 70.33 W, 26, 345 MHz
2026/09/15 02:11:49.551, 0, GPU-3d9bae9f-f6a5-a533-682a-2990f19ffa90, NVIDIA H100 80GB HBM3, 0 %, 4 MiB, 71.19 W, 37, 345 MHz
2026/09/15 02:11:49.555, 1, GPU-d67482aa-44bc-1a33-2545-de34f4bb6c82, NVIDIA H100 80GB HBM3, 0 %, 1 MiB, 70.71 W, 34, 345 MHz
2026/09/15 02:11:49.560, 2, GPU-6c47d827-68bc-9d8f-448e-55624a5f2f65, NVIDIA H100 80GB HBM3, 0 %, 1 MiB, 71.52 W, 26, 345 MHz
2026/09/15 02:11:49.563, 3, GPU-a481f1cc-7ac4-a6c3-b8a4-eed1d39e45aa, NVIDIA H100 80GB HBM3, 0 %, 1 MiB, 74.99 W, 26, 345 MHz
2026/09/15 02:11:49.566, 4, GPU-a60182ac-1fbd-0654-4298-7dfab8d789ca, NVIDIA H100 80GB HBM3, 0 %, 1 MiB, 72.35 W, 26, 345 MHz
2026/09/15 02:11:49.570, 5, GPU-11bb96fb-3b4c-98eb-f310-70437157969c, NVIDIA H100 80GB HBM3, 0 %, 1 MiB, 69.33 W, 26, 345 MHz
2026/09/15 02:11:49.572, 6, GPU-7d80084d-f83b-1a50-3007-35e8f2af67c2, NVIDIA H100 80GB HBM3, 0 %, 1 MiB, 70.88 W, 27, 345 MHz
2026/09/15 02:11:49.574, 7, GPU-69cdf81a-1c5b-4e7c-54e2-2dd45eb25e36, NVIDIA H100 80GB HBM3, 0 %, 1 MiB, 70.28 W, 26, 345 MHz
2026/09/15 02:11:50.578, 0, GPU-3d9bae9f-f6a5-a533-682a-2990f19ffa90, NVIDIA H100 80GB HBM3, 0 %, 4 MiB, 71.16 W, 37, 345 MHz
2026/09/15 02:11:50.580, 1, GPU-d67482aa-44bc-1a33-2545-de34f4bb6c82, NVIDIA H100 80GB HBM3, 0 %, 1 MiB, 70.68 W, 34, 345 MHz
2026/09/15 02:11:50.582, 2, GPU-6c47d827-68bc-9d8f-448e-55624a5f2f65, NVIDIA H100 80GB HBM3, 0 %, 1 MiB, 71.54 W, 26, 345 MHz
2026/09/15 02:11:50.584, 3, GPU-a481f1cc-7ac4-a6c3-b8a4-eed1d39e45aa, NVIDIA H100 80GB HBM3, 0 %, 1 MiB, 74.98 W, 26, 345 MHz
2026/09/15 02:11:50.587, 4, GPU-a60182ac-1fbd-0654-4298-7dfab8d789ca, NVIDIA H100 80GB HBM3, 0 %, 1 MiB, 72.26 W, 26, 345 MHz
2026/09/15 02:11:50.589, 5, GPU-11bb96fb-3b4c-98eb-f310-70437157969c, NVIDIA H100 80GB HBM3, 0 %, 1 MiB, 69.33 W, 26, 345 MHz
2026/09/15 02:11:50.592, 6, GPU-7d80084d-f83b-1a50-3007-35e8f2af67c2, NVIDIA H100 80GB HBM3, 0 %, 1 MiB, 70.90 W, 27, 345 MHz
2026/09/15 02:11:50.594, 7, GPU-69cdf81a-1c5b-4e7c-54e2-2dd45eb25e36, NVIDIA H100 80GB HBM3, 0 %, 1 MiB, 70.31 W, 26, 345 MHz
2026/09/15 02:11:51.597, 0, GPU-3d9bae9f-f6a5-a533-682a-2990f19ffa90, NVIDIA H100 80GB HBM3, 0 %, 4 MiB, 71.13 W, 37, 345 MHz
2026/09/15 02:11:51.599, 1, GPU-d67482aa-44bc-1a33-2545-de34f4bb6c82, NVIDIA H100 80GB HBM3, 0 %, 1 MiB, 70.70 W, 34, 345 MHz
2026/09/15 02:11:51.600, 2, GPU-6c47d827-68bc-9d8f-448e-55624a5f2f65, NVIDIA H100 80GB HBM3, 0 %, 1 MiB, 71.54 W, 26, 345 MHz
2026/09/15 02:11:51.611, 3, GPU-a481f1cc-7ac4-a6c3-b8a4-eed1d39e45aa, NVIDIA H100 80GB HBM3, 0 %, 1 MiB, 74.99 W, 26, 345 MHz
2026/09/15 02:11:51.613, 4, GPU-a60182ac-1fbd-0654-4298-7dfab8d789ca, NVIDIA H100 80GB HBM3, 0 %, 1 MiB, 72.41 W, 26, 345 MHz
2026/09/15 02:11:51.615, 5, GPU-11bb96fb-3b4c-98eb-f310-70437157969c, NVIDIA H100 80GB HBM3, 0 %, 1 MiB, 69.34 W, 26, 345 MHz
2026/09/15 02:11:51.617, 6, GPU-7d80084d-f83b-1a50-3007-35e8f2af67c2, NVIDIA H100 80GB HBM3, 0 %, 1 MiB, 70.86 W, 27, 345 MHz
2026/09/15 02:11:51.619, 7, GPU-69cdf81a-1c5b-4e7c-54e2-2dd45eb25e36, NVIDIA H100 80GB HBM3, 0 %, 1 MiB, 70.31 W, 26, 345 MHz
2026/09/15 02:11:52.622, 0, GPU-3d9bae9f-f6a5-a533-682a-2990f19ffa90, NVIDIA H100 80GB HBM3, 0 %, 4 MiB, 71.19 W, 37, 345 MHz
2026/09/15 02:11:52.627, 1, GPU-d67482aa-44bc-1a33-2545-de34f4bb6c82, NVIDIA H100 80GB HBM3, 0 %, 1 MiB, 70.73 W, 34, 345 MHz
2026/09/15 02:11:52.629, 2, GPU-6c47d827-68bc-9d8f-448e-55624a5f2f65, NVIDIA H100 80GB HBM3, 0 %, 1 MiB, 71.52 W, 26, 345 MHz
2026/09/15 02:11:52.632, 3, GPU-a481f1cc-7ac4-a6c3-b8a4-eed1d39e45aa, NVIDIA H100 80GB HBM3, 0 %, 1 MiB, 74.99 W, 26, 345 MHz
2026/09/15 02:11:52.638, 4, GPU-a60182ac-1fbd-0654-4298-7dfab8d789ca, NVIDIA H100 80GB HBM3, 0 %, 1 MiB, 72.27 W, 26, 345 MHz
2026/09/15 02:11:52.641, 5, GPU-11bb96fb-3b4c-98eb-f310-70437157969c, NVIDIA H100 80GB HBM3, 0 %, 1 MiB, 69.32 W, 26, 345 MHz
2026/09/15 02:11:52.643, 6, GPU-7d80084d-f83b-1a50-3007-35e8f2af67c2, NVIDIA H100 80GB HBM3, 0 %, 1 MiB, 70.89 W, 27, 345 MHz
2026/09/15 02:11:52.647, 7, GPU-69cdf81a-1c5b-4e7c-54e2-2dd45eb25e36, NVIDIA H100 80GB HBM3, 0 %, 1 MiB, 70.29 W, 26, 345 MHz
2026/09/15 02:11:53.649, 0, GPU-3d9bae9f-f6a5-a533-682a-2990f19ffa90, NVIDIA H100 80GB HBM3, 0 %, 4 MiB, 71.17 W, 37, 345 MHz
2026/09/15 02:11:53.652, 1, GPU-d67482aa-44bc-1a33-2545-de34f4bb6c82, NVIDIA H100 80GB HBM3, 0 %, 1 MiB, 70.72 W, 34, 345 MHz
2026/09/15 02:11:53.659, 2, GPU-6c47d827-68bc-9d8f-448e-55624a5f2f65, NVIDIA H100 80GB HBM3, 0 %, 1 MiB, 71.48 W, 26, 345 MHz
2026/09/15 02:11:53.661, 3, GPU-a481f1cc-7ac4-a6c3-b8a4-eed1d39e45aa, NVIDIA H100 80GB HBM3, 0 %, 1 MiB, 74.98 W, 26, 345 MHz
2026/09/15 02:11:53.664, 4, GPU-a60182ac-1fbd-0654-4298-7dfab8d789ca, NVIDIA H100 80GB HBM3, 0 %, 1 MiB, 72.47 W, 26, 345 MHz
2026/09/15 02:11:53.672, 5, GPU-11bb96fb-3b4c-98eb-f310-70437157969c, NVIDIA H100 80GB HBM3, 0 %, 1 MiB, 69.35 W, 26, 345 MHz
2026/09/15 02:11:53.675, 6, GPU-7d80084d-f83b-1a50-3007-35e8f2af67c2, NVIDIA H100 80GB HBM3, 0 %, 1 MiB, 70.88 W, 27, 345 MHz
2026/09/15 02:11:53.677, 7, GPU-69cdf81a-1c5b-4e7c-54e2-2dd45eb25e36, NVIDIA H100 80GB HBM3, 0 %, 1 MiB, 70.32 W, 26, 345 MHz
2026/09/15 02:11:54.680, 0, GPU-3d9bae9f-f6a5-a533-682a-2990f19ffa90, NVIDIA H100 80GB HBM3, 0 %, 4 MiB, 71.15 W, 37, 345 MHz
2026/09/15 02:11:54.689, 1, GPU-d67482aa-44bc-1a33-2545-de34f4bb6c82, NVIDIA H100 80GB HBM3, 0 %, 1 MiB, 70.67 W, 34, 345 MHz
2026/09/15 02:11:54.714, 2, GPU-6c47d827-68bc-9d8f-448e-55624a5f2f65, NVIDIA H100 80GB HBM3, 0 %, 1 MiB, 71.56 W, 26, 345 MHz
2026/09/15 02:11:54.742, 3, GPU-a481f1cc-7ac4-a6c3-b8a4-eed1d39e45aa, NVIDIA H100 80GB HBM3, 0 %, 1 MiB, 74.96 W, 26, 345 MHz
2026/09/15 02:11:54.769, 4, GPU-a60182ac-1fbd-0654-4298-7dfab8d789ca, NVIDIA H100 80GB HBM3, 0 %, 1 MiB, 72.33 W, 26, 345 MHz
2026/09/15 02:11:54.795, 5, GPU-11bb96fb-3b4c-98eb-f310-70437157969c, NVIDIA H100 80GB HBM3, 0 %, 1 MiB, 69.35 W, 26, 345 MHz
2026/09/15 02:11:54.822, 6, GPU-7d80084d-f83b-1a50-3007-35e8f2af67c2, NVIDIA H100 80GB HBM3, 0 %, 1 MiB, 70.91 W, 27, 345 MHz
2026/09/15 02:11:54.826, 7, GPU-69cdf81a-1c5b-4e7c-54e2-2dd45eb25e36, NVIDIA H100 80GB HBM3, 0 %, 1 MiB, 70.33 W, 26, 345 MHz
2026/09/15 02:11:55.829, 0, GPU-3d9bae9f-f6a5-a533-682a-2990f19ffa90, NVIDIA H100 80GB HBM3, 0 %, 4 MiB, 71.21 W, 37, 345 MHz
2026/09/15 02:11:55.832, 1, GPU-d67482aa-44bc-1a33-2545-de34f4bb6c82, NVIDIA H100 80GB HBM3, 0 %, 1 MiB, 70.72 W, 34, 345 MHz
2026/09/15 02:11:55.834, 2, GPU-6c47d827-68bc-9d8f-448e-55624a5f2f65, NVIDIA H100 80GB HBM3, 0 %, 1 MiB, 71.52 W, 26, 345 MHz
2026/09/15 02:11:55.836, 3, GPU-a481f1cc-7ac4-a6c3-b8a4-eed1d39e45aa, NVIDIA H100 80GB HBM3, 0 %, 1 MiB, 74.97 W, 26, 345 MHz
2026/09/15 02:11:55.840, 4, GPU-a60182ac-1fbd-0654-4298-7dfab8d789ca, NVIDIA H100 80GB HBM3, 0 %, 1 MiB, 72.26 W, 26, 345 MHz
2026/09/15 02:11:55.842, 5, GPU-11bb96fb-3b4c-98eb-f310-70437157969c, NVIDIA H100 80GB HBM3, 0 %, 1 MiB, 69.32 W, 26, 345 MHz
2026/09/15 02:11:55.844, 6, GPU-7d80084d-f83b-1a50-3007-35e8f2af67c2, NVIDIA H100 80GB HBM3, 0 %, 1 MiB, 70.86 W, 27, 345 MHz
2026/09/15 02:11:55.847, 7, GPU-69cdf81a-1c5b-4e7c-54e2-2dd45eb25e36, NVIDIA H100 80GB HBM3, 0 %, 1 MiB, 70.27 W, 26, 345 MHz
2026/09/15 02:11:56.850, 0, GPU-3d9bae9f-f6a5-a533-682a-2990f19ffa90, NVIDIA H100 80GB HBM3, 0 %, 4 MiB, 71.16 W, 37, 345 MHz
2026/09/15 02:11:56.852, 1, GPU-d67482aa-44bc-1a33-2545-de34f4bb6c82, NVIDIA H100 80GB HBM3, 0 %, 1 MiB, 70.68 W, 34, 345 MHz
2026/09/15 02:11:56.859, 2, GPU-6c47d827-68bc-9d8f-448e-55624a5f2f65, NVIDIA H100 80GB HBM3, 0 %, 1 MiB, 71.51 W, 26, 345 MHz
2026/09/15 02:11:56.862, 3, GPU-a481f1cc-7ac4-a6c3-b8a4-eed1d39e45aa, NVIDIA H100 80GB HBM3, 0 %, 1 MiB, 74.99 W, 26, 345 MHz
2026/09/15 02:11:56.864, 4, GPU-a60182ac-1fbd-0654-4298-7dfab8d789ca, NVIDIA H100 80GB HBM3, 0 %, 1 MiB, 72.42 W, 26, 345 MHz
2026/09/15 02:11:56.869, 5, GPU-11bb96fb-3b4c-98eb-f310-70437157969c, NVIDIA H100 80GB HBM3, 0 %, 1 MiB, 69.33 W, 26, 345 MHz
2026/09/15 02:11:56.872, 6, GPU-7d80084d-f83b-1a50-3007-35e8f2af67c2, NVIDIA H100 80GB HBM3, 0 %, 1 MiB, 70.91 W, 27, 345 MHz
2026/09/15 02:11:56.874, 7, GPU-69cdf81a-1c5b-4e7c-54e2-2dd45eb25e36, NVIDIA H100 80GB HBM3, 0 %, 1 MiB, 70.32 W, 26, 345 MHz
2026/09/15 02:11:57.876, 0, GPU-3d9bae9f-f6a5-a533-682a-2990f19ffa90, NVIDIA H100 80GB HBM3, 0 %, 4 MiB, 71.17 W, 37, 345 MHz
2026/09/15 02:11:57.878, 1, GPU-d67482aa-44bc-1a33-2545-de34f4bb6c82, NVIDIA H100 80GB HBM3, 0 %, 1 MiB, 70.71 W, 34, 345 MHz
2026/09/15 02:11:57.880, 2, GPU-6c47d827-68bc-9d8f-448e-55624a5f2f65, NVIDIA H100 80GB HBM3, 0 %, 1 MiB, 71.52 W, 26, 345 MHz
2026/09/15 02:11:57.883, 3, GPU-a481f1cc-7ac4-a6c3-b8a4-eed1d39e45aa, NVIDIA H100 80GB HBM3, 0 %, 1 MiB, 74.97 W, 26, 345 MHz
2026/09/15 02:11:57.885, 4, GPU-a60182ac-1fbd-0654-4298-7dfab8d789ca, NVIDIA H100 80GB HBM3, 0 %, 1 MiB, 72.23 W, 26, 345 MHz
2026/09/15 02:11:57.888, 5, GPU-11bb96fb-3b4c-98eb-f310-70437157969c, NVIDIA H100 80GB HBM3, 0 %, 1 MiB, 69.32 W, 26, 345 MHz
2026/09/15 02:11:57.890, 6, GPU-7d80084d-f83b-1a50-3007-35e8f2af67c2, NVIDIA H100 80GB HBM3, 0 %, 1 MiB, 70.90 W, 27, 345 MHz
2026/09/15 02:11:57.893, 7, GPU-69cdf81a-1c5b-4e7c-54e2-2dd45eb25e36, NVIDIA H100 80GB HBM3, 0 %, 1 MiB, 70.33 W, 26, 345 MHz
2026/09/15 02:11:58.896, 0, GPU-3d9bae9f-f6a5-a533-682a-2990f19ffa90, NVIDIA H100 80GB HBM3, 0 %, 4 MiB, 71.15 W, 37, 345 MHz
2026/09/15 02:11:58.914, 1, GPU-d67482aa-44bc-1a33-2545-de34f4bb6c82, NVIDIA H100 80GB HBM3, 0 %, 1 MiB, 70.72 W, 34, 345 MHz
2026/09/15 02:11:58.924, 2, GPU-6c47d827-68bc-9d8f-448e-55624a5f2f65, NVIDIA H100 80GB HBM3, 0 %, 1 MiB, 71.54 W, 26, 345 MHz
2026/09/15 02:11:58.926, 3, GPU-a481f1cc-7ac4-a6c3-b8a4-eed1d39e45aa, NVIDIA H100 80GB HBM3, 0 %, 1 MiB, 74.91 W, 26, 345 MHz
2026/09/15 02:11:58.929, 4, GPU-a60182ac-1fbd-0654-4298-7dfab8d789ca, NVIDIA H100 80GB HBM3, 0 %, 1 MiB, 72.50 W, 26, 345 MHz
2026/09/15 02:11:58.941, 5, GPU-11bb96fb-3b4c-98eb-f310-70437157969c, NVIDIA H100 80GB HBM3, 0 %, 1 MiB, 69.33 W, 26, 345 MHz
2026/09/15 02:11:58.944, 6, GPU-7d80084d-f83b-1a50-3007-35e8f2af67c2, NVIDIA H100 80GB HBM3, 0 %, 1 MiB, 70.83 W, 27, 345 MHz
2026/09/15 02:11:58.947, 7, GPU-69cdf81a-1c5b-4e7c-54e2-2dd45eb25e36, NVIDIA H100 80GB HBM3, 0 %, 1 MiB, 70.30 W, 26, 345 MHz
2026/09/15 02:11:59.950, 0, GPU-3d9bae9f-f6a5-a533-682a-2990f19ffa90, NVIDIA H100 80GB HBM3, 0 %, 4 MiB, 71.18 W, 37, 345 MHz
2026/09/15 02:11:59.952, 1, GPU-d67482aa-44bc-1a33-2545-de34f4bb6c82, NVIDIA H100 80GB HBM3, 0 %, 1 MiB, 70.74 W, 34, 345 MHz
2026/09/15 02:11:59.959, 2, GPU-6c47d827-68bc-9d8f-448e-55624a5f2f65, NVIDIA H100 80GB HBM3, 0 %, 1 MiB, 71.52 W, 26, 345 MHz
2026/09/15 02:11:59.962, 3, GPU-a481f1cc-7ac4-a6c3-b8a4-eed1d39e45aa, NVIDIA H100 80GB HBM3, 0 %, 1 MiB, 75.02 W, 26, 345 MHz
2026/09/15 02:11:59.967, 4, GPU-a60182ac-1fbd-0654-4298-7dfab8d789ca, NVIDIA H100 80GB HBM3, 0 %, 1 MiB, 72.22 W, 26, 345 MHz
2026/09/15 02:11:59.970, 5, GPU-11bb96fb-3b4c-98eb-f310-70437157969c, NVIDIA H100 80GB HBM3, 0 %, 1 MiB, 69.31 W, 26, 345 MHz
2026/09/15 02:11:59.972, 6, GPU-7d80084d-f83b-1a50-3007-35e8f2af67c2, NVIDIA H100 80GB HBM3, 0 %, 1 MiB, 70.89 W, 27, 345 MHz
2026/09/15 02:11:59.974, 7, GPU-69cdf81a-1c5b-4e7c-54e2-2dd45eb25e36, NVIDIA H100 80GB HBM3, 0 %, 1 MiB, 70.28 W, 26, 345 MHz
2026/09/15 02:12:00.977, 0, GPU-3d9bae9f-f6a5-a533-682a-2990f19ffa90, NVIDIA H100 80GB HBM3, 0 %, 4 MiB, 71.17 W, 37, 345 MHz
2026/09/15 02:12:00.979, 1, GPU-d67482aa-44bc-1a33-2545-de34f4bb6c82, NVIDIA H100 80GB HBM3, 0 %, 1 MiB, 70.69 W, 34, 345 MHz
2026/09/15 02:12:00.981, 2, GPU-6c47d827-68bc-9d8f-448e-55624a5f2f65, NVIDIA H100 80GB HBM3, 0 %, 1 MiB, 71.53 W, 26, 345 MHz
2026/09/15 02:12:00.984, 3, GPU-a481f1cc-7ac4-a6c3-b8a4-eed1d39e45aa, NVIDIA H100 80GB HBM3, 0 %, 1 MiB, 74.91 W, 26, 345 MHz
2026/09/15 02:12:00.987, 4, GPU-a60182ac-1fbd-0654-4298-7dfab8d789ca, NVIDIA H100 80GB HBM3, 0 %, 1 MiB, 72.43 W, 26, 345 MHz
2026/09/15 02:12:00.989, 5, GPU-11bb96fb-3b4c-98eb-f310-70437157969c, NVIDIA H100 80GB HBM3, 0 %, 1 MiB, 69.31 W, 26, 345 MHz
2026/09/15 02:12:00.991, 6, GPU-7d80084d-f83b-1a50-3007-35e8f2af67c2, NVIDIA H100 80GB HBM3, 0 %, 1 MiB, 70.92 W, 27, 345 MHz
2026/09/15 02:12:00.994, 7, GPU-69cdf81a-1c5b-4e7c-54e2-2dd45eb25e36, NVIDIA H100 80GB HBM3, 0 %, 1 MiB, 70.31 W, 26, 345 MHz
2026/09/15 02:12:01.997, 0, GPU-3d9bae9f-f6a5-a533-682a-2990f19ffa90, NVIDIA H100 80GB HBM3, 0 %, 4 MiB, 71.13 W, 37, 345 MHz
2026/09/15 02:12:02.052, 1, GPU-d67482aa-44bc-1a33-2545-de34f4bb6c82, NVIDIA H100 80GB HBM3, 0 %, 1 MiB, 70.66 W, 34, 345 MHz
2026/09/15 02:12:02.083, 2, GPU-6c47d827-68bc-9d8f-448e-55624a5f2f65, NVIDIA H100 80GB HBM3, 0 %, 1 MiB, 71.53 W, 26, 345 MHz
2026/09/15 02:12:02.085, 3, GPU-a481f1cc-7ac4-a6c3-b8a4-eed1d39e45aa, NVIDIA H100 80GB HBM3, 0 %, 1 MiB, 74.88 W, 26, 345 MHz
2026/09/15 02:12:02.088, 4, GPU-a60182ac-1fbd-0654-4298-7dfab8d789ca, NVIDIA H100 80GB HBM3, 0 %, 1 MiB, 72.36 W, 26, 345 MHz
2026/09/15 02:12:02.090, 5, GPU-11bb96fb-3b4c-98eb-f310-70437157969c, NVIDIA H100 80GB HBM3, 0 %, 1 MiB, 69.33 W, 26, 345 MHz
2026/09/15 02:12:02.093, 6, GPU-7d80084d-f83b-1a50-3007-35e8f2af67c2, NVIDIA H100 80GB HBM3, 0 %, 1 MiB, 70.91 W, 27, 345 MHz
2026/09/15 02:12:02.095, 7, GPU-69cdf81a-1c5b-4e7c-54e2-2dd45eb25e36, NVIDIA H100 80GB HBM3, 0 %, 1 MiB, 70.31 W, 26, 345 MHz
2026/09/15 02:12:03.098, 0, GPU-3d9bae9f-f6a5-a533-682a-2990f19ffa90, NVIDIA H100 80GB HBM3, 0 %, 4 MiB, 71.16 W, 37, 345 MHz
2026/09/15 02:12:03.101, 1, GPU-d67482aa-44bc-1a33-2545-de34f4bb6c82, NVIDIA H100 80GB HBM3, 0 %, 1 MiB, 70.65 W, 34, 345 MHz
2026/09/15 02:12:03.103, 2, GPU-6c47d827-68bc-9d8f-448e-55624a5f2f65, NVIDIA H100 80GB HBM3, 0 %, 1 MiB, 71.52 W, 26, 345 MHz
2026/09/15 02:12:03.112, 3, GPU-a481f1cc-7ac4-a6c3-b8a4-eed1d39e45aa, NVIDIA H100 80GB HBM3, 0 %, 1 MiB, 74.96 W, 26, 345 MHz
2026/09/15 02:12:03.114, 4, GPU-a60182ac-1fbd-0654-4298-7dfab8d789ca, NVIDIA H100 80GB HBM3, 0 %, 1 MiB, 72.33 W, 26, 345 MHz
2026/09/15 02:12:03.116, 5, GPU-11bb96fb-3b4c-98eb-f310-70437157969c, NVIDIA H100 80GB HBM3, 0 %, 1 MiB, 69.28 W, 26, 345 MHz
2026/09/15 02:12:03.118, 6, GPU-7d80084d-f83b-1a50-3007-35e8f2af67c2, NVIDIA H100 80GB HBM3, 0 %, 1 MiB, 70.82 W, 27, 345 MHz
2026/09/15 02:12:03.120, 7, GPU-69cdf81a-1c5b-4e7c-54e2-2dd45eb25e36, NVIDIA H100 80GB HBM3, 0 %, 1 MiB, 70.30 W, 26, 345 MHz
2026/09/15 02:12:04.124, 0, GPU-3d9bae9f-f6a5-a533-682a-2990f19ffa90, NVIDIA H100 80GB HBM3, 0 %, 4 MiB, 71.19 W, 37, 345 MHz
2026/09/15 02:12:04.127, 1, GPU-d67482aa-44bc-1a33-2545-de34f4bb6c82, NVIDIA H100 80GB HBM3, 0 %, 1 MiB, 70.70 W, 34, 345 MHz
2026/09/15 02:12:04.130, 2, GPU-6c47d827-68bc-9d8f-448e-55624a5f2f65, NVIDIA H100 80GB HBM3, 0 %, 1 MiB, 71.56 W, 26, 345 MHz
2026/09/15 02:12:04.133, 3, GPU-a481f1cc-7ac4-a6c3-b8a4-eed1d39e45aa, NVIDIA H100 80GB HBM3, 0 %, 1 MiB, 74.97 W, 26, 345 MHz
2026/09/15 02:12:04.139, 4, GPU-a60182ac-1fbd-0654-4298-7dfab8d789ca, NVIDIA H100 80GB HBM3, 0 %, 1 MiB, 72.36 W, 26, 345 MHz
2026/09/15 02:12:04.142, 5, GPU-11bb96fb-3b4c-98eb-f310-70437157969c, NVIDIA H100 80GB HBM3, 0 %, 1 MiB, 69.35 W, 26, 345 MHz
2026/09/15 02:12:04.145, 6, GPU-7d80084d-f83b-1a50-3007-35e8f2af67c2, NVIDIA H100 80GB HBM3, 0 %, 1 MiB, 70.92 W, 27, 345 MHz
2026/09/15 02:12:04.148, 7, GPU-69cdf81a-1c5b-4e7c-54e2-2dd45eb25e36, NVIDIA H100 80GB HBM3, 0 %, 1 MiB, 70.34 W, 26, 345 MHz
2026/09/15 02:12:05.151, 0, GPU-3d9bae9f-f6a5-a533-682a-2990f19ffa90, NVIDIA H100 80GB HBM3, 0 %, 4 MiB, 71.11 W, 37, 345 MHz
2026/09/15 02:12:05.155, 1, GPU-d67482aa-44bc-1a33-2545-de34f4bb6c82, NVIDIA H100 80GB HBM3, 0 %, 1 MiB, 70.65 W, 34, 345 MHz
2026/09/15 02:12:05.160, 2, GPU-6c47d827-68bc-9d8f-448e-55624a5f2f65, NVIDIA H100 80GB HBM3, 0 %, 1 MiB, 71.53 W, 26, 345 MHz
2026/09/15 02:12:05.163, 3, GPU-a481f1cc-7ac4-a6c3-b8a4-eed1d39e45aa, NVIDIA H100 80GB HBM3, 0 %, 1 MiB, 74.97 W, 26, 345 MHz
2026/09/15 02:12:05.166, 4, GPU-a60182ac-1fbd-0654-4298-7dfab8d789ca, NVIDIA H100 80GB HBM3, 0 %, 1 MiB, 72.35 W, 26, 345 MHz
2026/09/15 02:12:05.169, 5, GPU-11bb96fb-3b4c-98eb-f310-70437157969c, NVIDIA H100 80GB HBM3, 0 %, 1 MiB, 69.32 W, 26, 345 MHz
2026/09/15 02:12:05.171, 6, GPU-7d80084d-f83b-1a50-3007-35e8f2af67c2, NVIDIA H100 80GB HBM3, 0 %, 1 MiB, 70.91 W, 27, 345 MHz
2026/09/15 02:12:05.174, 7, GPU-69cdf81a-1c5b-4e7c-54e2-2dd45eb25e36, NVIDIA H100 80GB HBM3, 0 %, 1 MiB, 70.31 W, 26, 345 MHz
2026/09/15 02:12:06.177, 0, GPU-3d9bae9f-f6a5-a533-682a-2990f19ffa90, NVIDIA H100 80GB HBM3, 0 %, 4 MiB, 71.15 W, 37, 345 MHz
2026/09/15 02:12:06.201, 1, GPU-d67482aa-44bc-1a33-2545-de34f4bb6c82, NVIDIA H100 80GB HBM3, 0 %, 1 MiB, 70.69 W, 34, 345 MHz
2026/09/15 02:12:06.266, 2, GPU-6c47d827-68bc-9d8f-448e-55624a5f2f65, NVIDIA H100 80GB HBM3, 0 %, 1 MiB, 71.51 W, 26, 345 MHz
2026/09/15 02:12:06.292, 3, GPU-a481f1cc-7ac4-a6c3-b8a4-eed1d39e45aa, NVIDIA H100 80GB HBM3, 0 %, 1 MiB, 74.92 W, 26, 345 MHz
2026/09/15 02:12:06.328, 4, GPU-a60182ac-1fbd-0654-4298-7dfab8d789ca, NVIDIA H100 80GB HBM3, 0 %, 1 MiB, 72.50 W, 26, 345 MHz
2026/09/15 02:12:06.354, 5, GPU-11bb96fb-3b4c-98eb-f310-70437157969c, NVIDIA H100 80GB HBM3, 0 %, 1 MiB, 69.31 W, 26, 345 MHz
2026/09/15 02:12:06.378, 6, GPU-7d80084d-f83b-1a50-3007-35e8f2af67c2, NVIDIA H100 80GB HBM3, 0 %, 1 MiB, 70.88 W, 27, 345 MHz
2026/09/15 02:12:06.381, 7, GPU-69cdf81a-1c5b-4e7c-54e2-2dd45eb25e36, NVIDIA H100 80GB HBM3, 0 %, 1 MiB, 70.28 W, 26, 345 MHz
2026/09/15 02:12:07.383, 0, GPU-3d9bae9f-f6a5-a533-682a-2990f19ffa90, NVIDIA H100 80GB HBM3, 0 %, 4 MiB, 71.17 W, 37, 345 MHz
2026/09/15 02:12:07.385, 1, GPU-d67482aa-44bc-1a33-2545-de34f4bb6c82, NVIDIA H100 80GB HBM3, 0 %, 1 MiB, 70.72 W, 34, 345 MHz
2026/09/15 02:12:07.388, 2, GPU-6c47d827-68bc-9d8f-448e-55624a5f2f65, NVIDIA H100 80GB HBM3, 0 %, 1 MiB, 71.54 W, 26, 345 MHz
2026/09/15 02:12:07.390, 3, GPU-a481f1cc-7ac4-a6c3-b8a4-eed1d39e45aa, NVIDIA H100 80GB HBM3, 0 %, 1 MiB, 74.92 W, 26, 345 MHz
2026/09/15 02:12:07.392, 4, GPU-a60182ac-1fbd-0654-4298-7dfab8d789ca, NVIDIA H100 80GB HBM3, 0 %, 1 MiB, 72.39 W, 26, 345 MHz
2026/09/15 02:12:07.395, 5, GPU-11bb96fb-3b4c-98eb-f310-70437157969c, NVIDIA H100 80GB HBM3, 0 %, 1 MiB, 69.35 W, 26, 345 MHz
2026/09/15 02:12:07.397, 6, GPU-7d80084d-f83b-1a50-3007-35e8f2af67c2, NVIDIA H100 80GB HBM3, 0 %, 1 MiB, 70.86 W, 27, 345 MHz
2026/09/15 02:12:07.399, 7, GPU-69cdf81a-1c5b-4e7c-54e2-2dd45eb25e36, NVIDIA H100 80GB HBM3, 0 %, 1 MiB, 70.28 W, 26, 345 MHz
2026/09/15 02:12:08.402, 0, GPU-3d9bae9f-f6a5-a533-682a-2990f19ffa90, NVIDIA H100 80GB HBM3, 0 %, 4 MiB, 71.17 W, 37, 345 MHz
2026/09/15 02:12:08.405, 1, GPU-d67482aa-44bc-1a33-2545-de34f4bb6c82, NVIDIA H100 80GB HBM3, 0 %, 1 MiB, 70.70 W, 34, 345 MHz
2026/09/15 02:12:08.407, 2, GPU-6c47d827-68bc-9d8f-448e-55624a5f2f65, NVIDIA H100 80GB HBM3, 0 %, 1 MiB, 71.54 W, 26, 345 MHz
2026/09/15 02:12:08.411, 3, GPU-a481f1cc-7ac4-a6c3-b8a4-eed1d39e45aa, NVIDIA H100 80GB HBM3, 0 %, 1 MiB, 74.97 W, 26, 345 MHz
2026/09/15 02:12:08.413, 4, GPU-a60182ac-1fbd-0654-4298-7dfab8d789ca, NVIDIA H100 80GB HBM3, 0 %, 1 MiB, 72.37 W, 26, 345 MHz
2026/09/15 02:12:08.415, 5, GPU-11bb96fb-3b4c-98eb-f310-70437157969c, NVIDIA H100 80GB HBM3, 0 %, 1 MiB, 69.35 W, 26, 345 MHz
2026/09/15 02:12:08.417, 6, GPU-7d80084d-f83b-1a50-3007-35e8f2af67c2, NVIDIA H100 80GB HBM3, 0 %, 1 MiB, 70.87 W, 27, 345 MHz
2026/09/15 02:12:08.420, 7, GPU-69cdf81a-1c5b-4e7c-54e2-2dd45eb25e36, NVIDIA H100 80GB HBM3, 0 %, 1 MiB, 70.32 W, 26, 345 MHz
2026/09/15 02:12:09.424, 0, GPU-3d9bae9f-f6a5-a533-682a-2990f19ffa90, NVIDIA H100 80GB HBM3, 0 %, 4 MiB, 71.16 W, 37, 345 MHz
2026/09/15 02:12:09.428, 1, GPU-d67482aa-44bc-1a33-2545-de34f4bb6c82, NVIDIA H100 80GB HBM3, 0 %, 1 MiB, 70.67 W, 34, 345 MHz
2026/09/15 02:12:09.430, 2, GPU-6c47d827-68bc-9d8f-448e-55624a5f2f65, NVIDIA H100 80GB HBM3, 0 %, 1 MiB, 71.55 W, 26, 345 MHz
2026/09/15 02:12:09.433, 3, GPU-a481f1cc-7ac4-a6c3-b8a4-eed1d39e45aa, NVIDIA H100 80GB HBM3, 0 %, 1 MiB, 74.92 W, 26, 345 MHz
2026/09/15 02:12:09.439, 4, GPU-a60182ac-1fbd-0654-4298-7dfab8d789ca, NVIDIA H100 80GB HBM3, 0 %, 1 MiB, 72.41 W, 26, 345 MHz
2026/09/15 02:12:09.442, 5, GPU-11bb96fb-3b4c-98eb-f310-70437157969c, NVIDIA H100 80GB HBM3, 0 %, 1 MiB, 69.33 W, 26, 345 MHz
2026/09/15 02:12:09.445, 6, GPU-7d80084d-f83b-1a50-3007-35e8f2af67c2, NVIDIA H100 80GB HBM3, 0 %, 1 MiB, 70.88 W, 27, 345 MHz
2026/09/15 02:12:09.449, 7, GPU-69cdf81a-1c5b-4e7c-54e2-2dd45eb25e36, NVIDIA H100 80GB HBM3, 0 %, 1 MiB, 70.36 W, 26, 345 MHz
2026/09/15 02:12:10.451, 0, GPU-3d9bae9f-f6a5-a533-682a-2990f19ffa90, NVIDIA H100 80GB HBM3, 4 %, 1862 MiB, 99.04 W, 38, 1980 MHz
2026/09/15 02:12:10.468, 1, GPU-d67482aa-44bc-1a33-2545-de34f4bb6c82, NVIDIA H100 80GB HBM3, 0 %, 1 MiB, 70.67 W, 34, 345 MHz
2026/09/15 02:12:10.492, 2, GPU-6c47d827-68bc-9d8f-448e-55624a5f2f65, NVIDIA H100 80GB HBM3, 0 %, 1 MiB, 71.56 W, 26, 345 MHz
2026/09/15 02:12:10.520, 3, GPU-a481f1cc-7ac4-a6c3-b8a4-eed1d39e45aa, NVIDIA H100 80GB HBM3, 0 %, 1 MiB, 74.94 W, 26, 345 MHz
2026/09/15 02:12:10.577, 4, GPU-a60182ac-1fbd-0654-4298-7dfab8d789ca, NVIDIA H100 80GB HBM3, 0 %, 1 MiB, 72.27 W, 26, 345 MHz
2026/09/15 02:12:10.609, 5, GPU-11bb96fb-3b4c-98eb-f310-70437157969c, NVIDIA H100 80GB HBM3, 0 %, 1 MiB, 69.36 W, 26, 345 MHz
2026/09/15 02:12:10.610, 6, GPU-7d80084d-f83b-1a50-3007-35e8f2af67c2, NVIDIA H100 80GB HBM3, 0 %, 1 MiB, 70.88 W, 27, 345 MHz
2026/09/15 02:12:10.623, 7, GPU-69cdf81a-1c5b-4e7c-54e2-2dd45eb25e36, NVIDIA H100 80GB HBM3, 0 %, 1 MiB, 70.28 W, 26, 345 MHz
2026/09/15 02:12:11.625, 0, GPU-3d9bae9f-f6a5-a533-682a-2990f19ffa90, NVIDIA H100 80GB HBM3, 5 %, 4358 MiB, 117.31 W, 38, 1980 MHz
2026/09/15 02:12:11.627, 1, GPU-d67482aa-44bc-1a33-2545-de34f4bb6c82, NVIDIA H100 80GB HBM3, 0 %, 1 MiB, 70.67 W, 34, 345 MHz
2026/09/15 02:12:11.633, 2, GPU-6c47d827-68bc-9d8f-448e-55624a5f2f65, NVIDIA H100 80GB HBM3, 0 %, 1 MiB, 71.56 W, 26, 345 MHz
2026/09/15 02:12:11.639, 3, GPU-a481f1cc-7ac4-a6c3-b8a4-eed1d39e45aa, NVIDIA H100 80GB HBM3, 0 %, 1 MiB, 74.98 W, 26, 345 MHz
2026/09/15 02:12:11.642, 4, GPU-a60182ac-1fbd-0654-4298-7dfab8d789ca, NVIDIA H100 80GB HBM3, 0 %, 1 MiB, 72.43 W, 26, 345 MHz
2026/09/15 02:12:11.644, 5, GPU-11bb96fb-3b4c-98eb-f310-70437157969c, NVIDIA H100 80GB HBM3, 0 %, 1 MiB, 69.33 W, 26, 345 MHz
2026/09/15 02:12:11.647, 6, GPU-7d80084d-f83b-1a50-3007-35e8f2af67c2, NVIDIA H100 80GB HBM3, 0 %, 1 MiB, 70.91 W, 27, 345 MHz
2026/09/15 02:12:11.650, 7, GPU-69cdf81a-1c5b-4e7c-54e2-2dd45eb25e36, NVIDIA H100 80GB HBM3, 0 %, 1 MiB, 70.31 W, 26, 345 MHz
2026/09/15 02:12:12.653, 0, GPU-3d9bae9f-f6a5-a533-682a-2990f19ffa90, NVIDIA H100 80GB HBM3, 5 %, 6406 MiB, 117.40 W, 38, 1980 MHz
2026/09/15 02:12:12.660, 1, GPU-d67482aa-44bc-1a33-2545-de34f4bb6c82, NVIDIA H100 80GB HBM3, 0 %, 1 MiB, 70.71 W, 34, 345 MHz
2026/09/15 02:12:12.663, 2, GPU-6c47d827-68bc-9d8f-448e-55624a5f2f65, NVIDIA H100 80GB HBM3, 0 %, 1 MiB, 71.54 W, 26, 345 MHz
2026/09/15 02:12:12.665, 3, GPU-a481f1cc-7ac4-a6c3-b8a4-eed1d39e45aa, NVIDIA H100 80GB HBM3, 0 %, 1 MiB, 74.95 W, 26, 345 MHz
2026/09/15 02:12:12.671, 4, GPU-a60182ac-1fbd-0654-4298-7dfab8d789ca, NVIDIA H100 80GB HBM3, 0 %, 1 MiB, 72.26 W, 26, 345 MHz
2026/09/15 02:12:12.674, 5, GPU-11bb96fb-3b4c-98eb-f310-70437157969c, NVIDIA H100 80GB HBM3, 0 %, 1 MiB, 69.35 W, 26, 345 MHz
2026/09/15 02:12:12.676, 6, GPU-7d80084d-f83b-1a50-3007-35e8f2af67c2, NVIDIA H100 80GB HBM3, 0 %, 1 MiB, 70.92 W, 27, 345 MHz
2026/09/15 02:12:12.679, 7, GPU-69cdf81a-1c5b-4e7c-54e2-2dd45eb25e36, NVIDIA H100 80GB HBM3, 0 %, 1 MiB, 70.32 W, 26, 345 MHz
2026/09/15 02:12:13.680, 0, GPU-3d9bae9f-f6a5-a533-682a-2990f19ffa90, NVIDIA H100 80GB HBM3, 4 %, 8500 MiB, 117.41 W, 38, 1980 MHz
2026/09/15 02:12:13.683, 1, GPU-d67482aa-44bc-1a33-2545-de34f4bb6c82, NVIDIA H100 80GB HBM3, 0 %, 1 MiB, 70.66 W, 34, 345 MHz
2026/09/15 02:12:13.684, 2, GPU-6c47d827-68bc-9d8f-448e-55624a5f2f65, NVIDIA H100 80GB HBM3, 0 %, 1 MiB, 71.52 W, 26, 345 MHz
2026/09/15 02:12:13.687, 3, GPU-a481f1cc-7ac4-a6c3-b8a4-eed1d39e45aa, NVIDIA H100 80GB HBM3, 0 %, 1 MiB, 74.93 W, 26, 345 MHz
2026/09/15 02:12:13.690, 4, GPU-a60182ac-1fbd-0654-4298-7dfab8d789ca, NVIDIA H100 80GB HBM3, 0 %, 1 MiB, 72.42 W, 26, 345 MHz
2026/09/15 02:12:13.692, 5, GPU-11bb96fb-3b4c-98eb-f310-70437157969c, NVIDIA H100 80GB HBM3, 0 %, 1 MiB, 69.38 W, 26, 345 MHz
2026/09/15 02:12:13.696, 6, GPU-7d80084d-f83b-1a50-3007-35e8f2af67c2, NVIDIA H100 80GB HBM3, 0 %, 1 MiB, 70.89 W, 27, 345 MHz
2026/09/15 02:12:13.698, 7, GPU-69cdf81a-1c5b-4e7c-54e2-2dd45eb25e36, NVIDIA H100 80GB HBM3, 0 %, 1 MiB, 70.31 W, 26, 345 MHz
2026/09/15 02:12:14.700, 0, GPU-3d9bae9f-f6a5-a533-682a-2990f19ffa90, NVIDIA H100 80GB HBM3, 0 %, 10082 MiB, 117.43 W, 38, 1980 MHz
2026/09/15 02:12:14.724, 1, GPU-d67482aa-44bc-1a33-2545-de34f4bb6c82, NVIDIA H100 80GB HBM3, 0 %, 1 MiB, 70.70 W, 34, 345 MHz
2026/09/15 02:12:14.788, 2, GPU-6c47d827-68bc-9d8f-448e-55624a5f2f65, NVIDIA H100 80GB HBM3, 0 %, 1 MiB, 71.52 W, 26, 345 MHz
2026/09/15 02:12:14.791, 3, GPU-a481f1cc-7ac4-a6c3-b8a4-eed1d39e45aa, NVIDIA H100 80GB HBM3, 0 %, 1 MiB, 74.93 W, 26, 345 MHz
2026/09/15 02:12:14.817, 4, GPU-a60182ac-1fbd-0654-4298-7dfab8d789ca, NVIDIA H100 80GB HBM3, 0 %, 1 MiB, 72.43 W, 26, 345 MHz
2026/09/15 02:12:14.847, 5, GPU-11bb96fb-3b4c-98eb-f310-70437157969c, NVIDIA H100 80GB HBM3, 0 %, 1 MiB, 69.32 W, 26, 345 MHz
2026/09/15 02:12:14.875, 6, GPU-7d80084d-f83b-1a50-3007-35e8f2af67c2, NVIDIA H100 80GB HBM3, 0 %, 1 MiB, 70.88 W, 27, 345 MHz
2026/09/15 02:12:14.902, 7, GPU-69cdf81a-1c5b-4e7c-54e2-2dd45eb25e36, NVIDIA H100 80GB HBM3, 0 %, 1 MiB, 70.32 W, 26, 345 MHz
2026/09/15 02:12:15.904, 0, GPU-3d9bae9f-f6a5-a533-682a-2990f19ffa90, NVIDIA H100 80GB HBM3, 0 %, 10082 MiB, 117.11 W, 38, 1980 MHz
2026/09/15 02:12:15.907, 1, GPU-d67482aa-44bc-1a33-2545-de34f4bb6c82, NVIDIA H100 80GB HBM3, 0 %, 1 MiB, 70.73 W, 34, 345 MHz
2026/09/15 02:12:15.910, 2, GPU-6c47d827-68bc-9d8f-448e-55624a5f2f65, NVIDIA H100 80GB HBM3, 0 %, 1 MiB, 71.50 W, 26, 345 MHz
2026/09/15 02:12:15.912, 3, GPU-a481f1cc-7ac4-a6c3-b8a4-eed1d39e45aa, NVIDIA H100 80GB HBM3, 0 %, 1 MiB, 74.96 W, 26, 345 MHz
2026/09/15 02:12:15.914, 4, GPU-a60182ac-1fbd-0654-4298-7dfab8d789ca, NVIDIA H100 80GB HBM3, 0 %, 1 MiB, 72.27 W, 26, 345 MHz
2026/09/15 02:12:15.916, 5, GPU-11bb96fb-3b4c-98eb-f310-70437157969c, NVIDIA H100 80GB HBM3, 0 %, 1 MiB, 69.31 W, 26, 345 MHz
2026/09/15 02:12:15.918, 6, GPU-7d80084d-f83b-1a50-3007-35e8f2af67c2, NVIDIA H100 80GB HBM3, 0 %, 1 MiB, 70.89 W, 27, 345 MHz
2026/09/15 02:12:15.920, 7, GPU-69cdf81a-1c5b-4e7c-54e2-2dd45eb25e36, NVIDIA H100 80GB HBM3, 0 %, 1 MiB, 70.26 W, 26, 345 MHz
2026/09/15 02:12:16.925, 0, GPU-3d9bae9f-f6a5-a533-682a-2990f19ffa90, NVIDIA H100 80GB HBM3, 0 %, 10082 MiB, 117.10 W, 38, 1980 MHz
2026/09/15 02:12:16.928, 1, GPU-d67482aa-44bc-1a33-2545-de34f4bb6c82, NVIDIA H100 80GB HBM3, 0 %, 1 MiB, 70.67 W, 34, 345 MHz
2026/09/15 02:12:16.931, 2, GPU-6c47d827-68bc-9d8f-448e-55624a5f2f65, NVIDIA H100 80GB HBM3, 0 %, 1 MiB, 71.49 W, 26, 345 MHz
2026/09/15 02:12:16.940, 3, GPU-a481f1cc-7ac4-a6c3-b8a4-eed1d39e45aa, NVIDIA H100 80GB HBM3, 0 %, 1 MiB, 74.96 W, 26, 345 MHz
2026/09/15 02:12:16.942, 4, GPU-a60182ac-1fbd-0654-4298-7dfab8d789ca, NVIDIA H100 80GB HBM3, 0 %, 1 MiB, 72.43 W, 26, 345 MHz
2026/09/15 02:12:16.945, 5, GPU-11bb96fb-3b4c-98eb-f310-70437157969c, NVIDIA H100 80GB HBM3, 0 %, 1 MiB, 69.33 W, 26, 345 MHz
2026/09/15 02:12:16.949, 6, GPU-7d80084d-f83b-1a50-3007-35e8f2af67c2, NVIDIA H100 80GB HBM3, 0 %, 1 MiB, 70.90 W, 27, 345 MHz
2026/09/15 02:12:16.964, 7, GPU-69cdf81a-1c5b-4e7c-54e2-2dd45eb25e36, NVIDIA H100 80GB HBM3, 0 %, 1 MiB, 70.30 W, 26, 345 MHz
2026/09/15 02:12:17.967, 0, GPU-3d9bae9f-f6a5-a533-682a-2990f19ffa90, NVIDIA H100 80GB HBM3, 0 %, 10082 MiB, 117.07 W, 38, 1980 MHz
2026/09/15 02:12:17.969, 1, GPU-d67482aa-44bc-1a33-2545-de34f4bb6c82, NVIDIA H100 80GB HBM3, 0 %, 1 MiB, 70.71 W, 34, 345 MHz
2026/09/15 02:12:17.972, 2, GPU-6c47d827-68bc-9d8f-448e-55624a5f2f65, NVIDIA H100 80GB HBM3, 0 %, 1 MiB, 71.50 W, 26, 345 MHz
2026/09/15 02:12:17.974, 3, GPU-a481f1cc-7ac4-a6c3-b8a4-eed1d39e45aa, NVIDIA H100 80GB HBM3, 0 %, 1 MiB, 74.92 W, 26, 345 MHz
2026/09/15 02:12:17.977, 4, GPU-a60182ac-1fbd-0654-4298-7dfab8d789ca, NVIDIA H100 80GB HBM3, 0 %, 1 MiB, 72.28 W, 26, 345 MHz
2026/09/15 02:12:17.981, 5, GPU-11bb96fb-3b4c-98eb-f310-70437157969c, NVIDIA H100 80GB HBM3, 0 %, 1 MiB, 69.32 W, 26, 345 MHz
2026/09/15 02:12:17.984, 6, GPU-7d80084d-f83b-1a50-3007-35e8f2af67c2, NVIDIA H100 80GB HBM3, 0 %, 1 MiB, 70.93 W, 27, 345 MHz
2026/09/15 02:12:17.988, 7, GPU-69cdf81a-1c5b-4e7c-54e2-2dd45eb25e36, NVIDIA H100 80GB HBM3, 0 %, 1 MiB, 70.32 W, 26, 345 MHz
2026/09/15 02:12:18.990, 0, GPU-3d9bae9f-f6a5-a533-682a-2990f19ffa90, NVIDIA H100 80GB HBM3, 0 %, 10082 MiB, 117.05 W, 38, 1980 MHz
2026/09/15 02:12:19.003, 1, GPU-d67482aa-44bc-1a33-2545-de34f4bb6c82, NVIDIA H100 80GB HBM3, 0 %, 1 MiB, 70.69 W, 34, 345 MHz
2026/09/15 02:12:19.033, 2, GPU-6c47d827-68bc-9d8f-448e-55624a5f2f65, NVIDIA H100 80GB HBM3, 0 %, 1 MiB, 71.52 W, 26, 345 MHz
2026/09/15 02:12:19.063, 3, GPU-a481f1cc-7ac4-a6c3-b8a4-eed1d39e45aa, NVIDIA H100 80GB HBM3, 0 %, 1 MiB, 74.92 W, 26, 345 MHz
2026/09/15 02:12:19.093, 4, GPU-a60182ac-1fbd-0654-4298-7dfab8d789ca, NVIDIA H100 80GB HBM3, 0 %, 1 MiB, 72.35 W, 26, 345 MHz
2026/09/15 02:12:19.096, 5, GPU-11bb96fb-3b4c-98eb-f310-70437157969c, NVIDIA H100 80GB HBM3, 0 %, 1 MiB, 69.34 W, 26, 345 MHz
2026/09/15 02:12:19.123, 6, GPU-7d80084d-f83b-1a50-3007-35e8f2af67c2, NVIDIA H100 80GB HBM3, 0 %, 1 MiB, 70.90 W, 27, 345 MHz
2026/09/15 02:12:19.186, 7, GPU-69cdf81a-1c5b-4e7c-54e2-2dd45eb25e36, NVIDIA H100 80GB HBM3, 0 %, 1 MiB, 70.30 W, 26, 345 MHz
2026/09/15 02:12:20.226, 0, GPU-3d9bae9f-f6a5-a533-682a-2990f19ffa90, NVIDIA H100 80GB HBM3, 0 %, 10082 MiB, 117.10 W, 38, 1980 MHz
2026/09/15 02:12:20.230, 1, GPU-d67482aa-44bc-1a33-2545-de34f4bb6c82, NVIDIA H100 80GB HBM3, 0 %, 1 MiB, 70.69 W, 34, 345 MHz
2026/09/15 02:12:20.232, 2, GPU-6c47d827-68bc-9d8f-448e-55624a5f2f65, NVIDIA H100 80GB HBM3, 0 %, 1 MiB, 71.50 W, 26, 345 MHz
2026/09/15 02:12:20.240, 3, GPU-a481f1cc-7ac4-a6c3-b8a4-eed1d39e45aa, NVIDIA H100 80GB HBM3, 0 %, 1 MiB, 74.94 W, 26, 345 MHz
2026/09/15 02:12:20.243, 4, GPU-a60182ac-1fbd-0654-4298-7dfab8d789ca, NVIDIA H100 80GB HBM3, 0 %, 1 MiB, 72.50 W, 26, 345 MHz
2026/09/15 02:12:20.246, 5, GPU-11bb96fb-3b4c-98eb-f310-70437157969c, NVIDIA H100 80GB HBM3, 0 %, 1 MiB, 69.32 W, 26, 345 MHz
2026/09/15 02:12:20.249, 6, GPU-7d80084d-f83b-1a50-3007-35e8f2af67c2, NVIDIA H100 80GB HBM3, 0 %, 1 MiB, 70.93 W, 27, 345 MHz
2026/09/15 02:12:20.251, 7, GPU-69cdf81a-1c5b-4e7c-54e2-2dd45eb25e36, NVIDIA H100 80GB HBM3, 0 %, 1 MiB, 70.34 W, 26, 345 MHz
2026/09/15 02:12:21.255, 0, GPU-3d9bae9f-f6a5-a533-682a-2990f19ffa90, NVIDIA H100 80GB HBM3, 0 %, 10082 MiB, 117.07 W, 38, 1980 MHz
2026/09/15 02:12:21.257, 1, GPU-d67482aa-44bc-1a33-2545-de34f4bb6c82, NVIDIA H100 80GB HBM3, 0 %, 1 MiB, 70.72 W, 34, 345 MHz
2026/09/15 02:12:21.258, 2, GPU-6c47d827-68bc-9d8f-448e-55624a5f2f65, NVIDIA H100 80GB HBM3, 0 %, 1 MiB, 71.50 W, 26, 345 MHz
2026/09/15 02:12:21.260, 3, GPU-a481f1cc-7ac4-a6c3-b8a4-eed1d39e45aa, NVIDIA H100 80GB HBM3, 0 %, 1 MiB, 74.99 W, 26, 345 MHz
2026/09/15 02:12:21.262, 4, GPU-a60182ac-1fbd-0654-4298-7dfab8d789ca, NVIDIA H100 80GB HBM3, 0 %, 1 MiB, 72.22 W, 26, 345 MHz
2026/09/15 02:12:21.269, 5, GPU-11bb96fb-3b4c-98eb-f310-70437157969c, NVIDIA H100 80GB HBM3, 0 %, 1 MiB, 69.33 W, 26, 345 MHz
2026/09/15 02:12:21.271, 6, GPU-7d80084d-f83b-1a50-3007-35e8f2af67c2, NVIDIA H100 80GB HBM3, 0 %, 1 MiB, 70.91 W, 28, 345 MHz
2026/09/15 02:12:21.275, 7, GPU-69cdf81a-1c5b-4e7c-54e2-2dd45eb25e36, NVIDIA H100 80GB HBM3, 0 %, 1 MiB, 70.33 W, 26, 345 MHz
2026/09/15 02:12:22.279, 0, GPU-3d9bae9f-f6a5-a533-682a-2990f19ffa90, NVIDIA H100 80GB HBM3, 0 %, 10082 MiB, 117.15 W, 38, 1980 MHz
2026/09/15 02:12:22.280, 1, GPU-d67482aa-44bc-1a33-2545-de34f4bb6c82, NVIDIA H100 80GB HBM3, 0 %, 1 MiB, 70.71 W, 34, 345 MHz
2026/09/15 02:12:22.282, 2, GPU-6c47d827-68bc-9d8f-448e-55624a5f2f65, NVIDIA H100 80GB HBM3, 0 %, 1 MiB, 71.50 W, 26, 345 MHz
2026/09/15 02:12:22.283, 3, GPU-a481f1cc-7ac4-a6c3-b8a4-eed1d39e45aa, NVIDIA H100 80GB HBM3, 0 %, 1 MiB, 74.99 W, 26, 345 MHz
2026/09/15 02:12:22.285, 4, GPU-a60182ac-1fbd-0654-4298-7dfab8d789ca, NVIDIA H100 80GB HBM3, 0 %, 1 MiB, 72.39 W, 26, 345 MHz
2026/09/15 02:12:22.286, 5, GPU-11bb96fb-3b4c-98eb-f310-70437157969c, NVIDIA H100 80GB HBM3, 0 %, 1 MiB, 69.33 W, 26, 345 MHz
2026/09/15 02:12:22.288, 6, GPU-7d80084d-f83b-1a50-3007-35e8f2af67c2, NVIDIA H100 80GB HBM3, 0 %, 1 MiB, 70.89 W, 27, 345 MHz
2026/09/15 02:12:22.289, 7, GPU-69cdf81a-1c5b-4e7c-54e2-2dd45eb25e36, NVIDIA H100 80GB HBM3, 0 %, 1 MiB, 70.33 W, 26, 345 MHz
2026/09/15 02:12:23.291, 0, GPU-3d9bae9f-f6a5-a533-682a-2990f19ffa90, NVIDIA H100 80GB HBM3, 0 %, 10082 MiB, 117.13 W, 38, 1980 MHz
2026/09/15 02:12:23.315, 1, GPU-d67482aa-44bc-1a33-2545-de34f4bb6c82, NVIDIA H100 80GB HBM3, 0 %, 1 MiB, 70.74 W, 34, 345 MHz
2026/09/15 02:12:23.341, 2, GPU-6c47d827-68bc-9d8f-448e-55624a5f2f65, NVIDIA H100 80GB HBM3, 0 %, 1 MiB, 71.50 W, 26, 345 MHz
2026/09/15 02:12:23.367, 3, GPU-a481f1cc-7ac4-a6c3-b8a4-eed1d39e45aa, NVIDIA H100 80GB HBM3, 0 %, 1 MiB, 74.94 W, 26, 345 MHz
2026/09/15 02:12:23.395, 4, GPU-a60182ac-1fbd-0654-4298-7dfab8d789ca, NVIDIA H100 80GB HBM3, 0 %, 1 MiB, 72.41 W, 26, 345 MHz
2026/09/15 02:12:23.426, 5, GPU-11bb96fb-3b4c-98eb-f310-70437157969c, NVIDIA H100 80GB HBM3, 0 %, 1 MiB, 69.37 W, 26, 345 MHz
2026/09/15 02:12:23.452, 6, GPU-7d80084d-f83b-1a50-3007-35e8f2af67c2, NVIDIA H100 80GB HBM3, 0 %, 1 MiB, 70.91 W, 28, 345 MHz
2026/09/15 02:12:23.488, 7, GPU-69cdf81a-1c5b-4e7c-54e2-2dd45eb25e36, NVIDIA H100 80GB HBM3, 0 %, 1 MiB, 70.31 W, 26, 345 MHz
2026/09/15 02:12:24.522, 0, GPU-3d9bae9f-f6a5-a533-682a-2990f19ffa90, NVIDIA H100 80GB HBM3, 0 %, 10082 MiB, 117.18 W, 38, 1980 MHz
2026/09/15 02:12:24.523, 1, GPU-d67482aa-44bc-1a33-2545-de34f4bb6c82, NVIDIA H100 80GB HBM3, 0 %, 1 MiB, 70.72 W, 34, 345 MHz
2026/09/15 02:12:24.525, 2, GPU-6c47d827-68bc-9d8f-448e-55624a5f2f65, NVIDIA H100 80GB HBM3, 0 %, 1 MiB, 71.50 W, 26, 345 MHz
2026/09/15 02:12:24.527, 3, GPU-a481f1cc-7ac4-a6c3-b8a4-eed1d39e45aa, NVIDIA H100 80GB HBM3, 0 %, 1 MiB, 74.97 W, 26, 345 MHz
2026/09/15 02:12:24.530, 4, GPU-a60182ac-1fbd-0654-4298-7dfab8d789ca, NVIDIA H100 80GB HBM3, 0 %, 1 MiB, 72.15 W, 26, 345 MHz
2026/09/15 02:12:24.533, 5, GPU-11bb96fb-3b4c-98eb-f310-70437157969c, NVIDIA H100 80GB HBM3, 0 %, 1 MiB, 69.32 W, 26, 345 MHz
2026/09/15 02:12:24.539, 6, GPU-7d80084d-f83b-1a50-3007-35e8f2af67c2, NVIDIA H100 80GB HBM3, 0 %, 1 MiB, 70.90 W, 27, 345 MHz
2026/09/15 02:12:24.542, 7, GPU-69cdf81a-1c5b-4e7c-54e2-2dd45eb25e36, NVIDIA H100 80GB HBM3, 0 %, 1 MiB, 70.28 W, 26, 345 MHz
2026/09/15 02:12:25.544, 0, GPU-3d9bae9f-f6a5-a533-682a-2990f19ffa90, NVIDIA H100 80GB HBM3, 0 %, 10082 MiB, 117.14 W, 38, 1980 MHz
2026/09/15 02:12:25.546, 1, GPU-d67482aa-44bc-1a33-2545-de34f4bb6c82, NVIDIA H100 80GB HBM3, 0 %, 1 MiB, 70.71 W, 34, 345 MHz
2026/09/15 02:12:25.548, 2, GPU-6c47d827-68bc-9d8f-448e-55624a5f2f65, NVIDIA H100 80GB HBM3, 0 %, 1 MiB, 71.48 W, 26, 345 MHz
2026/09/15 02:12:25.550, 3, GPU-a481f1cc-7ac4-a6c3-b8a4-eed1d39e45aa, NVIDIA H100 80GB HBM3, 0 %, 1 MiB, 74.97 W, 26, 345 MHz
2026/09/15 02:12:25.552, 4, GPU-a60182ac-1fbd-0654-4298-7dfab8d789ca, NVIDIA H100 80GB HBM3, 0 %, 1 MiB, 72.39 W, 26, 345 MHz
2026/09/15 02:12:25.554, 5, GPU-11bb96fb-3b4c-98eb-f310-70437157969c, NVIDIA H100 80GB HBM3, 0 %, 1 MiB, 69.30 W, 26, 345 MHz
2026/09/15 02:12:25.561, 6, GPU-7d80084d-f83b-1a50-3007-35e8f2af67c2, NVIDIA H100 80GB HBM3, 0 %, 1 MiB, 70.89 W, 27, 345 MHz
2026/09/15 02:12:25.564, 7, GPU-69cdf81a-1c5b-4e7c-54e2-2dd45eb25e36, NVIDIA H100 80GB HBM3, 0 %, 1 MiB, 70.34 W, 26, 345 MHz
2026/09/15 02:12:26.568, 0, GPU-3d9bae9f-f6a5-a533-682a-2990f19ffa90, NVIDIA H100 80GB HBM3, 0 %, 10082 MiB, 117.16 W, 38, 1980 MHz
2026/09/15 02:12:26.570, 1, GPU-d67482aa-44bc-1a33-2545-de34f4bb6c82, NVIDIA H100 80GB HBM3, 0 %, 1 MiB, 70.67 W, 34, 345 MHz
2026/09/15 02:12:26.572, 2, GPU-6c47d827-68bc-9d8f-448e-55624a5f2f65, NVIDIA H100 80GB HBM3, 0 %, 1 MiB, 71.52 W, 26, 345 MHz
2026/09/15 02:12:26.573, 3, GPU-a481f1cc-7ac4-a6c3-b8a4-eed1d39e45aa, NVIDIA H100 80GB HBM3, 0 %, 1 MiB, 75.00 W, 26, 345 MHz
2026/09/15 02:12:26.574, 4, GPU-a60182ac-1fbd-0654-4298-7dfab8d789ca, NVIDIA H100 80GB HBM3, 0 %, 1 MiB, 72.25 W, 26, 345 MHz
2026/09/15 02:12:26.576, 5, GPU-11bb96fb-3b4c-98eb-f310-70437157969c, NVIDIA H100 80GB HBM3, 0 %, 1 MiB, 69.33 W, 26, 345 MHz
2026/09/15 02:12:26.577, 6, GPU-7d80084d-f83b-1a50-3007-35e8f2af67c2, NVIDIA H100 80GB HBM3, 0 %, 1 MiB, 70.92 W, 27, 345 MHz
2026/09/15 02:12:26.579, 7, GPU-69cdf81a-1c5b-4e7c-54e2-2dd45eb25e36, NVIDIA H100 80GB HBM3, 0 %, 1 MiB, 70.32 W, 26, 345 MHz
2026/09/15 02:12:27.581, 0, GPU-3d9bae9f-f6a5-a533-682a-2990f19ffa90, NVIDIA H100 80GB HBM3, 0 %, 10082 MiB, 117.14 W, 38, 1980 MHz
2026/09/15 02:12:27.583, 1, GPU-d67482aa-44bc-1a33-2545-de34f4bb6c82, NVIDIA H100 80GB HBM3, 0 %, 1 MiB, 70.68 W, 34, 345 MHz
2026/09/15 02:12:27.584, 2, GPU-6c47d827-68bc-9d8f-448e-55624a5f2f65, NVIDIA H100 80GB HBM3, 0 %, 1 MiB, 71.56 W, 26, 345 MHz
2026/09/15 02:12:27.586, 3, GPU-a481f1cc-7ac4-a6c3-b8a4-eed1d39e45aa, NVIDIA H100 80GB HBM3, 0 %, 1 MiB, 74.95 W, 26, 345 MHz
2026/09/15 02:12:27.588, 4, GPU-a60182ac-1fbd-0654-4298-7dfab8d789ca, NVIDIA H100 80GB HBM3, 0 %, 1 MiB, 72.40 W, 26, 345 MHz
2026/09/15 02:12:27.589, 5, GPU-11bb96fb-3b4c-98eb-f310-70437157969c, NVIDIA H100 80GB HBM3, 0 %, 1 MiB, 69.35 W, 26, 345 MHz
2026/09/15 02:12:27.591, 6, GPU-7d80084d-f83b-1a50-3007-35e8f2af67c2, NVIDIA H100 80GB HBM3, 0 %, 1 MiB, 70.93 W, 27, 345 MHz
2026/09/15 02:12:27.593, 7, GPU-69cdf81a-1c5b-4e7c-54e2-2dd45eb25e36, NVIDIA H100 80GB HBM3, 0 %, 1 MiB, 70.36 W, 26, 345 MHz
2026/09/15 02:12:28.595, 0, GPU-3d9bae9f-f6a5-a533-682a-2990f19ffa90, NVIDIA H100 80GB HBM3, 0 %, 10082 MiB, 117.21 W, 38, 1980 MHz
2026/09/15 02:12:28.597, 1, GPU-d67482aa-44bc-1a33-2545-de34f4bb6c82, NVIDIA H100 80GB HBM3, 0 %, 1 MiB, 70.68 W, 34, 345 MHz
2026/09/15 02:12:28.598, 2, GPU-6c47d827-68bc-9d8f-448e-55624a5f2f65, NVIDIA H100 80GB HBM3, 0 %, 1 MiB, 71.54 W, 26, 345 MHz
2026/09/15 02:12:28.611, 3, GPU-a481f1cc-7ac4-a6c3-b8a4-eed1d39e45aa, NVIDIA H100 80GB HBM3, 0 %, 1 MiB, 74.94 W, 26, 345 MHz
2026/09/15 02:12:28.612, 4, GPU-a60182ac-1fbd-0654-4298-7dfab8d789ca, NVIDIA H100 80GB HBM3, 0 %, 1 MiB, 72.20 W, 26, 345 MHz
2026/09/15 02:12:28.614, 5, GPU-11bb96fb-3b4c-98eb-f310-70437157969c, NVIDIA H100 80GB HBM3, 0 %, 1 MiB, 69.31 W, 26, 345 MHz
2026/09/15 02:12:28.616, 6, GPU-7d80084d-f83b-1a50-3007-35e8f2af67c2, NVIDIA H100 80GB HBM3, 0 %, 1 MiB, 70.88 W, 27, 345 MHz
2026/09/15 02:12:28.617, 7, GPU-69cdf81a-1c5b-4e7c-54e2-2dd45eb25e36, NVIDIA H100 80GB HBM3, 0 %, 1 MiB, 70.34 W, 26, 345 MHz
2026/09/15 02:12:29.623, 0, GPU-3d9bae9f-f6a5-a533-682a-2990f19ffa90, NVIDIA H100 80GB HBM3, 0 %, 10082 MiB, 117.22 W, 38, 1980 MHz
2026/09/15 02:12:29.624, 1, GPU-d67482aa-44bc-1a33-2545-de34f4bb6c82, NVIDIA H100 80GB HBM3, 0 %, 1 MiB, 70.69 W, 34, 345 MHz
2026/09/15 02:12:29.627, 2, GPU-6c47d827-68bc-9d8f-448e-55624a5f2f65, NVIDIA H100 80GB HBM3, 0 %, 1 MiB, 71.56 W, 26, 345 MHz
2026/09/15 02:12:29.628, 3, GPU-a481f1cc-7ac4-a6c3-b8a4-eed1d39e45aa, NVIDIA H100 80GB HBM3, 0 %, 1 MiB, 74.98 W, 26, 345 MHz
2026/09/15 02:12:29.638, 4, GPU-a60182ac-1fbd-0654-4298-7dfab8d789ca, NVIDIA H100 80GB HBM3, 0 %, 1 MiB, 72.31 W, 26, 345 MHz
2026/09/15 02:12:29.640, 5, GPU-11bb96fb-3b4c-98eb-f310-70437157969c, NVIDIA H100 80GB HBM3, 0 %, 1 MiB, 69.36 W, 26, 345 MHz
2026/09/15 02:12:29.641, 6, GPU-7d80084d-f83b-1a50-3007-35e8f2af67c2, NVIDIA H100 80GB HBM3, 0 %, 1 MiB, 70.88 W, 27, 345 MHz
2026/09/15 02:12:29.643, 7, GPU-69cdf81a-1c5b-4e7c-54e2-2dd45eb25e36, NVIDIA H100 80GB HBM3, 0 %, 1 MiB, 70.32 W, 26, 345 MHz
2026/09/15 02:12:30.645, 0, GPU-3d9bae9f-f6a5-a533-682a-2990f19ffa90, NVIDIA H100 80GB HBM3, 0 %, 10082 MiB, 117.25 W, 38, 1980 MHz
2026/09/15 02:12:30.666, 1, GPU-d67482aa-44bc-1a33-2545-de34f4bb6c82, NVIDIA H100 80GB HBM3, 0 %, 1 MiB, 70.71 W, 34, 345 MHz
2026/09/15 02:12:30.694, 2, GPU-6c47d827-68bc-9d8f-448e-55624a5f2f65, NVIDIA H100 80GB HBM3, 0 %, 1 MiB, 71.53 W, 26, 345 MHz
2026/09/15 02:12:30.724, 3, GPU-a481f1cc-7ac4-a6c3-b8a4-eed1d39e45aa, NVIDIA H100 80GB HBM3, 0 %, 1 MiB, 74.94 W, 26, 345 MHz
2026/09/15 02:12:30.753, 4, GPU-a60182ac-1fbd-0654-4298-7dfab8d789ca, NVIDIA H100 80GB HBM3, 0 %, 1 MiB, 72.34 W, 26, 345 MHz
2026/09/15 02:12:30.786, 5, GPU-11bb96fb-3b4c-98eb-f310-70437157969c, NVIDIA H100 80GB HBM3, 0 %, 1 MiB, 69.34 W, 26, 345 MHz
2026/09/15 02:12:30.814, 6, GPU-7d80084d-f83b-1a50-3007-35e8f2af67c2, NVIDIA H100 80GB HBM3, 0 %, 1 MiB, 70.85 W, 28, 345 MHz
2026/09/15 02:12:30.818, 7, GPU-69cdf81a-1c5b-4e7c-54e2-2dd45eb25e36, NVIDIA H100 80GB HBM3, 0 %, 1 MiB, 70.35 W, 26, 345 MHz
2026/09/15 02:12:31.824, 0, GPU-3d9bae9f-f6a5-a533-682a-2990f19ffa90, NVIDIA H100 80GB HBM3, 0 %, 10082 MiB, 117.25 W, 39, 1980 MHz
2026/09/15 02:12:31.826, 1, GPU-d67482aa-44bc-1a33-2545-de34f4bb6c82, NVIDIA H100 80GB HBM3, 0 %, 1 MiB, 70.75 W, 34, 345 MHz
2026/09/15 02:12:31.829, 2, GPU-6c47d827-68bc-9d8f-448e-55624a5f2f65, NVIDIA H100 80GB HBM3, 0 %, 1 MiB, 71.51 W, 26, 345 MHz
2026/09/15 02:12:31.831, 3, GPU-a481f1cc-7ac4-a6c3-b8a4-eed1d39e45aa, NVIDIA H100 80GB HBM3, 0 %, 1 MiB, 74.90 W, 26, 345 MHz
2026/09/15 02:12:31.840, 4, GPU-a60182ac-1fbd-0654-4298-7dfab8d789ca, NVIDIA H100 80GB HBM3, 0 %, 1 MiB, 72.19 W, 26, 345 MHz
2026/09/15 02:12:31.842, 5, GPU-11bb96fb-3b4c-98eb-f310-70437157969c, NVIDIA H100 80GB HBM3, 0 %, 1 MiB, 69.36 W, 26, 345 MHz
2026/09/15 02:12:31.845, 6, GPU-7d80084d-f83b-1a50-3007-35e8f2af67c2, NVIDIA H100 80GB HBM3, 0 %, 1 MiB, 70.88 W, 27, 345 MHz
2026/09/15 02:12:31.849, 7, GPU-69cdf81a-1c5b-4e7c-54e2-2dd45eb25e36, NVIDIA H100 80GB HBM3, 0 %, 1 MiB, 70.30 W, 26, 345 MHz
2026/09/15 02:12:32.851, 0, GPU-3d9bae9f-f6a5-a533-682a-2990f19ffa90, NVIDIA H100 80GB HBM3, 0 %, 10082 MiB, 117.22 W, 39, 1980 MHz
2026/09/15 02:12:32.854, 1, GPU-d67482aa-44bc-1a33-2545-de34f4bb6c82, NVIDIA H100 80GB HBM3, 0 %, 1 MiB, 70.71 W, 34, 345 MHz
2026/09/15 02:12:32.859, 2, GPU-6c47d827-68bc-9d8f-448e-55624a5f2f65, NVIDIA H100 80GB HBM3, 0 %, 1 MiB, 71.54 W, 26, 345 MHz
2026/09/15 02:12:32.862, 3, GPU-a481f1cc-7ac4-a6c3-b8a4-eed1d39e45aa, NVIDIA H100 80GB HBM3, 0 %, 1 MiB, 74.93 W, 26, 345 MHz
2026/09/15 02:12:32.865, 4, GPU-a60182ac-1fbd-0654-4298-7dfab8d789ca, NVIDIA H100 80GB HBM3, 0 %, 1 MiB, 72.38 W, 26, 345 MHz
2026/09/15 02:12:32.870, 5, GPU-11bb96fb-3b4c-98eb-f310-70437157969c, NVIDIA H100 80GB HBM3, 0 %, 1 MiB, 69.36 W, 26, 345 MHz
2026/09/15 02:12:32.872, 6, GPU-7d80084d-f83b-1a50-3007-35e8f2af67c2, NVIDIA H100 80GB HBM3, 0 %, 1 MiB, 70.92 W, 27, 345 MHz
2026/09/15 02:12:32.874, 7, GPU-69cdf81a-1c5b-4e7c-54e2-2dd45eb25e36, NVIDIA H100 80GB HBM3, 0 %, 1 MiB, 70.28 W, 26, 345 MHz
2026/09/15 02:12:33.878, 0, GPU-3d9bae9f-f6a5-a533-682a-2990f19ffa90, NVIDIA H100 80GB HBM3, 0 %, 10082 MiB, 117.24 W, 39, 1980 MHz
2026/09/15 02:12:33.880, 1, GPU-d67482aa-44bc-1a33-2545-de34f4bb6c82, NVIDIA H100 80GB HBM3, 0 %, 1 MiB, 70.71 W, 34, 345 MHz
2026/09/15 02:12:33.882, 2, GPU-6c47d827-68bc-9d8f-448e-55624a5f2f65, NVIDIA H100 80GB HBM3, 0 %, 1 MiB, 71.54 W, 26, 345 MHz
2026/09/15 02:12:33.884, 3, GPU-a481f1cc-7ac4-a6c3-b8a4-eed1d39e45aa, NVIDIA H100 80GB HBM3, 0 %, 1 MiB, 74.92 W, 26, 345 MHz
2026/09/15 02:12:33.887, 4, GPU-a60182ac-1fbd-0654-4298-7dfab8d789ca, NVIDIA H100 80GB HBM3, 0 %, 1 MiB, 72.19 W, 26, 345 MHz
2026/09/15 02:12:33.889, 5, GPU-11bb96fb-3b4c-98eb-f310-70437157969c, NVIDIA H100 80GB HBM3, 0 %, 1 MiB, 69.35 W, 26, 345 MHz
2026/09/15 02:12:33.891, 6, GPU-7d80084d-f83b-1a50-3007-35e8f2af67c2, NVIDIA H100 80GB HBM3, 0 %, 1 MiB, 70.92 W, 27, 345 MHz
2026/09/15 02:12:33.894, 7, GPU-69cdf81a-1c5b-4e7c-54e2-2dd45eb25e36, NVIDIA H100 80GB HBM3, 0 %, 1 MiB, 70.32 W, 26, 345 MHz
2026/09/15 02:12:34.897, 0, GPU-3d9bae9f-f6a5-a533-682a-2990f19ffa90, NVIDIA H100 80GB HBM3, 0 %, 10082 MiB, 117.21 W, 39, 1980 MHz
2026/09/15 02:12:34.924, 1, GPU-d67482aa-44bc-1a33-2545-de34f4bb6c82, NVIDIA H100 80GB HBM3, 0 %, 1 MiB, 70.71 W, 34, 345 MHz
2026/09/15 02:12:34.959, 2, GPU-6c47d827-68bc-9d8f-448e-55624a5f2f65, NVIDIA H100 80GB HBM3, 0 %, 1 MiB, 71.57 W, 26, 345 MHz
2026/09/15 02:12:34.986, 3, GPU-a481f1cc-7ac4-a6c3-b8a4-eed1d39e45aa, NVIDIA H100 80GB HBM3, 0 %, 1 MiB, 74.93 W, 26, 345 MHz
2026/09/15 02:12:35.014, 4, GPU-a60182ac-1fbd-0654-4298-7dfab8d789ca, NVIDIA H100 80GB HBM3, 0 %, 1 MiB, 72.29 W, 26, 345 MHz
2026/09/15 02:12:35.042, 5, GPU-11bb96fb-3b4c-98eb-f310-70437157969c, NVIDIA H100 80GB HBM3, 0 %, 1 MiB, 69.36 W, 26, 345 MHz
2026/09/15 02:12:35.072, 6, GPU-7d80084d-f83b-1a50-3007-35e8f2af67c2, NVIDIA H100 80GB HBM3, 0 %, 1 MiB, 70.93 W, 27, 345 MHz
2026/09/15 02:12:35.097, 7, GPU-69cdf81a-1c5b-4e7c-54e2-2dd45eb25e36, NVIDIA H100 80GB HBM3, 0 %, 1 MiB, 70.30 W, 26, 345 MHz
2026/09/15 02:12:36.123, 0, GPU-3d9bae9f-f6a5-a533-682a-2990f19ffa90, NVIDIA H100 80GB HBM3, 0 %, 10082 MiB, 117.27 W, 39, 1980 MHz
2026/09/15 02:12:36.124, 1, GPU-d67482aa-44bc-1a33-2545-de34f4bb6c82, NVIDIA H100 80GB HBM3, 0 %, 1 MiB, 70.69 W, 34, 345 MHz
2026/09/15 02:12:36.126, 2, GPU-6c47d827-68bc-9d8f-448e-55624a5f2f65, NVIDIA H100 80GB HBM3, 0 %, 1 MiB, 71.55 W, 26, 345 MHz
2026/09/15 02:12:36.128, 3, GPU-a481f1cc-7ac4-a6c3-b8a4-eed1d39e45aa, NVIDIA H100 80GB HBM3, 0 %, 1 MiB, 74.96 W, 26, 345 MHz
2026/09/15 02:12:36.139, 4, GPU-a60182ac-1fbd-0654-4298-7dfab8d789ca, NVIDIA H100 80GB HBM3, 0 %, 1 MiB, 72.41 W, 26, 345 MHz
2026/09/15 02:12:36.143, 5, GPU-11bb96fb-3b4c-98eb-f310-70437157969c, NVIDIA H100 80GB HBM3, 0 %, 1 MiB, 69.34 W, 26, 345 MHz
2026/09/15 02:12:36.145, 6, GPU-7d80084d-f83b-1a50-3007-35e8f2af67c2, NVIDIA H100 80GB HBM3, 0 %, 1 MiB, 70.93 W, 27, 345 MHz
2026/09/15 02:12:36.150, 7, GPU-69cdf81a-1c5b-4e7c-54e2-2dd45eb25e36, NVIDIA H100 80GB HBM3, 0 %, 1 MiB, 70.31 W, 26, 345 MHz
2026/09/15 02:12:37.152, 0, GPU-3d9bae9f-f6a5-a533-682a-2990f19ffa90, NVIDIA H100 80GB HBM3, 0 %, 10082 MiB, 117.27 W, 39, 1980 MHz
2026/09/15 02:12:37.154, 1, GPU-d67482aa-44bc-1a33-2545-de34f4bb6c82, NVIDIA H100 80GB HBM3, 0 %, 1 MiB, 70.74 W, 34, 345 MHz
2026/09/15 02:12:37.159, 2, GPU-6c47d827-68bc-9d8f-448e-55624a5f2f65, NVIDIA H100 80GB HBM3, 0 %, 1 MiB, 71.56 W, 26, 345 MHz
2026/09/15 02:12:37.162, 3, GPU-a481f1cc-7ac4-a6c3-b8a4-eed1d39e45aa, NVIDIA H100 80GB HBM3, 0 %, 1 MiB, 74.92 W, 26, 345 MHz
2026/09/15 02:12:37.163, 4, GPU-a60182ac-1fbd-0654-4298-7dfab8d789ca, NVIDIA H100 80GB HBM3, 0 %, 1 MiB, 72.23 W, 26, 345 MHz
2026/09/15 02:12:37.168, 5, GPU-11bb96fb-3b4c-98eb-f310-70437157969c, NVIDIA H100 80GB HBM3, 0 %, 1 MiB, 69.31 W, 26, 345 MHz
2026/09/15 02:12:37.170, 6, GPU-7d80084d-f83b-1a50-3007-35e8f2af67c2, NVIDIA H100 80GB HBM3, 0 %, 1 MiB, 70.86 W, 28, 345 MHz
2026/09/15 02:12:37.172, 7, GPU-69cdf81a-1c5b-4e7c-54e2-2dd45eb25e36, NVIDIA H100 80GB HBM3, 0 %, 1 MiB, 70.29 W, 26, 345 MHz
2026/09/15 02:12:38.174, 0, GPU-3d9bae9f-f6a5-a533-682a-2990f19ffa90, NVIDIA H100 80GB HBM3, 0 %, 10082 MiB, 117.31 W, 39, 1980 MHz
2026/09/15 02:12:38.176, 1, GPU-d67482aa-44bc-1a33-2545-de34f4bb6c82, NVIDIA H100 80GB HBM3, 0 %, 1 MiB, 70.70 W, 34, 345 MHz
2026/09/15 02:12:38.177, 2, GPU-6c47d827-68bc-9d8f-448e-55624a5f2f65, NVIDIA H100 80GB HBM3, 0 %, 1 MiB, 71.57 W, 26, 345 MHz
2026/09/15 02:12:38.179, 3, GPU-a481f1cc-7ac4-a6c3-b8a4-eed1d39e45aa, NVIDIA H100 80GB HBM3, 0 %, 1 MiB, 74.94 W, 26, 345 MHz
2026/09/15 02:12:38.180, 4, GPU-a60182ac-1fbd-0654-4298-7dfab8d789ca, NVIDIA H100 80GB HBM3, 0 %, 1 MiB, 72.41 W, 26, 345 MHz
2026/09/15 02:12:38.182, 5, GPU-11bb96fb-3b4c-98eb-f310-70437157969c, NVIDIA H100 80GB HBM3, 0 %, 1 MiB, 69.36 W, 26, 345 MHz
2026/09/15 02:12:38.184, 6, GPU-7d80084d-f83b-1a50-3007-35e8f2af67c2, NVIDIA H100 80GB HBM3, 0 %, 1 MiB, 70.93 W, 27, 345 MHz
2026/09/15 02:12:38.186, 7, GPU-69cdf81a-1c5b-4e7c-54e2-2dd45eb25e36, NVIDIA H100 80GB HBM3, 0 %, 1 MiB, 70.33 W, 26, 345 MHz
2026/09/15 02:12:39.188, 0, GPU-3d9bae9f-f6a5-a533-682a-2990f19ffa90, NVIDIA H100 80GB HBM3, 0 %, 10082 MiB, 117.32 W, 39, 1980 MHz
2026/09/15 02:12:39.190, 1, GPU-d67482aa-44bc-1a33-2545-de34f4bb6c82, NVIDIA H100 80GB HBM3, 0 %, 1 MiB, 70.75 W, 34, 345 MHz
2026/09/15 02:12:39.191, 2, GPU-6c47d827-68bc-9d8f-448e-55624a5f2f65, NVIDIA H100 80GB HBM3, 0 %, 1 MiB, 71.51 W, 26, 345 MHz
2026/09/15 02:12:39.193, 3, GPU-a481f1cc-7ac4-a6c3-b8a4-eed1d39e45aa, NVIDIA H100 80GB HBM3, 0 %, 1 MiB, 74.94 W, 26, 345 MHz
2026/09/15 02:12:39.194, 4, GPU-a60182ac-1fbd-0654-4298-7dfab8d789ca, NVIDIA H100 80GB HBM3, 0 %, 1 MiB, 72.17 W, 26, 345 MHz
2026/09/15 02:12:39.196, 5, GPU-11bb96fb-3b4c-98eb-f310-70437157969c, NVIDIA H100 80GB HBM3, 0 %, 1 MiB, 69.33 W, 26, 345 MHz
2026/09/15 02:12:39.198, 6, GPU-7d80084d-f83b-1a50-3007-35e8f2af67c2, NVIDIA H100 80GB HBM3, 0 %, 1 MiB, 70.93 W, 27, 345 MHz
2026/09/15 02:12:39.199, 7, GPU-69cdf81a-1c5b-4e7c-54e2-2dd45eb25e36, NVIDIA H100 80GB HBM3, 0 %, 1 MiB, 70.30 W, 26, 345 MHz
2026/09/15 02:12:40.201, 0, GPU-3d9bae9f-f6a5-a533-682a-2990f19ffa90, NVIDIA H100 80GB HBM3, 0 %, 10082 MiB, 117.34 W, 39, 1980 MHz
2026/09/15 02:12:40.203, 1, GPU-d67482aa-44bc-1a33-2545-de34f4bb6c82, NVIDIA H100 80GB HBM3, 0 %, 1 MiB, 70.75 W, 34, 345 MHz
2026/09/15 02:12:40.205, 2, GPU-6c47d827-68bc-9d8f-448e-55624a5f2f65, NVIDIA H100 80GB HBM3, 0 %, 1 MiB, 71.49 W, 26, 345 MHz
2026/09/15 02:12:40.210, 3, GPU-a481f1cc-7ac4-a6c3-b8a4-eed1d39e45aa, NVIDIA H100 80GB HBM3, 0 %, 1 MiB, 75.00 W, 26, 345 MHz
2026/09/15 02:12:40.212, 4, GPU-a60182ac-1fbd-0654-4298-7dfab8d789ca, NVIDIA H100 80GB HBM3, 0 %, 1 MiB, 72.37 W, 26, 345 MHz
2026/09/15 02:12:40.214, 5, GPU-11bb96fb-3b4c-98eb-f310-70437157969c, NVIDIA H100 80GB HBM3, 0 %, 1 MiB, 69.32 W, 26, 345 MHz
2026/09/15 02:12:40.216, 6, GPU-7d80084d-f83b-1a50-3007-35e8f2af67c2, NVIDIA H100 80GB HBM3, 0 %, 1 MiB, 70.88 W, 28, 345 MHz
2026/09/15 02:12:40.217, 7, GPU-69cdf81a-1c5b-4e7c-54e2-2dd45eb25e36, NVIDIA H100 80GB HBM3, 0 %, 1 MiB, 70.30 W, 26, 345 MHz
2026/09/15 02:12:41.224, 0, GPU-3d9bae9f-f6a5-a533-682a-2990f19ffa90, NVIDIA H100 80GB HBM3, 0 %, 10082 MiB, 117.30 W, 39, 1980 MHz
2026/09/15 02:12:41.226, 1, GPU-d67482aa-44bc-1a33-2545-de34f4bb6c82, NVIDIA H100 80GB HBM3, 0 %, 1 MiB, 70.70 W, 34, 345 MHz
2026/09/15 02:12:41.228, 2, GPU-6c47d827-68bc-9d8f-448e-55624a5f2f65, NVIDIA H100 80GB HBM3, 0 %, 1 MiB, 71.48 W, 26, 345 MHz
2026/09/15 02:12:41.230, 3, GPU-a481f1cc-7ac4-a6c3-b8a4-eed1d39e45aa, NVIDIA H100 80GB HBM3, 0 %, 1 MiB, 74.93 W, 26, 345 MHz
2026/09/15 02:12:41.238, 4, GPU-a60182ac-1fbd-0654-4298-7dfab8d789ca, NVIDIA H100 80GB HBM3, 0 %, 1 MiB, 72.23 W, 26, 345 MHz
2026/09/15 02:12:41.240, 5, GPU-11bb96fb-3b4c-98eb-f310-70437157969c, NVIDIA H100 80GB HBM3, 0 %, 1 MiB, 69.35 W, 26, 345 MHz
2026/09/15 02:12:41.241, 6, GPU-7d80084d-f83b-1a50-3007-35e8f2af67c2, NVIDIA H100 80GB HBM3, 0 %, 1 MiB, 70.89 W, 27, 345 MHz
2026/09/15 02:12:41.243, 7, GPU-69cdf81a-1c5b-4e7c-54e2-2dd45eb25e36, NVIDIA H100 80GB HBM3, 0 %, 1 MiB, 70.32 W, 26, 345 MHz
2026/09/15 02:12:42.245, 0, GPU-3d9bae9f-f6a5-a533-682a-2990f19ffa90, NVIDIA H100 80GB HBM3, 0 %, 10082 MiB, 117.29 W, 39, 1980 MHz
2026/09/15 02:12:42.258, 1, GPU-d67482aa-44bc-1a33-2545-de34f4bb6c82, NVIDIA H100 80GB HBM3, 0 %, 1 MiB, 70.76 W, 34, 345 MHz
2026/09/15 02:12:42.282, 2, GPU-6c47d827-68bc-9d8f-448e-55624a5f2f65, NVIDIA H100 80GB HBM3, 0 %, 1 MiB, 71.49 W, 26, 345 MHz
2026/09/15 02:12:42.310, 3, GPU-a481f1cc-7ac4-a6c3-b8a4-eed1d39e45aa, NVIDIA H100 80GB HBM3, 0 %, 1 MiB, 74.94 W, 26, 345 MHz
2026/09/15 02:12:42.346, 4, GPU-a60182ac-1fbd-0654-4298-7dfab8d789ca, NVIDIA H100 80GB HBM3, 0 %, 1 MiB, 72.26 W, 26, 345 MHz
2026/09/15 02:12:42.348, 5, GPU-11bb96fb-3b4c-98eb-f310-70437157969c, NVIDIA H100 80GB HBM3, 0 %, 1 MiB, 69.32 W, 26, 345 MHz
2026/09/15 02:12:42.349, 6, GPU-7d80084d-f83b-1a50-3007-35e8f2af67c2, NVIDIA H100 80GB HBM3, 0 %, 1 MiB, 70.88 W, 27, 345 MHz
2026/09/15 02:12:42.351, 7, GPU-69cdf81a-1c5b-4e7c-54e2-2dd45eb25e36, NVIDIA H100 80GB HBM3, 0 %, 1 MiB, 70.33 W, 26, 345 MHz
2026/09/15 02:12:43.353, 0, GPU-3d9bae9f-f6a5-a533-682a-2990f19ffa90, NVIDIA H100 80GB HBM3, 0 %, 10082 MiB, 117.28 W, 39, 1980 MHz
2026/09/15 02:12:43.355, 1, GPU-d67482aa-44bc-1a33-2545-de34f4bb6c82, NVIDIA H100 80GB HBM3, 0 %, 1 MiB, 70.76 W, 34, 345 MHz
2026/09/15 02:12:43.358, 2, GPU-6c47d827-68bc-9d8f-448e-55624a5f2f65, NVIDIA H100 80GB HBM3, 0 %, 1 MiB, 71.49 W, 26, 345 MHz
2026/09/15 02:12:43.360, 3, GPU-a481f1cc-7ac4-a6c3-b8a4-eed1d39e45aa, NVIDIA H100 80GB HBM3, 0 %, 1 MiB, 74.97 W, 26, 345 MHz
2026/09/15 02:12:43.362, 4, GPU-a60182ac-1fbd-0654-4298-7dfab8d789ca, NVIDIA H100 80GB HBM3, 0 %, 1 MiB, 72.34 W, 26, 345 MHz
2026/09/15 02:12:43.369, 5, GPU-11bb96fb-3b4c-98eb-f310-70437157969c, NVIDIA H100 80GB HBM3, 0 %, 1 MiB, 69.33 W, 26, 345 MHz
2026/09/15 02:12:43.371, 6, GPU-7d80084d-f83b-1a50-3007-35e8f2af67c2, NVIDIA H100 80GB HBM3, 0 %, 1 MiB, 70.93 W, 28, 345 MHz
2026/09/15 02:12:43.373, 7, GPU-69cdf81a-1c5b-4e7c-54e2-2dd45eb25e36, NVIDIA H100 80GB HBM3, 0 %, 1 MiB, 70.34 W, 26, 345 MHz
2026/09/15 02:12:44.377, 0, GPU-3d9bae9f-f6a5-a533-682a-2990f19ffa90, NVIDIA H100 80GB HBM3, 0 %, 10082 MiB, 117.24 W, 39, 1980 MHz
2026/09/15 02:12:44.378, 1, GPU-d67482aa-44bc-1a33-2545-de34f4bb6c82, NVIDIA H100 80GB HBM3, 0 %, 1 MiB, 70.75 W, 34, 345 MHz
2026/09/15 02:12:44.380, 2, GPU-6c47d827-68bc-9d8f-448e-55624a5f2f65, NVIDIA H100 80GB HBM3, 0 %, 1 MiB, 71.50 W, 26, 345 MHz
2026/09/15 02:12:44.382, 3, GPU-a481f1cc-7ac4-a6c3-b8a4-eed1d39e45aa, NVIDIA H100 80GB HBM3, 0 %, 1 MiB, 74.97 W, 26, 345 MHz
2026/09/15 02:12:44.383, 4, GPU-a60182ac-1fbd-0654-4298-7dfab8d789ca, NVIDIA H100 80GB HBM3, 0 %, 1 MiB, 72.18 W, 26, 345 MHz
2026/09/15 02:12:44.385, 5, GPU-11bb96fb-3b4c-98eb-f310-70437157969c, NVIDIA H100 80GB HBM3, 0 %, 1 MiB, 69.32 W, 26, 345 MHz
2026/09/15 02:12:44.386, 6, GPU-7d80084d-f83b-1a50-3007-35e8f2af67c2, NVIDIA H100 80GB HBM3, 0 %, 1 MiB, 70.89 W, 28, 345 MHz
2026/09/15 02:12:44.388, 7, GPU-69cdf81a-1c5b-4e7c-54e2-2dd45eb25e36, NVIDIA H100 80GB HBM3, 0 %, 1 MiB, 70.29 W, 26, 345 MHz
2026/09/15 02:12:45.390, 0, GPU-3d9bae9f-f6a5-a533-682a-2990f19ffa90, NVIDIA H100 80GB HBM3, 0 %, 10082 MiB, 117.29 W, 39, 1980 MHz
2026/09/15 02:12:45.392, 1, GPU-d67482aa-44bc-1a33-2545-de34f4bb6c82, NVIDIA H100 80GB HBM3, 0 %, 1 MiB, 70.71 W, 34, 345 MHz
2026/09/15 02:12:45.394, 2, GPU-6c47d827-68bc-9d8f-448e-55624a5f2f65, NVIDIA H100 80GB HBM3, 0 %, 1 MiB, 71.52 W, 26, 345 MHz
2026/09/15 02:12:45.396, 3, GPU-a481f1cc-7ac4-a6c3-b8a4-eed1d39e45aa, NVIDIA H100 80GB HBM3, 0 %, 1 MiB, 74.92 W, 26, 345 MHz
2026/09/15 02:12:45.398, 4, GPU-a60182ac-1fbd-0654-4298-7dfab8d789ca, NVIDIA H100 80GB HBM3, 0 %, 1 MiB, 72.43 W, 26, 345 MHz
2026/09/15 02:12:45.400, 5, GPU-11bb96fb-3b4c-98eb-f310-70437157969c, NVIDIA H100 80GB HBM3, 0 %, 1 MiB, 69.35 W, 26, 345 MHz
2026/09/15 02:12:45.409, 6, GPU-7d80084d-f83b-1a50-3007-35e8f2af67c2, NVIDIA H100 80GB HBM3, 0 %, 1 MiB, 70.89 W, 27, 345 MHz
2026/09/15 02:12:45.411, 7, GPU-69cdf81a-1c5b-4e7c-54e2-2dd45eb25e36, NVIDIA H100 80GB HBM3, 0 %, 1 MiB, 70.29 W, 26, 345 MHz
2026/09/15 02:12:46.419, 0, GPU-3d9bae9f-f6a5-a533-682a-2990f19ffa90, NVIDIA H100 80GB HBM3, 0 %, 10082 MiB, 117.33 W, 39, 1980 MHz
2026/09/15 02:12:46.423, 1, GPU-d67482aa-44bc-1a33-2545-de34f4bb6c82, NVIDIA H100 80GB HBM3, 0 %, 1 MiB, 70.75 W, 34, 345 MHz
2026/09/15 02:12:46.424, 2, GPU-6c47d827-68bc-9d8f-448e-55624a5f2f65, NVIDIA H100 80GB HBM3, 0 %, 1 MiB, 71.50 W, 26, 345 MHz
2026/09/15 02:12:46.426, 3, GPU-a481f1cc-7ac4-a6c3-b8a4-eed1d39e45aa, NVIDIA H100 80GB HBM3, 0 %, 1 MiB, 74.97 W, 26, 345 MHz
2026/09/15 02:12:46.451, 4, GPU-a60182ac-1fbd-0654-4298-7dfab8d789ca, NVIDIA H100 80GB HBM3, 0 %, 1 MiB, 72.19 W, 26, 345 MHz
2026/09/15 02:12:46.481, 5, GPU-11bb96fb-3b4c-98eb-f310-70437157969c, NVIDIA H100 80GB HBM3, 0 %, 1 MiB, 69.32 W, 26, 345 MHz
2026/09/15 02:12:46.507, 6, GPU-7d80084d-f83b-1a50-3007-35e8f2af67c2, NVIDIA H100 80GB HBM3, 0 %, 1 MiB, 70.85 W, 28, 345 MHz
2026/09/15 02:12:46.532, 7, GPU-69cdf81a-1c5b-4e7c-54e2-2dd45eb25e36, NVIDIA H100 80GB HBM3, 0 %, 1 MiB, 70.34 W, 26, 345 MHz
2026/09/15 02:12:47.561, 0, GPU-3d9bae9f-f6a5-a533-682a-2990f19ffa90, NVIDIA H100 80GB HBM3, 0 %, 10082 MiB, 117.31 W, 39, 1980 MHz
2026/09/15 02:12:47.563, 1, GPU-d67482aa-44bc-1a33-2545-de34f4bb6c82, NVIDIA H100 80GB HBM3, 0 %, 1 MiB, 70.76 W, 34, 345 MHz
2026/09/15 02:12:47.564, 2, GPU-6c47d827-68bc-9d8f-448e-55624a5f2f65, NVIDIA H100 80GB HBM3, 0 %, 1 MiB, 71.51 W, 26, 345 MHz
2026/09/15 02:12:47.566, 3, GPU-a481f1cc-7ac4-a6c3-b8a4-eed1d39e45aa, NVIDIA H100 80GB HBM3, 0 %, 1 MiB, 74.99 W, 26, 345 MHz
2026/09/15 02:12:47.568, 4, GPU-a60182ac-1fbd-0654-4298-7dfab8d789ca, NVIDIA H100 80GB HBM3, 0 %, 1 MiB, 72.42 W, 26, 345 MHz
2026/09/15 02:12:47.569, 5, GPU-11bb96fb-3b4c-98eb-f310-70437157969c, NVIDIA H100 80GB HBM3, 0 %, 1 MiB, 69.33 W, 26, 345 MHz
2026/09/15 02:12:47.572, 6, GPU-7d80084d-f83b-1a50-3007-35e8f2af67c2, NVIDIA H100 80GB HBM3, 0 %, 1 MiB, 70.86 W, 28, 345 MHz
2026/09/15 02:12:47.573, 7, GPU-69cdf81a-1c5b-4e7c-54e2-2dd45eb25e36, NVIDIA H100 80GB HBM3, 0 %, 1 MiB, 70.37 W, 26, 345 MHz
2026/09/15 02:12:48.577, 0, GPU-3d9bae9f-f6a5-a533-682a-2990f19ffa90, NVIDIA H100 80GB HBM3, 0 %, 10082 MiB, 117.25 W, 39, 1980 MHz
2026/09/15 02:12:48.578, 1, GPU-d67482aa-44bc-1a33-2545-de34f4bb6c82, NVIDIA H100 80GB HBM3, 0 %, 1 MiB, 70.72 W, 34, 345 MHz
2026/09/15 02:12:48.580, 2, GPU-6c47d827-68bc-9d8f-448e-55624a5f2f65, NVIDIA H100 80GB HBM3, 0 %, 1 MiB, 71.48 W, 26, 345 MHz
2026/09/15 02:12:48.582, 3, GPU-a481f1cc-7ac4-a6c3-b8a4-eed1d39e45aa, NVIDIA H100 80GB HBM3, 0 %, 1 MiB, 74.96 W, 26, 345 MHz
2026/09/15 02:12:48.583, 4, GPU-a60182ac-1fbd-0654-4298-7dfab8d789ca, NVIDIA H100 80GB HBM3, 0 %, 1 MiB, 72.38 W, 26, 345 MHz
2026/09/15 02:12:48.585, 5, GPU-11bb96fb-3b4c-98eb-f310-70437157969c, NVIDIA H100 80GB HBM3, 0 %, 1 MiB, 69.33 W, 26, 345 MHz
2026/09/15 02:12:48.586, 6, GPU-7d80084d-f83b-1a50-3007-35e8f2af67c2, NVIDIA H100 80GB HBM3, 0 %, 1 MiB, 70.89 W, 27, 345 MHz
2026/09/15 02:12:48.588, 7, GPU-69cdf81a-1c5b-4e7c-54e2-2dd45eb25e36, NVIDIA H100 80GB HBM3, 0 %, 1 MiB, 70.30 W, 26, 345 MHz
2026/09/15 02:12:49.589, 0, GPU-3d9bae9f-f6a5-a533-682a-2990f19ffa90, NVIDIA H100 80GB HBM3, 0 %, 10082 MiB, 117.28 W, 39, 1980 MHz
2026/09/15 02:12:49.592, 1, GPU-d67482aa-44bc-1a33-2545-de34f4bb6c82, NVIDIA H100 80GB HBM3, 0 %, 1 MiB, 70.76 W, 34, 345 MHz
2026/09/15 02:12:49.593, 2, GPU-6c47d827-68bc-9d8f-448e-55624a5f2f65, NVIDIA H100 80GB HBM3, 0 %, 1 MiB, 71.48 W, 26, 345 MHz
2026/09/15 02:12:49.595, 3, GPU-a481f1cc-7ac4-a6c3-b8a4-eed1d39e45aa, NVIDIA H100 80GB HBM3, 0 %, 1 MiB, 74.94 W, 26, 345 MHz
2026/09/15 02:12:49.596, 4, GPU-a60182ac-1fbd-0654-4298-7dfab8d789ca, NVIDIA H100 80GB HBM3, 0 %, 1 MiB, 72.37 W, 26, 345 MHz
2026/09/15 02:12:49.598, 5, GPU-11bb96fb-3b4c-98eb-f310-70437157969c, NVIDIA H100 80GB HBM3, 0 %, 1 MiB, 69.29 W, 26, 345 MHz
2026/09/15 02:12:49.609, 6, GPU-7d80084d-f83b-1a50-3007-35e8f2af67c2, NVIDIA H100 80GB HBM3, 0 %, 1 MiB, 70.89 W, 27, 345 MHz
2026/09/15 02:12:49.611, 7, GPU-69cdf81a-1c5b-4e7c-54e2-2dd45eb25e36, NVIDIA H100 80GB HBM3, 0 %, 1 MiB, 70.30 W, 26, 345 MHz
2026/09/15 02:12:50.619, 0, GPU-3d9bae9f-f6a5-a533-682a-2990f19ffa90, NVIDIA H100 80GB HBM3, 0 %, 10082 MiB, 117.30 W, 39, 1980 MHz
2026/09/15 02:12:50.624, 1, GPU-d67482aa-44bc-1a33-2545-de34f4bb6c82, NVIDIA H100 80GB HBM3, 0 %, 1 MiB, 70.73 W, 34, 345 MHz
2026/09/15 02:12:50.625, 2, GPU-6c47d827-68bc-9d8f-448e-55624a5f2f65, NVIDIA H100 80GB HBM3, 0 %, 1 MiB, 71.49 W, 26, 345 MHz
2026/09/15 02:12:50.627, 3, GPU-a481f1cc-7ac4-a6c3-b8a4-eed1d39e45aa, NVIDIA H100 80GB HBM3, 0 %, 1 MiB, 74.96 W, 26, 345 MHz
2026/09/15 02:12:50.628, 4, GPU-a60182ac-1fbd-0654-4298-7dfab8d789ca, NVIDIA H100 80GB HBM3, 0 %, 1 MiB, 72.33 W, 26, 345 MHz
2026/09/15 02:12:50.630, 5, GPU-11bb96fb-3b4c-98eb-f310-70437157969c, NVIDIA H100 80GB HBM3, 0 %, 1 MiB, 69.37 W, 26, 345 MHz
2026/09/15 02:12:50.631, 6, GPU-7d80084d-f83b-1a50-3007-35e8f2af67c2, NVIDIA H100 80GB HBM3, 0 %, 1 MiB, 70.88 W, 27, 345 MHz
2026/09/15 02:12:50.633, 7, GPU-69cdf81a-1c5b-4e7c-54e2-2dd45eb25e36, NVIDIA H100 80GB HBM3, 0 %, 1 MiB, 70.35 W, 26, 345 MHz
2026/09/15 02:12:51.635, 0, GPU-3d9bae9f-f6a5-a533-682a-2990f19ffa90, NVIDIA H100 80GB HBM3, 0 %, 10082 MiB, 117.30 W, 39, 1980 MHz
2026/09/15 02:12:51.637, 1, GPU-d67482aa-44bc-1a33-2545-de34f4bb6c82, NVIDIA H100 80GB HBM3, 0 %, 1 MiB, 70.74 W, 34, 345 MHz
2026/09/15 02:12:51.638, 2, GPU-6c47d827-68bc-9d8f-448e-55624a5f2f65, NVIDIA H100 80GB HBM3, 0 %, 1 MiB, 71.50 W, 26, 345 MHz
2026/09/15 02:12:51.640, 3, GPU-a481f1cc-7ac4-a6c3-b8a4-eed1d39e45aa, NVIDIA H100 80GB HBM3, 0 %, 1 MiB, 74.95 W, 26, 345 MHz
2026/09/15 02:12:51.642, 4, GPU-a60182ac-1fbd-0654-4298-7dfab8d789ca, NVIDIA H100 80GB HBM3, 0 %, 1 MiB, 72.29 W, 26, 345 MHz
2026/09/15 02:12:51.643, 5, GPU-11bb96fb-3b4c-98eb-f310-70437157969c, NVIDIA H100 80GB HBM3, 0 %, 1 MiB, 69.35 W, 26, 345 MHz
2026/09/15 02:12:51.645, 6, GPU-7d80084d-f83b-1a50-3007-35e8f2af67c2, NVIDIA H100 80GB HBM3, 0 %, 1 MiB, 70.93 W, 27, 345 MHz
2026/09/15 02:12:51.647, 7, GPU-69cdf81a-1c5b-4e7c-54e2-2dd45eb25e36, NVIDIA H100 80GB HBM3, 0 %, 1 MiB, 70.35 W, 26, 345 MHz
2026/09/15 02:12:52.649, 0, GPU-3d9bae9f-f6a5-a533-682a-2990f19ffa90, NVIDIA H100 80GB HBM3, 0 %, 10082 MiB, 117.33 W, 39, 1980 MHz
2026/09/15 02:12:52.651, 1, GPU-d67482aa-44bc-1a33-2545-de34f4bb6c82, NVIDIA H100 80GB HBM3, 0 %, 1 MiB, 70.72 W, 34, 345 MHz
2026/09/15 02:12:52.659, 2, GPU-6c47d827-68bc-9d8f-448e-55624a5f2f65, NVIDIA H100 80GB HBM3, 0 %, 1 MiB, 71.53 W, 26, 345 MHz
2026/09/15 02:12:52.661, 3, GPU-a481f1cc-7ac4-a6c3-b8a4-eed1d39e45aa, NVIDIA H100 80GB HBM3, 0 %, 1 MiB, 74.95 W, 26, 345 MHz
2026/09/15 02:12:52.662, 4, GPU-a60182ac-1fbd-0654-4298-7dfab8d789ca, NVIDIA H100 80GB HBM3, 0 %, 1 MiB, 72.32 W, 26, 345 MHz
2026/09/15 02:12:52.670, 5, GPU-11bb96fb-3b4c-98eb-f310-70437157969c, NVIDIA H100 80GB HBM3, 0 %, 1 MiB, 69.35 W, 26, 345 MHz
2026/09/15 02:12:52.672, 6, GPU-7d80084d-f83b-1a50-3007-35e8f2af67c2, NVIDIA H100 80GB HBM3, 0 %, 1 MiB, 70.93 W, 28, 345 MHz
2026/09/15 02:12:52.673, 7, GPU-69cdf81a-1c5b-4e7c-54e2-2dd45eb25e36, NVIDIA H100 80GB HBM3, 0 %, 1 MiB, 70.36 W, 26, 345 MHz
2026/09/15 02:12:53.675, 0, GPU-3d9bae9f-f6a5-a533-682a-2990f19ffa90, NVIDIA H100 80GB HBM3, 0 %, 10082 MiB, 117.29 W, 39, 1980 MHz
2026/09/15 02:12:53.679, 1, GPU-d67482aa-44bc-1a33-2545-de34f4bb6c82, NVIDIA H100 80GB HBM3, 0 %, 1 MiB, 70.71 W, 34, 345 MHz
2026/09/15 02:12:53.705, 2, GPU-6c47d827-68bc-9d8f-448e-55624a5f2f65, NVIDIA H100 80GB HBM3, 0 %, 1 MiB, 71.54 W, 26, 345 MHz
2026/09/15 02:12:53.728, 3, GPU-a481f1cc-7ac4-a6c3-b8a4-eed1d39e45aa, NVIDIA H100 80GB HBM3, 0 %, 1 MiB, 74.97 W, 26, 345 MHz
2026/09/15 02:12:53.753, 4, GPU-a60182ac-1fbd-0654-4298-7dfab8d789ca, NVIDIA H100 80GB HBM3, 0 %, 1 MiB, 72.15 W, 26, 345 MHz
2026/09/15 02:12:53.785, 5, GPU-11bb96fb-3b4c-98eb-f310-70437157969c, NVIDIA H100 80GB HBM3, 0 %, 1 MiB, 69.37 W, 26, 345 MHz
2026/09/15 02:12:53.810, 6, GPU-7d80084d-f83b-1a50-3007-35e8f2af67c2, NVIDIA H100 80GB HBM3, 0 %, 1 MiB, 70.93 W, 28, 345 MHz
2026/09/15 02:12:53.811, 7, GPU-69cdf81a-1c5b-4e7c-54e2-2dd45eb25e36, NVIDIA H100 80GB HBM3, 0 %, 1 MiB, 70.36 W, 26, 345 MHz
2026/09/15 02:12:54.822, 0, GPU-3d9bae9f-f6a5-a533-682a-2990f19ffa90, NVIDIA H100 80GB HBM3, 0 %, 10082 MiB, 117.36 W, 39, 1980 MHz
2026/09/15 02:12:54.824, 1, GPU-d67482aa-44bc-1a33-2545-de34f4bb6c82, NVIDIA H100 80GB HBM3, 0 %, 1 MiB, 70.76 W, 34, 345 MHz
2026/09/15 02:12:54.826, 2, GPU-6c47d827-68bc-9d8f-448e-55624a5f2f65, NVIDIA H100 80GB HBM3, 0 %, 1 MiB, 71.55 W, 26, 345 MHz
2026/09/15 02:12:54.828, 3, GPU-a481f1cc-7ac4-a6c3-b8a4-eed1d39e45aa, NVIDIA H100 80GB HBM3, 0 %, 1 MiB, 74.94 W, 26, 345 MHz
2026/09/15 02:12:54.830, 4, GPU-a60182ac-1fbd-0654-4298-7dfab8d789ca, NVIDIA H100 80GB HBM3, 0 %, 1 MiB, 72.43 W, 26, 345 MHz
2026/09/15 02:12:54.831, 5, GPU-11bb96fb-3b4c-98eb-f310-70437157969c, NVIDIA H100 80GB HBM3, 0 %, 1 MiB, 69.33 W, 26, 345 MHz
2026/09/15 02:12:54.833, 6, GPU-7d80084d-f83b-1a50-3007-35e8f2af67c2, NVIDIA H100 80GB HBM3, 0 %, 1 MiB, 70.91 W, 28, 345 MHz
2026/09/15 02:12:54.834, 7, GPU-69cdf81a-1c5b-4e7c-54e2-2dd45eb25e36, NVIDIA H100 80GB HBM3, 0 %, 1 MiB, 70.27 W, 26, 345 MHz
2026/09/15 02:12:55.836, 0, GPU-3d9bae9f-f6a5-a533-682a-2990f19ffa90, NVIDIA H100 80GB HBM3, 0 %, 10082 MiB, 117.33 W, 39, 1980 MHz
2026/09/15 02:12:55.838, 1, GPU-d67482aa-44bc-1a33-2545-de34f4bb6c82, NVIDIA H100 80GB HBM3, 0 %, 1 MiB, 70.76 W, 34, 345 MHz
2026/09/15 02:12:55.840, 2, GPU-6c47d827-68bc-9d8f-448e-55624a5f2f65, NVIDIA H100 80GB HBM3, 0 %, 1 MiB, 71.54 W, 26, 345 MHz
2026/09/15 02:12:55.841, 3, GPU-a481f1cc-7ac4-a6c3-b8a4-eed1d39e45aa, NVIDIA H100 80GB HBM3, 0 %, 1 MiB, 74.94 W, 26, 345 MHz
2026/09/15 02:12:55.843, 4, GPU-a60182ac-1fbd-0654-4298-7dfab8d789ca, NVIDIA H100 80GB HBM3, 0 %, 1 MiB, 72.23 W, 26, 345 MHz
2026/09/15 02:12:55.844, 5, GPU-11bb96fb-3b4c-98eb-f310-70437157969c, NVIDIA H100 80GB HBM3, 0 %, 1 MiB, 69.35 W, 26, 345 MHz
2026/09/15 02:12:55.846, 6, GPU-7d80084d-f83b-1a50-3007-35e8f2af67c2, NVIDIA H100 80GB HBM3, 0 %, 1 MiB, 70.90 W, 28, 345 MHz
2026/09/15 02:12:55.848, 7, GPU-69cdf81a-1c5b-4e7c-54e2-2dd45eb25e36, NVIDIA H100 80GB HBM3, 0 %, 1 MiB, 70.31 W, 26, 345 MHz
2026/09/15 02:12:56.850, 0, GPU-3d9bae9f-f6a5-a533-682a-2990f19ffa90, NVIDIA H100 80GB HBM3, 0 %, 10082 MiB, 117.38 W, 39, 1980 MHz
2026/09/15 02:12:56.852, 1, GPU-d67482aa-44bc-1a33-2545-de34f4bb6c82, NVIDIA H100 80GB HBM3, 0 %, 1 MiB, 70.76 W, 34, 345 MHz
2026/09/15 02:12:56.858, 2, GPU-6c47d827-68bc-9d8f-448e-55624a5f2f65, NVIDIA H100 80GB HBM3, 0 %, 1 MiB, 71.52 W, 26, 345 MHz
2026/09/15 02:12:56.860, 3, GPU-a481f1cc-7ac4-a6c3-b8a4-eed1d39e45aa, NVIDIA H100 80GB HBM3, 0 %, 1 MiB, 74.98 W, 26, 345 MHz
2026/09/15 02:12:56.861, 4, GPU-a60182ac-1fbd-0654-4298-7dfab8d789ca, NVIDIA H100 80GB HBM3, 0 %, 1 MiB, 72.44 W, 26, 345 MHz
2026/09/15 02:12:56.869, 5, GPU-11bb96fb-3b4c-98eb-f310-70437157969c, NVIDIA H100 80GB HBM3, 0 %, 1 MiB, 69.35 W, 26, 345 MHz
2026/09/15 02:12:56.870, 6, GPU-7d80084d-f83b-1a50-3007-35e8f2af67c2, NVIDIA H100 80GB HBM3, 0 %, 1 MiB, 70.97 W, 28, 345 MHz
2026/09/15 02:12:56.872, 7, GPU-69cdf81a-1c5b-4e7c-54e2-2dd45eb25e36, NVIDIA H100 80GB HBM3, 0 %, 1 MiB, 70.31 W, 26, 345 MHz
2026/09/15 02:12:57.874, 0, GPU-3d9bae9f-f6a5-a533-682a-2990f19ffa90, NVIDIA H100 80GB HBM3, 0 %, 10082 MiB, 117.31 W, 39, 1980 MHz
2026/09/15 02:12:57.894, 1, GPU-d67482aa-44bc-1a33-2545-de34f4bb6c82, NVIDIA H100 80GB HBM3, 0 %, 1 MiB, 70.72 W, 34, 345 MHz
2026/09/15 02:12:57.896, 2, GPU-6c47d827-68bc-9d8f-448e-55624a5f2f65, NVIDIA H100 80GB HBM3, 0 %, 1 MiB, 71.52 W, 26, 345 MHz
2026/09/15 02:12:57.898, 3, GPU-a481f1cc-7ac4-a6c3-b8a4-eed1d39e45aa, NVIDIA H100 80GB HBM3, 0 %, 1 MiB, 75.01 W, 26, 345 MHz
2026/09/15 02:12:57.900, 4, GPU-a60182ac-1fbd-0654-4298-7dfab8d789ca, NVIDIA H100 80GB HBM3, 0 %, 1 MiB, 72.36 W, 26, 345 MHz
2026/09/15 02:12:57.901, 5, GPU-11bb96fb-3b4c-98eb-f310-70437157969c, NVIDIA H100 80GB HBM3, 0 %, 1 MiB, 69.35 W, 26, 345 MHz
2026/09/15 02:12:57.906, 6, GPU-7d80084d-f83b-1a50-3007-35e8f2af67c2, NVIDIA H100 80GB HBM3, 0 %, 1 MiB, 70.93 W, 27, 345 MHz
2026/09/15 02:12:57.908, 7, GPU-69cdf81a-1c5b-4e7c-54e2-2dd45eb25e36, NVIDIA H100 80GB HBM3, 0 %, 1 MiB, 70.31 W, 26, 345 MHz
2026/09/15 02:12:58.909, 0, GPU-3d9bae9f-f6a5-a533-682a-2990f19ffa90, NVIDIA H100 80GB HBM3, 0 %, 10082 MiB, 117.33 W, 39, 1980 MHz
2026/09/15 02:12:58.912, 1, GPU-d67482aa-44bc-1a33-2545-de34f4bb6c82, NVIDIA H100 80GB HBM3, 0 %, 1 MiB, 70.75 W, 34, 345 MHz
2026/09/15 02:12:58.914, 2, GPU-6c47d827-68bc-9d8f-448e-55624a5f2f65, NVIDIA H100 80GB HBM3, 0 %, 1 MiB, 71.52 W, 26, 345 MHz
2026/09/15 02:12:58.916, 3, GPU-a481f1cc-7ac4-a6c3-b8a4-eed1d39e45aa, NVIDIA H100 80GB HBM3, 0 %, 1 MiB, 74.99 W, 26, 345 MHz
2026/09/15 02:12:58.917, 4, GPU-a60182ac-1fbd-0654-4298-7dfab8d789ca, NVIDIA H100 80GB HBM3, 0 %, 1 MiB, 72.31 W, 26, 345 MHz
2026/09/15 02:12:58.919, 5, GPU-11bb96fb-3b4c-98eb-f310-70437157969c, NVIDIA H100 80GB HBM3, 0 %, 1 MiB, 69.31 W, 26, 345 MHz
2026/09/15 02:12:58.921, 6, GPU-7d80084d-f83b-1a50-3007-35e8f2af67c2, NVIDIA H100 80GB HBM3, 0 %, 1 MiB, 70.92 W, 28, 345 MHz
2026/09/15 02:12:58.922, 7, GPU-69cdf81a-1c5b-4e7c-54e2-2dd45eb25e36, NVIDIA H100 80GB HBM3, 0 %, 1 MiB, 70.32 W, 26, 345 MHz
2026/09/15 02:12:59.924, 0, GPU-3d9bae9f-f6a5-a533-682a-2990f19ffa90, NVIDIA H100 80GB HBM3, 0 %, 10082 MiB, 117.32 W, 39, 1980 MHz
2026/09/15 02:12:59.926, 1, GPU-d67482aa-44bc-1a33-2545-de34f4bb6c82, NVIDIA H100 80GB HBM3, 0 %, 1 MiB, 70.73 W, 34, 345 MHz
2026/09/15 02:12:59.928, 2, GPU-6c47d827-68bc-9d8f-448e-55624a5f2f65, NVIDIA H100 80GB HBM3, 0 %, 1 MiB, 71.50 W, 26, 345 MHz
2026/09/15 02:12:59.930, 3, GPU-a481f1cc-7ac4-a6c3-b8a4-eed1d39e45aa, NVIDIA H100 80GB HBM3, 0 %, 1 MiB, 74.98 W, 26, 345 MHz
2026/09/15 02:12:59.938, 4, GPU-a60182ac-1fbd-0654-4298-7dfab8d789ca, NVIDIA H100 80GB HBM3, 0 %, 1 MiB, 72.47 W, 26, 345 MHz
2026/09/15 02:12:59.940, 5, GPU-11bb96fb-3b4c-98eb-f310-70437157969c, NVIDIA H100 80GB HBM3, 0 %, 1 MiB, 69.36 W, 26, 345 MHz
2026/09/15 02:12:59.941, 6, GPU-7d80084d-f83b-1a50-3007-35e8f2af67c2, NVIDIA H100 80GB HBM3, 0 %, 1 MiB, 70.87 W, 28, 345 MHz
2026/09/15 02:12:59.943, 7, GPU-69cdf81a-1c5b-4e7c-54e2-2dd45eb25e36, NVIDIA H100 80GB HBM3, 0 %, 1 MiB, 70.32 W, 26, 345 MHz
2026/09/15 02:13:00.944, 0, GPU-3d9bae9f-f6a5-a533-682a-2990f19ffa90, NVIDIA H100 80GB HBM3, 0 %, 10082 MiB, 117.33 W, 39, 1980 MHz
2026/09/15 02:13:00.966, 1, GPU-d67482aa-44bc-1a33-2545-de34f4bb6c82, NVIDIA H100 80GB HBM3, 0 %, 1 MiB, 70.77 W, 34, 345 MHz
2026/09/15 02:13:00.994, 2, GPU-6c47d827-68bc-9d8f-448e-55624a5f2f65, NVIDIA H100 80GB HBM3, 0 %, 1 MiB, 71.49 W, 26, 345 MHz
2026/09/15 02:13:01.027, 3, GPU-a481f1cc-7ac4-a6c3-b8a4-eed1d39e45aa, NVIDIA H100 80GB HBM3, 0 %, 1 MiB, 75.00 W, 26, 345 MHz
2026/09/15 02:13:01.053, 4, GPU-a60182ac-1fbd-0654-4298-7dfab8d789ca, NVIDIA H100 80GB HBM3, 0 %, 1 MiB, 72.31 W, 26, 345 MHz
2026/09/15 02:13:01.079, 5, GPU-11bb96fb-3b4c-98eb-f310-70437157969c, NVIDIA H100 80GB HBM3, 0 %, 1 MiB, 69.33 W, 26, 345 MHz
2026/09/15 02:13:01.081, 6, GPU-7d80084d-f83b-1a50-3007-35e8f2af67c2, NVIDIA H100 80GB HBM3, 0 %, 1 MiB, 70.87 W, 27, 345 MHz
2026/09/15 02:13:01.082, 7, GPU-69cdf81a-1c5b-4e7c-54e2-2dd45eb25e36, NVIDIA H100 80GB HBM3, 0 %, 1 MiB, 70.36 W, 26, 345 MHz
2026/09/15 02:13:02.084, 0, GPU-3d9bae9f-f6a5-a533-682a-2990f19ffa90, NVIDIA H100 80GB HBM3, 0 %, 10082 MiB, 117.34 W, 39, 1980 MHz
2026/09/15 02:13:02.086, 1, GPU-d67482aa-44bc-1a33-2545-de34f4bb6c82, NVIDIA H100 80GB HBM3, 0 %, 1 MiB, 70.73 W, 34, 345 MHz
2026/09/15 02:13:02.088, 2, GPU-6c47d827-68bc-9d8f-448e-55624a5f2f65, NVIDIA H100 80GB HBM3, 0 %, 1 MiB, 71.48 W, 26, 345 MHz
2026/09/15 02:13:02.089, 3, GPU-a481f1cc-7ac4-a6c3-b8a4-eed1d39e45aa, NVIDIA H100 80GB HBM3, 0 %, 1 MiB, 74.93 W, 26, 345 MHz
2026/09/15 02:13:02.090, 4, GPU-a60182ac-1fbd-0654-4298-7dfab8d789ca, NVIDIA H100 80GB HBM3, 0 %, 1 MiB, 72.44 W, 26, 345 MHz
2026/09/15 02:13:02.092, 5, GPU-11bb96fb-3b4c-98eb-f310-70437157969c, NVIDIA H100 80GB HBM3, 0 %, 1 MiB, 69.31 W, 26, 345 MHz
2026/09/15 02:13:02.094, 6, GPU-7d80084d-f83b-1a50-3007-35e8f2af67c2, NVIDIA H100 80GB HBM3, 0 %, 1 MiB, 70.92 W, 28, 345 MHz
2026/09/15 02:13:02.095, 7, GPU-69cdf81a-1c5b-4e7c-54e2-2dd45eb25e36, NVIDIA H100 80GB HBM3, 0 %, 1 MiB, 70.29 W, 26, 345 MHz
2026/09/15 02:13:03.097, 0, GPU-3d9bae9f-f6a5-a533-682a-2990f19ffa90, NVIDIA H100 80GB HBM3, 0 %, 10082 MiB, 117.38 W, 39, 1980 MHz
2026/09/15 02:13:03.099, 1, GPU-d67482aa-44bc-1a33-2545-de34f4bb6c82, NVIDIA H100 80GB HBM3, 0 %, 1 MiB, 70.75 W, 34, 345 MHz
2026/09/15 02:13:03.100, 2, GPU-6c47d827-68bc-9d8f-448e-55624a5f2f65, NVIDIA H100 80GB HBM3, 0 %, 1 MiB, 71.51 W, 26, 345 MHz
2026/09/15 02:13:03.110, 3, GPU-a481f1cc-7ac4-a6c3-b8a4-eed1d39e45aa, NVIDIA H100 80GB HBM3, 0 %, 1 MiB, 74.95 W, 26, 345 MHz
2026/09/15 02:13:03.112, 4, GPU-a60182ac-1fbd-0654-4298-7dfab8d789ca, NVIDIA H100 80GB HBM3, 0 %, 1 MiB, 72.25 W, 26, 345 MHz
2026/09/15 02:13:03.114, 5, GPU-11bb96fb-3b4c-98eb-f310-70437157969c, NVIDIA H100 80GB HBM3, 0 %, 1 MiB, 69.33 W, 26, 345 MHz
2026/09/15 02:13:03.115, 6, GPU-7d80084d-f83b-1a50-3007-35e8f2af67c2, NVIDIA H100 80GB HBM3, 0 %, 1 MiB, 70.92 W, 28, 345 MHz
2026/09/15 02:13:03.117, 7, GPU-69cdf81a-1c5b-4e7c-54e2-2dd45eb25e36, NVIDIA H100 80GB HBM3, 0 %, 1 MiB, 70.32 W, 26, 345 MHz
2026/09/15 02:13:04.120, 0, GPU-3d9bae9f-f6a5-a533-682a-2990f19ffa90, NVIDIA H100 80GB HBM3, 0 %, 10082 MiB, 117.42 W, 39, 1980 MHz
2026/09/15 02:13:04.123, 1, GPU-d67482aa-44bc-1a33-2545-de34f4bb6c82, NVIDIA H100 80GB HBM3, 0 %, 1 MiB, 70.75 W, 34, 345 MHz
2026/09/15 02:13:04.124, 2, GPU-6c47d827-68bc-9d8f-448e-55624a5f2f65, NVIDIA H100 80GB HBM3, 0 %, 1 MiB, 71.50 W, 26, 345 MHz
2026/09/15 02:13:04.126, 3, GPU-a481f1cc-7ac4-a6c3-b8a4-eed1d39e45aa, NVIDIA H100 80GB HBM3, 0 %, 1 MiB, 74.95 W, 26, 345 MHz
2026/09/15 02:13:04.128, 4, GPU-a60182ac-1fbd-0654-4298-7dfab8d789ca, NVIDIA H100 80GB HBM3, 0 %, 1 MiB, 72.38 W, 26, 345 MHz
2026/09/15 02:13:04.129, 5, GPU-11bb96fb-3b4c-98eb-f310-70437157969c, NVIDIA H100 80GB HBM3, 0 %, 1 MiB, 69.33 W, 26, 345 MHz
2026/09/15 02:13:04.131, 6, GPU-7d80084d-f83b-1a50-3007-35e8f2af67c2, NVIDIA H100 80GB HBM3, 0 %, 1 MiB, 70.88 W, 28, 345 MHz
2026/09/15 02:13:04.133, 7, GPU-69cdf81a-1c5b-4e7c-54e2-2dd45eb25e36, NVIDIA H100 80GB HBM3, 0 %, 1 MiB, 70.30 W, 26, 345 MHz
2026/09/15 02:13:05.135, 0, GPU-3d9bae9f-f6a5-a533-682a-2990f19ffa90, NVIDIA H100 80GB HBM3, 0 %, 10082 MiB, 117.36 W, 39, 1980 MHz
2026/09/15 02:13:05.137, 1, GPU-d67482aa-44bc-1a33-2545-de34f4bb6c82, NVIDIA H100 80GB HBM3, 0 %, 1 MiB, 70.75 W, 34, 345 MHz
2026/09/15 02:13:05.139, 2, GPU-6c47d827-68bc-9d8f-448e-55624a5f2f65, NVIDIA H100 80GB HBM3, 0 %, 1 MiB, 71.51 W, 26, 345 MHz
2026/09/15 02:13:05.141, 3, GPU-a481f1cc-7ac4-a6c3-b8a4-eed1d39e45aa, NVIDIA H100 80GB HBM3, 0 %, 1 MiB, 74.96 W, 26, 345 MHz
2026/09/15 02:13:05.142, 4, GPU-a60182ac-1fbd-0654-4298-7dfab8d789ca, NVIDIA H100 80GB HBM3, 0 %, 1 MiB, 72.22 W, 26, 345 MHz
2026/09/15 02:13:05.143, 5, GPU-11bb96fb-3b4c-98eb-f310-70437157969c, NVIDIA H100 80GB HBM3, 0 %, 1 MiB, 69.32 W, 26, 345 MHz
2026/09/15 02:13:05.146, 6, GPU-7d80084d-f83b-1a50-3007-35e8f2af67c2, NVIDIA H100 80GB HBM3, 0 %, 1 MiB, 70.92 W, 28, 345 MHz
2026/09/15 02:13:05.147, 7, GPU-69cdf81a-1c5b-4e7c-54e2-2dd45eb25e36, NVIDIA H100 80GB HBM3, 0 %, 1 MiB, 70.35 W, 26, 345 MHz
2026/09/15 02:13:06.149, 0, GPU-3d9bae9f-f6a5-a533-682a-2990f19ffa90, NVIDIA H100 80GB HBM3, 0 %, 10082 MiB, 117.39 W, 39, 1980 MHz
2026/09/15 02:13:06.151, 1, GPU-d67482aa-44bc-1a33-2545-de34f4bb6c82, NVIDIA H100 80GB HBM3, 0 %, 1 MiB, 70.71 W, 34, 345 MHz
2026/09/15 02:13:06.158, 2, GPU-6c47d827-68bc-9d8f-448e-55624a5f2f65, NVIDIA H100 80GB HBM3, 0 %, 1 MiB, 71.49 W, 26, 345 MHz
2026/09/15 02:13:06.160, 3, GPU-a481f1cc-7ac4-a6c3-b8a4-eed1d39e45aa, NVIDIA H100 80GB HBM3, 0 %, 1 MiB, 74.97 W, 26, 345 MHz
2026/09/15 02:13:06.162, 4, GPU-a60182ac-1fbd-0654-4298-7dfab8d789ca, NVIDIA H100 80GB HBM3, 0 %, 1 MiB, 72.37 W, 26, 345 MHz
2026/09/15 02:13:06.167, 5, GPU-11bb96fb-3b4c-98eb-f310-70437157969c, NVIDIA H100 80GB HBM3, 0 %, 1 MiB, 69.32 W, 26, 345 MHz
2026/09/15 02:13:06.169, 6, GPU-7d80084d-f83b-1a50-3007-35e8f2af67c2, NVIDIA H100 80GB HBM3, 0 %, 1 MiB, 70.90 W, 27, 345 MHz
2026/09/15 02:13:06.171, 7, GPU-69cdf81a-1c5b-4e7c-54e2-2dd45eb25e36, NVIDIA H100 80GB HBM3, 0 %, 1 MiB, 70.27 W, 26, 345 MHz
2026/09/15 02:13:07.173, 0, GPU-3d9bae9f-f6a5-a533-682a-2990f19ffa90, NVIDIA H100 80GB HBM3, 0 %, 10082 MiB, 117.39 W, 39, 1980 MHz
2026/09/15 02:13:07.175, 1, GPU-d67482aa-44bc-1a33-2545-de34f4bb6c82, NVIDIA H100 80GB HBM3, 0 %, 1 MiB, 70.74 W, 34, 345 MHz
2026/09/15 02:13:07.177, 2, GPU-6c47d827-68bc-9d8f-448e-55624a5f2f65, NVIDIA H100 80GB HBM3, 0 %, 1 MiB, 71.51 W, 26, 345 MHz
2026/09/15 02:13:07.179, 3, GPU-a481f1cc-7ac4-a6c3-b8a4-eed1d39e45aa, NVIDIA H100 80GB HBM3, 0 %, 1 MiB, 74.96 W, 26, 345 MHz
2026/09/15 02:13:07.180, 4, GPU-a60182ac-1fbd-0654-4298-7dfab8d789ca, NVIDIA H100 80GB HBM3, 0 %, 1 MiB, 72.29 W, 26, 345 MHz
2026/09/15 02:13:07.181, 5, GPU-11bb96fb-3b4c-98eb-f310-70437157969c, NVIDIA H100 80GB HBM3, 0 %, 1 MiB, 69.35 W, 26, 345 MHz
2026/09/15 02:13:07.183, 6, GPU-7d80084d-f83b-1a50-3007-35e8f2af67c2, NVIDIA H100 80GB HBM3, 0 %, 1 MiB, 70.89 W, 28, 345 MHz
2026/09/15 02:13:07.185, 7, GPU-69cdf81a-1c5b-4e7c-54e2-2dd45eb25e36, NVIDIA H100 80GB HBM3, 0 %, 1 MiB, 70.31 W, 26, 345 MHz
2026/09/15 02:13:08.187, 0, GPU-3d9bae9f-f6a5-a533-682a-2990f19ffa90, NVIDIA H100 80GB HBM3, 0 %, 10082 MiB, 117.40 W, 39, 1980 MHz
2026/09/15 02:13:08.239, 1, GPU-d67482aa-44bc-1a33-2545-de34f4bb6c82, NVIDIA H100 80GB HBM3, 0 %, 1 MiB, 70.75 W, 34, 345 MHz
2026/09/15 02:13:08.241, 2, GPU-6c47d827-68bc-9d8f-448e-55624a5f2f65, NVIDIA H100 80GB HBM3, 0 %, 1 MiB, 71.53 W, 26, 345 MHz
2026/09/15 02:13:08.242, 3, GPU-a481f1cc-7ac4-a6c3-b8a4-eed1d39e45aa, NVIDIA H100 80GB HBM3, 0 %, 1 MiB, 74.95 W, 26, 345 MHz
2026/09/15 02:13:08.244, 4, GPU-a60182ac-1fbd-0654-4298-7dfab8d789ca, NVIDIA H100 80GB HBM3, 0 %, 1 MiB, 72.30 W, 26, 345 MHz
2026/09/15 02:13:08.246, 5, GPU-11bb96fb-3b4c-98eb-f310-70437157969c, NVIDIA H100 80GB HBM3, 0 %, 1 MiB, 69.35 W, 26, 345 MHz
2026/09/15 02:13:08.247, 6, GPU-7d80084d-f83b-1a50-3007-35e8f2af67c2, NVIDIA H100 80GB HBM3, 0 %, 1 MiB, 70.88 W, 27, 345 MHz
2026/09/15 02:13:08.248, 7, GPU-69cdf81a-1c5b-4e7c-54e2-2dd45eb25e36, NVIDIA H100 80GB HBM3, 0 %, 1 MiB, 70.32 W, 26, 345 MHz
2026/09/15 02:13:09.250, 0, GPU-3d9bae9f-f6a5-a533-682a-2990f19ffa90, NVIDIA H100 80GB HBM3, 0 %, 10082 MiB, 117.36 W, 39, 1980 MHz
2026/09/15 02:13:09.252, 1, GPU-d67482aa-44bc-1a33-2545-de34f4bb6c82, NVIDIA H100 80GB HBM3, 0 %, 1 MiB, 70.74 W, 34, 345 MHz
2026/09/15 02:13:09.258, 2, GPU-6c47d827-68bc-9d8f-448e-55624a5f2f65, NVIDIA H100 80GB HBM3, 0 %, 1 MiB, 71.54 W, 26, 345 MHz
2026/09/15 02:13:09.260, 3, GPU-a481f1cc-7ac4-a6c3-b8a4-eed1d39e45aa, NVIDIA H100 80GB HBM3, 0 %, 1 MiB, 74.97 W, 26, 345 MHz
2026/09/15 02:13:09.261, 4, GPU-a60182ac-1fbd-0654-4298-7dfab8d789ca, NVIDIA H100 80GB HBM3, 0 %, 1 MiB, 72.40 W, 26, 345 MHz
2026/09/15 02:13:09.268, 5, GPU-11bb96fb-3b4c-98eb-f310-70437157969c, NVIDIA H100 80GB HBM3, 0 %, 1 MiB, 69.33 W, 26, 345 MHz
2026/09/15 02:13:09.270, 6, GPU-7d80084d-f83b-1a50-3007-35e8f2af67c2, NVIDIA H100 80GB HBM3, 0 %, 1 MiB, 70.91 W, 28, 345 MHz
2026/09/15 02:13:09.271, 7, GPU-69cdf81a-1c5b-4e7c-54e2-2dd45eb25e36, NVIDIA H100 80GB HBM3, 0 %, 1 MiB, 70.30 W, 26, 345 MHz
2026/09/15 02:13:10.276, 0, GPU-3d9bae9f-f6a5-a533-682a-2990f19ffa90, NVIDIA H100 80GB HBM3, 0 %, 10082 MiB, 117.37 W, 39, 1980 MHz
2026/09/15 02:13:10.279, 1, GPU-d67482aa-44bc-1a33-2545-de34f4bb6c82, NVIDIA H100 80GB HBM3, 0 %, 1 MiB, 70.73 W, 34, 345 MHz
2026/09/15 02:13:10.280, 2, GPU-6c47d827-68bc-9d8f-448e-55624a5f2f65, NVIDIA H100 80GB HBM3, 0 %, 1 MiB, 71.54 W, 26, 345 MHz
2026/09/15 02:13:10.282, 3, GPU-a481f1cc-7ac4-a6c3-b8a4-eed1d39e45aa, NVIDIA H100 80GB HBM3, 0 %, 1 MiB, 74.95 W, 26, 345 MHz
2026/09/15 02:13:10.284, 4, GPU-a60182ac-1fbd-0654-4298-7dfab8d789ca, NVIDIA H100 80GB HBM3, 0 %, 1 MiB, 72.21 W, 26, 345 MHz
2026/09/15 02:13:10.286, 5, GPU-11bb96fb-3b4c-98eb-f310-70437157969c, NVIDIA H100 80GB HBM3, 0 %, 1 MiB, 69.33 W, 26, 345 MHz
2026/09/15 02:13:10.287, 6, GPU-7d80084d-f83b-1a50-3007-35e8f2af67c2, NVIDIA H100 80GB HBM3, 0 %, 1 MiB, 70.93 W, 27, 345 MHz
2026/09/15 02:13:10.289, 7, GPU-69cdf81a-1c5b-4e7c-54e2-2dd45eb25e36, NVIDIA H100 80GB HBM3, 0 %, 1 MiB, 70.30 W, 26, 345 MHz
2026/09/15 02:13:11.290, 0, GPU-3d9bae9f-f6a5-a533-682a-2990f19ffa90, NVIDIA H100 80GB HBM3, 0 %, 10082 MiB, 117.34 W, 39, 1980 MHz
2026/09/15 02:13:11.293, 1, GPU-d67482aa-44bc-1a33-2545-de34f4bb6c82, NVIDIA H100 80GB HBM3, 0 %, 1 MiB, 70.75 W, 34, 345 MHz
2026/09/15 02:13:11.298, 2, GPU-6c47d827-68bc-9d8f-448e-55624a5f2f65, NVIDIA H100 80GB HBM3, 0 %, 1 MiB, 71.50 W, 26, 345 MHz
2026/09/15 02:13:11.310, 3, GPU-a481f1cc-7ac4-a6c3-b8a4-eed1d39e45aa, NVIDIA H100 80GB HBM3, 0 %, 1 MiB, 74.92 W, 26, 345 MHz
2026/09/15 02:13:11.311, 4, GPU-a60182ac-1fbd-0654-4298-7dfab8d789ca, NVIDIA H100 80GB HBM3, 0 %, 1 MiB, 72.40 W, 26, 345 MHz
2026/09/15 02:13:11.313, 5, GPU-11bb96fb-3b4c-98eb-f310-70437157969c, NVIDIA H100 80GB HBM3, 0 %, 1 MiB, 69.33 W, 26, 345 MHz
2026/09/15 02:13:11.316, 6, GPU-7d80084d-f83b-1a50-3007-35e8f2af67c2, NVIDIA H100 80GB HBM3, 0 %, 1 MiB, 70.90 W, 27, 345 MHz
2026/09/15 02:13:11.319, 7, GPU-69cdf81a-1c5b-4e7c-54e2-2dd45eb25e36, NVIDIA H100 80GB HBM3, 0 %, 1 MiB, 70.35 W, 26, 345 MHz
2026/09/15 02:13:12.321, 0, GPU-3d9bae9f-f6a5-a533-682a-2990f19ffa90, NVIDIA H100 80GB HBM3, 0 %, 10082 MiB, 117.36 W, 39, 1980 MHz
2026/09/15 02:13:12.337, 1, GPU-d67482aa-44bc-1a33-2545-de34f4bb6c82, NVIDIA H100 80GB HBM3, 0 %, 1 MiB, 70.76 W, 34, 345 MHz
2026/09/15 02:13:12.361, 2, GPU-6c47d827-68bc-9d8f-448e-55624a5f2f65, NVIDIA H100 80GB HBM3, 0 %, 1 MiB, 71.56 W, 26, 345 MHz
2026/09/15 02:13:12.392, 3, GPU-a481f1cc-7ac4-a6c3-b8a4-eed1d39e45aa, NVIDIA H100 80GB HBM3, 0 %, 1 MiB, 74.94 W, 26, 345 MHz
2026/09/15 02:13:12.424, 4, GPU-a60182ac-1fbd-0654-4298-7dfab8d789ca, NVIDIA H100 80GB HBM3, 0 %, 1 MiB, 72.25 W, 26, 345 MHz
2026/09/15 02:13:12.452, 5, GPU-11bb96fb-3b4c-98eb-f310-70437157969c, NVIDIA H100 80GB HBM3, 0 %, 1 MiB, 69.39 W, 26, 345 MHz
2026/09/15 02:13:12.478, 6, GPU-7d80084d-f83b-1a50-3007-35e8f2af67c2, NVIDIA H100 80GB HBM3, 0 %, 1 MiB, 70.91 W, 28, 345 MHz
2026/09/15 02:13:12.480, 7, GPU-69cdf81a-1c5b-4e7c-54e2-2dd45eb25e36, NVIDIA H100 80GB HBM3, 0 %, 1 MiB, 70.31 W, 26, 345 MHz
2026/09/15 02:13:13.481, 0, GPU-3d9bae9f-f6a5-a533-682a-2990f19ffa90, NVIDIA H100 80GB HBM3, 0 %, 10082 MiB, 117.39 W, 39, 1980 MHz
2026/09/15 02:13:13.483, 1, GPU-d67482aa-44bc-1a33-2545-de34f4bb6c82, NVIDIA H100 80GB HBM3, 0 %, 1 MiB, 70.74 W, 34, 345 MHz
2026/09/15 02:13:13.485, 2, GPU-6c47d827-68bc-9d8f-448e-55624a5f2f65, NVIDIA H100 80GB HBM3, 0 %, 1 MiB, 71.51 W, 26, 345 MHz
2026/09/15 02:13:13.486, 3, GPU-a481f1cc-7ac4-a6c3-b8a4-eed1d39e45aa, NVIDIA H100 80GB HBM3, 0 %, 1 MiB, 74.95 W, 26, 345 MHz
2026/09/15 02:13:13.488, 4, GPU-a60182ac-1fbd-0654-4298-7dfab8d789ca, NVIDIA H100 80GB HBM3, 0 %, 1 MiB, 72.39 W, 26, 345 MHz
2026/09/15 02:13:13.490, 5, GPU-11bb96fb-3b4c-98eb-f310-70437157969c, NVIDIA H100 80GB HBM3, 0 %, 1 MiB, 69.35 W, 26, 345 MHz
2026/09/15 02:13:13.491, 6, GPU-7d80084d-f83b-1a50-3007-35e8f2af67c2, NVIDIA H100 80GB HBM3, 0 %, 1 MiB, 70.90 W, 28, 345 MHz
2026/09/15 02:13:13.493, 7, GPU-69cdf81a-1c5b-4e7c-54e2-2dd45eb25e36, NVIDIA H100 80GB HBM3, 0 %, 1 MiB, 70.29 W, 26, 345 MHz
2026/09/15 02:13:14.495, 0, GPU-3d9bae9f-f6a5-a533-682a-2990f19ffa90, NVIDIA H100 80GB HBM3, 0 %, 10082 MiB, 117.41 W, 39, 1980 MHz
2026/09/15 02:13:14.497, 1, GPU-d67482aa-44bc-1a33-2545-de34f4bb6c82, NVIDIA H100 80GB HBM3, 0 %, 1 MiB, 70.72 W, 34, 345 MHz
2026/09/15 02:13:14.499, 2, GPU-6c47d827-68bc-9d8f-448e-55624a5f2f65, NVIDIA H100 80GB HBM3, 0 %, 1 MiB, 71.55 W, 26, 345 MHz
2026/09/15 02:13:14.510, 3, GPU-a481f1cc-7ac4-a6c3-b8a4-eed1d39e45aa, NVIDIA H100 80GB HBM3, 0 %, 1 MiB, 74.93 W, 26, 345 MHz
2026/09/15 02:13:14.511, 4, GPU-a60182ac-1fbd-0654-4298-7dfab8d789ca, NVIDIA H100 80GB HBM3, 0 %, 1 MiB, 72.38 W, 26, 345 MHz
2026/09/15 02:13:14.513, 5, GPU-11bb96fb-3b4c-98eb-f310-70437157969c, NVIDIA H100 80GB HBM3, 0 %, 1 MiB, 69.35 W, 26, 345 MHz
2026/09/15 02:13:14.515, 6, GPU-7d80084d-f83b-1a50-3007-35e8f2af67c2, NVIDIA H100 80GB HBM3, 0 %, 1 MiB, 70.87 W, 28, 345 MHz
2026/09/15 02:13:14.516, 7, GPU-69cdf81a-1c5b-4e7c-54e2-2dd45eb25e36, NVIDIA H100 80GB HBM3, 0 %, 1 MiB, 70.26 W, 26, 345 MHz
2026/09/15 02:13:15.520, 0, GPU-3d9bae9f-f6a5-a533-682a-2990f19ffa90, NVIDIA H100 80GB HBM3, 0 %, 10082 MiB, 117.38 W, 39, 1980 MHz
2026/09/15 02:13:15.523, 1, GPU-d67482aa-44bc-1a33-2545-de34f4bb6c82, NVIDIA H100 80GB HBM3, 0 %, 1 MiB, 70.73 W, 34, 345 MHz
2026/09/15 02:13:15.525, 2, GPU-6c47d827-68bc-9d8f-448e-55624a5f2f65, NVIDIA H100 80GB HBM3, 0 %, 1 MiB, 71.53 W, 26, 345 MHz
2026/09/15 02:13:15.526, 3, GPU-a481f1cc-7ac4-a6c3-b8a4-eed1d39e45aa, NVIDIA H100 80GB HBM3, 0 %, 1 MiB, 74.95 W, 26, 345 MHz
2026/09/15 02:13:15.528, 4, GPU-a60182ac-1fbd-0654-4298-7dfab8d789ca, NVIDIA H100 80GB HBM3, 0 %, 1 MiB, 72.33 W, 26, 345 MHz
2026/09/15 02:13:15.530, 5, GPU-11bb96fb-3b4c-98eb-f310-70437157969c, NVIDIA H100 80GB HBM3, 0 %, 1 MiB, 69.35 W, 26, 345 MHz
2026/09/15 02:13:15.531, 6, GPU-7d80084d-f83b-1a50-3007-35e8f2af67c2, NVIDIA H100 80GB HBM3, 0 %, 1 MiB, 70.93 W, 27, 345 MHz
2026/09/15 02:13:15.533, 7, GPU-69cdf81a-1c5b-4e7c-54e2-2dd45eb25e36, NVIDIA H100 80GB HBM3, 0 %, 1 MiB, 70.32 W, 26, 345 MHz
2026/09/15 02:13:16.535, 0, GPU-3d9bae9f-f6a5-a533-682a-2990f19ffa90, NVIDIA H100 80GB HBM3, 0 %, 10082 MiB, 117.38 W, 39, 1980 MHz
2026/09/15 02:13:16.555, 1, GPU-d67482aa-44bc-1a33-2545-de34f4bb6c82, NVIDIA H100 80GB HBM3, 0 %, 1 MiB, 70.74 W, 34, 345 MHz
2026/09/15 02:13:16.580, 2, GPU-6c47d827-68bc-9d8f-448e-55624a5f2f65, NVIDIA H100 80GB HBM3, 0 %, 1 MiB, 71.54 W, 26, 345 MHz
2026/09/15 02:13:16.611, 3, GPU-a481f1cc-7ac4-a6c3-b8a4-eed1d39e45aa, NVIDIA H100 80GB HBM3, 0 %, 1 MiB, 74.95 W, 26, 345 MHz
2026/09/15 02:13:16.640, 4, GPU-a60182ac-1fbd-0654-4298-7dfab8d789ca, NVIDIA H100 80GB HBM3, 0 %, 1 MiB, 72.41 W, 26, 345 MHz
2026/09/15 02:13:16.670, 5, GPU-11bb96fb-3b4c-98eb-f310-70437157969c, NVIDIA H100 80GB HBM3, 0 %, 1 MiB, 69.37 W, 26, 345 MHz
2026/09/15 02:13:16.696, 6, GPU-7d80084d-f83b-1a50-3007-35e8f2af67c2, NVIDIA H100 80GB HBM3, 0 %, 1 MiB, 70.92 W, 27, 345 MHz
2026/09/15 02:13:16.721, 7, GPU-69cdf81a-1c5b-4e7c-54e2-2dd45eb25e36, NVIDIA H100 80GB HBM3, 0 %, 1 MiB, 70.34 W, 26, 345 MHz
2026/09/15 02:13:17.747, 0, GPU-3d9bae9f-f6a5-a533-682a-2990f19ffa90, NVIDIA H100 80GB HBM3, 0 %, 10082 MiB, 117.38 W, 39, 1980 MHz
2026/09/15 02:13:17.749, 1, GPU-d67482aa-44bc-1a33-2545-de34f4bb6c82, NVIDIA H100 80GB HBM3, 0 %, 1 MiB, 70.75 W, 34, 345 MHz
2026/09/15 02:13:17.759, 2, GPU-6c47d827-68bc-9d8f-448e-55624a5f2f65, NVIDIA H100 80GB HBM3, 0 %, 1 MiB, 71.51 W, 26, 345 MHz
2026/09/15 02:13:17.762, 3, GPU-a481f1cc-7ac4-a6c3-b8a4-eed1d39e45aa, NVIDIA H100 80GB HBM3, 0 %, 1 MiB, 74.96 W, 26, 345 MHz
2026/09/15 02:13:17.763, 4, GPU-a60182ac-1fbd-0654-4298-7dfab8d789ca, NVIDIA H100 80GB HBM3, 0 %, 1 MiB, 72.24 W, 26, 345 MHz
2026/09/15 02:13:17.768, 5, GPU-11bb96fb-3b4c-98eb-f310-70437157969c, NVIDIA H100 80GB HBM3, 0 %, 1 MiB, 69.33 W, 26, 345 MHz
2026/09/15 02:13:17.770, 6, GPU-7d80084d-f83b-1a50-3007-35e8f2af67c2, NVIDIA H100 80GB HBM3, 0 %, 1 MiB, 70.90 W, 27, 345 MHz
2026/09/15 02:13:17.771, 7, GPU-69cdf81a-1c5b-4e7c-54e2-2dd45eb25e36, NVIDIA H100 80GB HBM3, 0 %, 1 MiB, 70.34 W, 26, 345 MHz
2026/09/15 02:13:18.773, 0, GPU-3d9bae9f-f6a5-a533-682a-2990f19ffa90, NVIDIA H100 80GB HBM3, 0 %, 10082 MiB, 117.39 W, 39, 1980 MHz
2026/09/15 02:13:18.775, 1, GPU-d67482aa-44bc-1a33-2545-de34f4bb6c82, NVIDIA H100 80GB HBM3, 0 %, 1 MiB, 70.76 W, 34, 345 MHz
2026/09/15 02:13:18.777, 2, GPU-6c47d827-68bc-9d8f-448e-55624a5f2f65, NVIDIA H100 80GB HBM3, 0 %, 1 MiB, 71.52 W, 26, 345 MHz
2026/09/15 02:13:18.779, 3, GPU-a481f1cc-7ac4-a6c3-b8a4-eed1d39e45aa, NVIDIA H100 80GB HBM3, 0 %, 1 MiB, 74.97 W, 26, 345 MHz
2026/09/15 02:13:18.780, 4, GPU-a60182ac-1fbd-0654-4298-7dfab8d789ca, NVIDIA H100 80GB HBM3, 0 %, 1 MiB, 72.33 W, 26, 345 MHz
2026/09/15 02:13:18.782, 5, GPU-11bb96fb-3b4c-98eb-f310-70437157969c, NVIDIA H100 80GB HBM3, 0 %, 1 MiB, 69.35 W, 26, 345 MHz
2026/09/15 02:13:18.784, 6, GPU-7d80084d-f83b-1a50-3007-35e8f2af67c2, NVIDIA H100 80GB HBM3, 0 %, 1 MiB, 70.90 W, 27, 345 MHz
2026/09/15 02:13:18.786, 7, GPU-69cdf81a-1c5b-4e7c-54e2-2dd45eb25e36, NVIDIA H100 80GB HBM3, 0 %, 1 MiB, 70.35 W, 26, 345 MHz
2026/09/15 02:13:19.788, 0, GPU-3d9bae9f-f6a5-a533-682a-2990f19ffa90, NVIDIA H100 80GB HBM3, 0 %, 10082 MiB, 117.39 W, 39, 1980 MHz
2026/09/15 02:13:19.789, 1, GPU-d67482aa-44bc-1a33-2545-de34f4bb6c82, NVIDIA H100 80GB HBM3, 0 %, 1 MiB, 70.71 W, 34, 345 MHz
2026/09/15 02:13:19.791, 2, GPU-6c47d827-68bc-9d8f-448e-55624a5f2f65, NVIDIA H100 80GB HBM3, 0 %, 1 MiB, 71.50 W, 26, 345 MHz
2026/09/15 02:13:19.792, 3, GPU-a481f1cc-7ac4-a6c3-b8a4-eed1d39e45aa, NVIDIA H100 80GB HBM3, 0 %, 1 MiB, 74.94 W, 26, 345 MHz
2026/09/15 02:13:19.794, 4, GPU-a60182ac-1fbd-0654-4298-7dfab8d789ca, NVIDIA H100 80GB HBM3, 0 %, 1 MiB, 72.29 W, 26, 345 MHz
2026/09/15 02:13:19.795, 5, GPU-11bb96fb-3b4c-98eb-f310-70437157969c, NVIDIA H100 80GB HBM3, 0 %, 1 MiB, 69.31 W, 26, 345 MHz
2026/09/15 02:13:19.797, 6, GPU-7d80084d-f83b-1a50-3007-35e8f2af67c2, NVIDIA H100 80GB HBM3, 0 %, 1 MiB, 70.89 W, 28, 345 MHz
2026/09/15 02:13:19.800, 7, GPU-69cdf81a-1c5b-4e7c-54e2-2dd45eb25e36, NVIDIA H100 80GB HBM3, 0 %, 1 MiB, 70.31 W, 26, 345 MHz
2026/09/15 02:13:20.801, 0, GPU-3d9bae9f-f6a5-a533-682a-2990f19ffa90, NVIDIA H100 80GB HBM3, 0 %, 10082 MiB, 117.37 W, 39, 1980 MHz
2026/09/15 02:13:20.824, 1, GPU-d67482aa-44bc-1a33-2545-de34f4bb6c82, NVIDIA H100 80GB HBM3, 0 %, 1 MiB, 70.77 W, 34, 345 MHz
2026/09/15 02:13:20.826, 2, GPU-6c47d827-68bc-9d8f-448e-55624a5f2f65, NVIDIA H100 80GB HBM3, 0 %, 1 MiB, 71.52 W, 26, 345 MHz
2026/09/15 02:13:20.827, 3, GPU-a481f1cc-7ac4-a6c3-b8a4-eed1d39e45aa, NVIDIA H100 80GB HBM3, 0 %, 1 MiB, 74.97 W, 26, 345 MHz
2026/09/15 02:13:20.830, 4, GPU-a60182ac-1fbd-0654-4298-7dfab8d789ca, NVIDIA H100 80GB HBM3, 0 %, 1 MiB, 72.28 W, 26, 345 MHz
2026/09/15 02:13:20.831, 5, GPU-11bb96fb-3b4c-98eb-f310-70437157969c, NVIDIA H100 80GB HBM3, 0 %, 1 MiB, 69.32 W, 26, 345 MHz
2026/09/15 02:13:20.833, 6, GPU-7d80084d-f83b-1a50-3007-35e8f2af67c2, NVIDIA H100 80GB HBM3, 0 %, 1 MiB, 70.90 W, 27, 345 MHz
2026/09/15 02:13:20.834, 7, GPU-69cdf81a-1c5b-4e7c-54e2-2dd45eb25e36, NVIDIA H100 80GB HBM3, 0 %, 1 MiB, 70.33 W, 26, 345 MHz
2026/09/15 02:13:21.836, 0, GPU-3d9bae9f-f6a5-a533-682a-2990f19ffa90, NVIDIA H100 80GB HBM3, 0 %, 10082 MiB, 117.38 W, 39, 1980 MHz
2026/09/15 02:13:21.838, 1, GPU-d67482aa-44bc-1a33-2545-de34f4bb6c82, NVIDIA H100 80GB HBM3, 0 %, 1 MiB, 70.79 W, 34, 345 MHz
2026/09/15 02:13:21.839, 2, GPU-6c47d827-68bc-9d8f-448e-55624a5f2f65, NVIDIA H100 80GB HBM3, 0 %, 1 MiB, 71.50 W, 26, 345 MHz
2026/09/15 02:13:21.842, 3, GPU-a481f1cc-7ac4-a6c3-b8a4-eed1d39e45aa, NVIDIA H100 80GB HBM3, 0 %, 1 MiB, 74.90 W, 26, 345 MHz
2026/09/15 02:13:21.843, 4, GPU-a60182ac-1fbd-0654-4298-7dfab8d789ca, NVIDIA H100 80GB HBM3, 0 %, 1 MiB, 72.33 W, 26, 345 MHz
2026/09/15 02:13:21.844, 5, GPU-11bb96fb-3b4c-98eb-f310-70437157969c, NVIDIA H100 80GB HBM3, 0 %, 1 MiB, 69.30 W, 26, 345 MHz
2026/09/15 02:13:21.846, 6, GPU-7d80084d-f83b-1a50-3007-35e8f2af67c2, NVIDIA H100 80GB HBM3, 0 %, 1 MiB, 70.94 W, 27, 345 MHz
2026/09/15 02:13:21.848, 7, GPU-69cdf81a-1c5b-4e7c-54e2-2dd45eb25e36, NVIDIA H100 80GB HBM3, 0 %, 1 MiB, 70.32 W, 26, 345 MHz
2026/09/15 02:13:22.849, 0, GPU-3d9bae9f-f6a5-a533-682a-2990f19ffa90, NVIDIA H100 80GB HBM3, 0 %, 10082 MiB, 117.32 W, 39, 1980 MHz
2026/09/15 02:13:22.856, 1, GPU-d67482aa-44bc-1a33-2545-de34f4bb6c82, NVIDIA H100 80GB HBM3, 0 %, 1 MiB, 70.76 W, 34, 345 MHz
2026/09/15 02:13:22.858, 2, GPU-6c47d827-68bc-9d8f-448e-55624a5f2f65, NVIDIA H100 80GB HBM3, 0 %, 1 MiB, 71.50 W, 26, 345 MHz
2026/09/15 02:13:22.860, 3, GPU-a481f1cc-7ac4-a6c3-b8a4-eed1d39e45aa, NVIDIA H100 80GB HBM3, 0 %, 1 MiB, 74.91 W, 26, 345 MHz
2026/09/15 02:13:22.861, 4, GPU-a60182ac-1fbd-0654-4298-7dfab8d789ca, NVIDIA H100 80GB HBM3, 0 %, 1 MiB, 72.29 W, 26, 345 MHz
2026/09/15 02:13:22.869, 5, GPU-11bb96fb-3b4c-98eb-f310-70437157969c, NVIDIA H100 80GB HBM3, 0 %, 1 MiB, 69.34 W, 26, 345 MHz
2026/09/15 02:13:22.870, 6, GPU-7d80084d-f83b-1a50-3007-35e8f2af67c2, NVIDIA H100 80GB HBM3, 0 %, 1 MiB, 70.90 W, 27, 345 MHz
2026/09/15 02:13:22.872, 7, GPU-69cdf81a-1c5b-4e7c-54e2-2dd45eb25e36, NVIDIA H100 80GB HBM3, 0 %, 1 MiB, 70.27 W, 26, 345 MHz
2026/09/15 02:13:23.875, 0, GPU-3d9bae9f-f6a5-a533-682a-2990f19ffa90, NVIDIA H100 80GB HBM3, 0 %, 10082 MiB, 117.32 W, 39, 1980 MHz
2026/09/15 02:13:23.890, 1, GPU-d67482aa-44bc-1a33-2545-de34f4bb6c82, NVIDIA H100 80GB HBM3, 0 %, 1 MiB, 70.76 W, 34, 345 MHz
2026/09/15 02:13:23.920, 2, GPU-6c47d827-68bc-9d8f-448e-55624a5f2f65, NVIDIA H100 80GB HBM3, 0 %, 1 MiB, 71.52 W, 26, 345 MHz
2026/09/15 02:13:23.949, 3, GPU-a481f1cc-7ac4-a6c3-b8a4-eed1d39e45aa, NVIDIA H100 80GB HBM3, 0 %, 1 MiB, 74.94 W, 26, 345 MHz
2026/09/15 02:13:23.955, 4, GPU-a60182ac-1fbd-0654-4298-7dfab8d789ca, NVIDIA H100 80GB HBM3, 0 %, 1 MiB, 72.47 W, 26, 345 MHz
2026/09/15 02:13:23.972, 5, GPU-11bb96fb-3b4c-98eb-f310-70437157969c, NVIDIA H100 80GB HBM3, 0 %, 1 MiB, 69.31 W, 26, 345 MHz
2026/09/15 02:13:23.979, 6, GPU-7d80084d-f83b-1a50-3007-35e8f2af67c2, NVIDIA H100 80GB HBM3, 0 %, 1 MiB, 70.89 W, 27, 345 MHz
2026/09/15 02:13:23.982, 7, GPU-69cdf81a-1c5b-4e7c-54e2-2dd45eb25e36, NVIDIA H100 80GB HBM3, 0 %, 1 MiB, 70.29 W, 26, 345 MHz
2026/09/15 02:13:24.983, 0, GPU-3d9bae9f-f6a5-a533-682a-2990f19ffa90, NVIDIA H100 80GB HBM3, 0 %, 10082 MiB, 117.34 W, 39, 1980 MHz
2026/09/15 02:13:24.986, 1, GPU-d67482aa-44bc-1a33-2545-de34f4bb6c82, NVIDIA H100 80GB HBM3, 0 %, 1 MiB, 70.78 W, 34, 345 MHz
2026/09/15 02:13:24.991, 2, GPU-6c47d827-68bc-9d8f-448e-55624a5f2f65, NVIDIA H100 80GB HBM3, 0 %, 1 MiB, 71.47 W, 26, 345 MHz
2026/09/15 02:13:24.997, 3, GPU-a481f1cc-7ac4-a6c3-b8a4-eed1d39e45aa, NVIDIA H100 80GB HBM3, 0 %, 1 MiB, 74.97 W, 26, 345 MHz
2026/09/15 02:13:25.007, 4, GPU-a60182ac-1fbd-0654-4298-7dfab8d789ca, NVIDIA H100 80GB HBM3, 0 %, 1 MiB, 72.20 W, 26, 345 MHz
2026/09/15 02:13:25.012, 5, GPU-11bb96fb-3b4c-98eb-f310-70437157969c, NVIDIA H100 80GB HBM3, 0 %, 1 MiB, 69.34 W, 26, 345 MHz
2026/09/15 02:13:25.020, 6, GPU-7d80084d-f83b-1a50-3007-35e8f2af67c2, NVIDIA H100 80GB HBM3, 0 %, 1 MiB, 70.88 W, 27, 345 MHz
2026/09/15 02:13:25.024, 7, GPU-69cdf81a-1c5b-4e7c-54e2-2dd45eb25e36, NVIDIA H100 80GB HBM3, 0 %, 1 MiB, 70.30 W, 26, 345 MHz
2026/09/15 02:13:26.027, 0, GPU-3d9bae9f-f6a5-a533-682a-2990f19ffa90, NVIDIA H100 80GB HBM3, 0 %, 10082 MiB, 117.34 W, 39, 1980 MHz
2026/09/15 02:13:26.030, 1, GPU-d67482aa-44bc-1a33-2545-de34f4bb6c82, NVIDIA H100 80GB HBM3, 0 %, 1 MiB, 70.75 W, 34, 345 MHz
2026/09/15 02:13:26.038, 2, GPU-6c47d827-68bc-9d8f-448e-55624a5f2f65, NVIDIA H100 80GB HBM3, 0 %, 1 MiB, 71.52 W, 26, 345 MHz
2026/09/15 02:13:26.044, 3, GPU-a481f1cc-7ac4-a6c3-b8a4-eed1d39e45aa, NVIDIA H100 80GB HBM3, 0 %, 1 MiB, 74.93 W, 26, 345 MHz
2026/09/15 02:13:26.050, 4, GPU-a60182ac-1fbd-0654-4298-7dfab8d789ca, NVIDIA H100 80GB HBM3, 0 %, 1 MiB, 72.46 W, 26, 345 MHz
2026/09/15 02:13:26.054, 5, GPU-11bb96fb-3b4c-98eb-f310-70437157969c, NVIDIA H100 80GB HBM3, 0 %, 1 MiB, 69.33 W, 26, 345 MHz
2026/09/15 02:13:26.059, 6, GPU-7d80084d-f83b-1a50-3007-35e8f2af67c2, NVIDIA H100 80GB HBM3, 0 %, 1 MiB, 70.88 W, 27, 345 MHz
2026/09/15 02:13:26.065, 7, GPU-69cdf81a-1c5b-4e7c-54e2-2dd45eb25e36, NVIDIA H100 80GB HBM3, 0 %, 1 MiB, 70.31 W, 26, 345 MHz
2026/09/15 02:13:27.068, 0, GPU-3d9bae9f-f6a5-a533-682a-2990f19ffa90, NVIDIA H100 80GB HBM3, 0 %, 10082 MiB, 117.34 W, 39, 1980 MHz
2026/09/15 02:13:27.072, 1, GPU-d67482aa-44bc-1a33-2545-de34f4bb6c82, NVIDIA H100 80GB HBM3, 0 %, 1 MiB, 70.73 W, 34, 345 MHz
2026/09/15 02:13:27.078, 2, GPU-6c47d827-68bc-9d8f-448e-55624a5f2f65, NVIDIA H100 80GB HBM3, 0 %, 1 MiB, 71.53 W, 26, 345 MHz
2026/09/15 02:13:27.083, 3, GPU-a481f1cc-7ac4-a6c3-b8a4-eed1d39e45aa, NVIDIA H100 80GB HBM3, 0 %, 1 MiB, 74.96 W, 26, 345 MHz
2026/09/15 02:13:27.087, 4, GPU-a60182ac-1fbd-0654-4298-7dfab8d789ca, NVIDIA H100 80GB HBM3, 0 %, 1 MiB, 72.23 W, 26, 345 MHz
2026/09/15 02:13:27.089, 5, GPU-11bb96fb-3b4c-98eb-f310-70437157969c, NVIDIA H100 80GB HBM3, 0 %, 1 MiB, 69.33 W, 26, 345 MHz
2026/09/15 02:13:27.093, 6, GPU-7d80084d-f83b-1a50-3007-35e8f2af67c2, NVIDIA H100 80GB HBM3, 0 %, 1 MiB, 70.92 W, 27, 345 MHz
2026/09/15 02:13:27.097, 7, GPU-69cdf81a-1c5b-4e7c-54e2-2dd45eb25e36, NVIDIA H100 80GB HBM3, 0 %, 1 MiB, 70.34 W, 26, 345 MHz
2026/09/15 02:13:28.100, 0, GPU-3d9bae9f-f6a5-a533-682a-2990f19ffa90, NVIDIA H100 80GB HBM3, 0 %, 10082 MiB, 117.40 W, 39, 1980 MHz
2026/09/15 02:13:28.125, 1, GPU-d67482aa-44bc-1a33-2545-de34f4bb6c82, NVIDIA H100 80GB HBM3, 0 %, 1 MiB, 70.74 W, 34, 345 MHz
2026/09/15 02:13:28.162, 2, GPU-6c47d827-68bc-9d8f-448e-55624a5f2f65, NVIDIA H100 80GB HBM3, 0 %, 1 MiB, 71.52 W, 26, 345 MHz
2026/09/15 02:13:28.194, 3, GPU-a481f1cc-7ac4-a6c3-b8a4-eed1d39e45aa, NVIDIA H100 80GB HBM3, 0 %, 1 MiB, 74.98 W, 26, 345 MHz
2026/09/15 02:13:28.220, 4, GPU-a60182ac-1fbd-0654-4298-7dfab8d789ca, NVIDIA H100 80GB HBM3, 0 %, 1 MiB, 72.18 W, 26, 345 MHz
2026/09/15 02:13:28.251, 5, GPU-11bb96fb-3b4c-98eb-f310-70437157969c, NVIDIA H100 80GB HBM3, 0 %, 1 MiB, 69.32 W, 26, 345 MHz
2026/09/15 02:13:28.278, 6, GPU-7d80084d-f83b-1a50-3007-35e8f2af67c2, NVIDIA H100 80GB HBM3, 0 %, 1 MiB, 70.89 W, 27, 345 MHz
2026/09/15 02:13:28.309, 7, GPU-69cdf81a-1c5b-4e7c-54e2-2dd45eb25e36, NVIDIA H100 80GB HBM3, 0 %, 1 MiB, 70.33 W, 26, 345 MHz
2026/09/15 02:13:29.346, 0, GPU-3d9bae9f-f6a5-a533-682a-2990f19ffa90, NVIDIA H100 80GB HBM3, 0 %, 10082 MiB, 117.36 W, 39, 1980 MHz
2026/09/15 02:13:29.348, 1, GPU-d67482aa-44bc-1a33-2545-de34f4bb6c82, NVIDIA H100 80GB HBM3, 0 %, 1 MiB, 70.78 W, 34, 345 MHz
2026/09/15 02:13:29.359, 2, GPU-6c47d827-68bc-9d8f-448e-55624a5f2f65, NVIDIA H100 80GB HBM3, 0 %, 1 MiB, 71.52 W, 26, 345 MHz
2026/09/15 02:13:29.361, 3, GPU-a481f1cc-7ac4-a6c3-b8a4-eed1d39e45aa, NVIDIA H100 80GB HBM3, 0 %, 1 MiB, 75.03 W, 26, 345 MHz
2026/09/15 02:13:29.362, 4, GPU-a60182ac-1fbd-0654-4298-7dfab8d789ca, NVIDIA H100 80GB HBM3, 0 %, 1 MiB, 72.34 W, 26, 345 MHz
2026/09/15 02:13:29.367, 5, GPU-11bb96fb-3b4c-98eb-f310-70437157969c, NVIDIA H100 80GB HBM3, 0 %, 1 MiB, 69.36 W, 26, 345 MHz
2026/09/15 02:13:29.369, 6, GPU-7d80084d-f83b-1a50-3007-35e8f2af67c2, NVIDIA H100 80GB HBM3, 0 %, 1 MiB, 70.89 W, 27, 345 MHz
2026/09/15 02:13:29.370, 7, GPU-69cdf81a-1c5b-4e7c-54e2-2dd45eb25e36, NVIDIA H100 80GB HBM3, 0 %, 1 MiB, 70.33 W, 26, 345 MHz
2026/09/15 02:13:30.371, 0, GPU-3d9bae9f-f6a5-a533-682a-2990f19ffa90, NVIDIA H100 80GB HBM3, 0 %, 10082 MiB, 117.41 W, 39, 1980 MHz
2026/09/15 02:13:30.374, 1, GPU-d67482aa-44bc-1a33-2545-de34f4bb6c82, NVIDIA H100 80GB HBM3, 0 %, 1 MiB, 70.80 W, 34, 345 MHz
2026/09/15 02:13:30.376, 2, GPU-6c47d827-68bc-9d8f-448e-55624a5f2f65, NVIDIA H100 80GB HBM3, 0 %, 1 MiB, 71.50 W, 26, 345 MHz
2026/09/15 02:13:30.377, 3, GPU-a481f1cc-7ac4-a6c3-b8a4-eed1d39e45aa, NVIDIA H100 80GB HBM3, 0 %, 1 MiB, 74.98 W, 26, 345 MHz
2026/09/15 02:13:30.379, 4, GPU-a60182ac-1fbd-0654-4298-7dfab8d789ca, NVIDIA H100 80GB HBM3, 0 %, 1 MiB, 72.19 W, 26, 345 MHz
2026/09/15 02:13:30.380, 5, GPU-11bb96fb-3b4c-98eb-f310-70437157969c, NVIDIA H100 80GB HBM3, 0 %, 1 MiB, 69.35 W, 26, 345 MHz
2026/09/15 02:13:30.382, 6, GPU-7d80084d-f83b-1a50-3007-35e8f2af67c2, NVIDIA H100 80GB HBM3, 0 %, 1 MiB, 70.86 W, 27, 345 MHz
2026/09/15 02:13:30.384, 7, GPU-69cdf81a-1c5b-4e7c-54e2-2dd45eb25e36, NVIDIA H100 80GB HBM3, 0 %, 1 MiB, 70.30 W, 26, 345 MHz
2026/09/15 02:13:31.385, 0, GPU-3d9bae9f-f6a5-a533-682a-2990f19ffa90, NVIDIA H100 80GB HBM3, 0 %, 10082 MiB, 117.41 W, 39, 1980 MHz
2026/09/15 02:13:31.387, 1, GPU-d67482aa-44bc-1a33-2545-de34f4bb6c82, NVIDIA H100 80GB HBM3, 0 %, 1 MiB, 70.75 W, 34, 345 MHz
2026/09/15 02:13:31.389, 2, GPU-6c47d827-68bc-9d8f-448e-55624a5f2f65, NVIDIA H100 80GB HBM3, 0 %, 1 MiB, 71.49 W, 26, 345 MHz
2026/09/15 02:13:31.391, 3, GPU-a481f1cc-7ac4-a6c3-b8a4-eed1d39e45aa, NVIDIA H100 80GB HBM3, 0 %, 1 MiB, 74.99 W, 26, 345 MHz
2026/09/15 02:13:31.392, 4, GPU-a60182ac-1fbd-0654-4298-7dfab8d789ca, NVIDIA H100 80GB HBM3, 0 %, 1 MiB, 72.32 W, 26, 345 MHz
2026/09/15 02:13:31.394, 5, GPU-11bb96fb-3b4c-98eb-f310-70437157969c, NVIDIA H100 80GB HBM3, 0 %, 1 MiB, 69.32 W, 26, 345 MHz
2026/09/15 02:13:31.396, 6, GPU-7d80084d-f83b-1a50-3007-35e8f2af67c2, NVIDIA H100 80GB HBM3, 0 %, 1 MiB, 70.85 W, 27, 345 MHz
2026/09/15 02:13:31.397, 7, GPU-69cdf81a-1c5b-4e7c-54e2-2dd45eb25e36, NVIDIA H100 80GB HBM3, 0 %, 1 MiB, 70.33 W, 26, 345 MHz
2026/09/15 02:13:32.399, 0, GPU-3d9bae9f-f6a5-a533-682a-2990f19ffa90, NVIDIA H100 80GB HBM3, 0 %, 10082 MiB, 117.41 W, 39, 1980 MHz
2026/09/15 02:13:32.400, 1, GPU-d67482aa-44bc-1a33-2545-de34f4bb6c82, NVIDIA H100 80GB HBM3, 0 %, 1 MiB, 70.77 W, 34, 345 MHz
2026/09/15 02:13:32.402, 2, GPU-6c47d827-68bc-9d8f-448e-55624a5f2f65, NVIDIA H100 80GB HBM3, 0 %, 1 MiB, 71.49 W, 26, 345 MHz
2026/09/15 02:13:32.411, 3, GPU-a481f1cc-7ac4-a6c3-b8a4-eed1d39e45aa, NVIDIA H100 80GB HBM3, 0 %, 1 MiB, 74.99 W, 26, 345 MHz
2026/09/15 02:13:32.412, 4, GPU-a60182ac-1fbd-0654-4298-7dfab8d789ca, NVIDIA H100 80GB HBM3, 0 %, 1 MiB, 72.29 W, 26, 345 MHz
2026/09/15 02:13:32.414, 5, GPU-11bb96fb-3b4c-98eb-f310-70437157969c, NVIDIA H100 80GB HBM3, 0 %, 1 MiB, 69.36 W, 26, 345 MHz
2026/09/15 02:13:32.416, 6, GPU-7d80084d-f83b-1a50-3007-35e8f2af67c2, NVIDIA H100 80GB HBM3, 0 %, 1 MiB, 70.89 W, 27, 345 MHz
2026/09/15 02:13:32.417, 7, GPU-69cdf81a-1c5b-4e7c-54e2-2dd45eb25e36, NVIDIA H100 80GB HBM3, 0 %, 1 MiB, 70.31 W, 26, 345 MHz
2026/09/15 02:13:33.422, 0, GPU-3d9bae9f-f6a5-a533-682a-2990f19ffa90, NVIDIA H100 80GB HBM3, 0 %, 10082 MiB, 117.37 W, 39, 1980 MHz
2026/09/15 02:13:33.424, 1, GPU-d67482aa-44bc-1a33-2545-de34f4bb6c82, NVIDIA H100 80GB HBM3, 0 %, 1 MiB, 70.75 W, 34, 345 MHz
2026/09/15 02:13:33.426, 2, GPU-6c47d827-68bc-9d8f-448e-55624a5f2f65, NVIDIA H100 80GB HBM3, 0 %, 1 MiB, 71.48 W, 26, 345 MHz
2026/09/15 02:13:33.427, 3, GPU-a481f1cc-7ac4-a6c3-b8a4-eed1d39e45aa, NVIDIA H100 80GB HBM3, 0 %, 1 MiB, 74.95 W, 26, 345 MHz
2026/09/15 02:13:33.429, 4, GPU-a60182ac-1fbd-0654-4298-7dfab8d789ca, NVIDIA H100 80GB HBM3, 0 %, 1 MiB, 72.36 W, 26, 345 MHz
2026/09/15 02:13:33.431, 5, GPU-11bb96fb-3b4c-98eb-f310-70437157969c, NVIDIA H100 80GB HBM3, 0 %, 1 MiB, 69.35 W, 26, 345 MHz
2026/09/15 02:13:33.432, 6, GPU-7d80084d-f83b-1a50-3007-35e8f2af67c2, NVIDIA H100 80GB HBM3, 0 %, 1 MiB, 70.90 W, 27, 345 MHz
2026/09/15 02:13:33.434, 7, GPU-69cdf81a-1c5b-4e7c-54e2-2dd45eb25e36, NVIDIA H100 80GB HBM3, 0 %, 1 MiB, 70.33 W, 26, 345 MHz
2026/09/15 02:13:34.436, 0, GPU-3d9bae9f-f6a5-a533-682a-2990f19ffa90, NVIDIA H100 80GB HBM3, 0 %, 10082 MiB, 117.41 W, 39, 1980 MHz
2026/09/15 02:13:34.438, 1, GPU-d67482aa-44bc-1a33-2545-de34f4bb6c82, NVIDIA H100 80GB HBM3, 0 %, 1 MiB, 70.80 W, 34, 345 MHz
2026/09/15 02:13:34.440, 2, GPU-6c47d827-68bc-9d8f-448e-55624a5f2f65, NVIDIA H100 80GB HBM3, 0 %, 1 MiB, 71.50 W, 26, 345 MHz
2026/09/15 02:13:34.441, 3, GPU-a481f1cc-7ac4-a6c3-b8a4-eed1d39e45aa, NVIDIA H100 80GB HBM3, 0 %, 1 MiB, 74.99 W, 26, 345 MHz
2026/09/15 02:13:34.443, 4, GPU-a60182ac-1fbd-0654-4298-7dfab8d789ca, NVIDIA H100 80GB HBM3, 0 %, 1 MiB, 72.25 W, 26, 345 MHz
2026/09/15 02:13:34.444, 5, GPU-11bb96fb-3b4c-98eb-f310-70437157969c, NVIDIA H100 80GB HBM3, 0 %, 1 MiB, 69.32 W, 26, 345 MHz
2026/09/15 02:13:34.446, 6, GPU-7d80084d-f83b-1a50-3007-35e8f2af67c2, NVIDIA H100 80GB HBM3, 0 %, 1 MiB, 70.86 W, 27, 345 MHz
2026/09/15 02:13:34.448, 7, GPU-69cdf81a-1c5b-4e7c-54e2-2dd45eb25e36, NVIDIA H100 80GB HBM3, 0 %, 1 MiB, 70.35 W, 26, 345 MHz
2026/09/15 02:13:35.449, 0, GPU-3d9bae9f-f6a5-a533-682a-2990f19ffa90, NVIDIA H100 80GB HBM3, 0 %, 10082 MiB, 117.43 W, 39, 1980 MHz
2026/09/15 02:13:35.461, 1, GPU-d67482aa-44bc-1a33-2545-de34f4bb6c82, NVIDIA H100 80GB HBM3, 0 %, 1 MiB, 70.77 W, 34, 345 MHz
2026/09/15 02:13:35.491, 2, GPU-6c47d827-68bc-9d8f-448e-55624a5f2f65, NVIDIA H100 80GB HBM3, 0 %, 1 MiB, 71.49 W, 26, 345 MHz
2026/09/15 02:13:35.544, 3, GPU-a481f1cc-7ac4-a6c3-b8a4-eed1d39e45aa, NVIDIA H100 80GB HBM3, 0 %, 1 MiB, 75.02 W, 26, 345 MHz
2026/09/15 02:13:35.548, 4, GPU-a60182ac-1fbd-0654-4298-7dfab8d789ca, NVIDIA H100 80GB HBM3, 0 %, 1 MiB, 72.24 W, 26, 345 MHz
2026/09/15 02:13:35.549, 5, GPU-11bb96fb-3b4c-98eb-f310-70437157969c, NVIDIA H100 80GB HBM3, 0 %, 1 MiB, 69.33 W, 26, 345 MHz
2026/09/15 02:13:35.551, 6, GPU-7d80084d-f83b-1a50-3007-35e8f2af67c2, NVIDIA H100 80GB HBM3, 0 %, 1 MiB, 70.86 W, 27, 345 MHz
2026/09/15 02:13:35.553, 7, GPU-69cdf81a-1c5b-4e7c-54e2-2dd45eb25e36, NVIDIA H100 80GB HBM3, 0 %, 1 MiB, 70.35 W, 26, 345 MHz
2026/09/15 02:13:36.555, 0, GPU-3d9bae9f-f6a5-a533-682a-2990f19ffa90, NVIDIA H100 80GB HBM3, 0 %, 10082 MiB, 117.39 W, 39, 1980 MHz
2026/09/15 02:13:36.556, 1, GPU-d67482aa-44bc-1a33-2545-de34f4bb6c82, NVIDIA H100 80GB HBM3, 0 %, 1 MiB, 70.78 W, 34, 345 MHz
2026/09/15 02:13:36.558, 2, GPU-6c47d827-68bc-9d8f-448e-55624a5f2f65, NVIDIA H100 80GB HBM3, 0 %, 1 MiB, 71.48 W, 26, 345 MHz
2026/09/15 02:13:36.560, 3, GPU-a481f1cc-7ac4-a6c3-b8a4-eed1d39e45aa, NVIDIA H100 80GB HBM3, 0 %, 1 MiB, 74.95 W, 26, 345 MHz
2026/09/15 02:13:36.561, 4, GPU-a60182ac-1fbd-0654-4298-7dfab8d789ca, NVIDIA H100 80GB HBM3, 0 %, 1 MiB, 72.36 W, 26, 345 MHz
2026/09/15 02:13:36.567, 5, GPU-11bb96fb-3b4c-98eb-f310-70437157969c, NVIDIA H100 80GB HBM3, 0 %, 1 MiB, 69.35 W, 26, 345 MHz
2026/09/15 02:13:36.569, 6, GPU-7d80084d-f83b-1a50-3007-35e8f2af67c2, NVIDIA H100 80GB HBM3, 0 %, 1 MiB, 70.88 W, 27, 345 MHz
2026/09/15 02:13:36.571, 7, GPU-69cdf81a-1c5b-4e7c-54e2-2dd45eb25e36, NVIDIA H100 80GB HBM3, 0 %, 1 MiB, 70.37 W, 26, 345 MHz
2026/09/15 02:13:37.576, 0, GPU-3d9bae9f-f6a5-a533-682a-2990f19ffa90, NVIDIA H100 80GB HBM3, 0 %, 10082 MiB, 117.40 W, 39, 1980 MHz
2026/09/15 02:13:37.578, 1, GPU-d67482aa-44bc-1a33-2545-de34f4bb6c82, NVIDIA H100 80GB HBM3, 0 %, 1 MiB, 70.78 W, 34, 345 MHz
2026/09/15 02:13:37.580, 2, GPU-6c47d827-68bc-9d8f-448e-55624a5f2f65, NVIDIA H100 80GB HBM3, 0 %, 1 MiB, 71.53 W, 26, 345 MHz
2026/09/15 02:13:37.581, 3, GPU-a481f1cc-7ac4-a6c3-b8a4-eed1d39e45aa, NVIDIA H100 80GB HBM3, 0 %, 1 MiB, 74.94 W, 26, 345 MHz
2026/09/15 02:13:37.583, 4, GPU-a60182ac-1fbd-0654-4298-7dfab8d789ca, NVIDIA H100 80GB HBM3, 0 %, 1 MiB, 72.17 W, 26, 345 MHz
2026/09/15 02:13:37.584, 5, GPU-11bb96fb-3b4c-98eb-f310-70437157969c, NVIDIA H100 80GB HBM3, 0 %, 1 MiB, 69.30 W, 26, 345 MHz
2026/09/15 02:13:37.586, 6, GPU-7d80084d-f83b-1a50-3007-35e8f2af67c2, NVIDIA H100 80GB HBM3, 0 %, 1 MiB, 70.89 W, 27, 345 MHz
2026/09/15 02:13:37.587, 7, GPU-69cdf81a-1c5b-4e7c-54e2-2dd45eb25e36, NVIDIA H100 80GB HBM3, 0 %, 1 MiB, 70.28 W, 26, 345 MHz
2026/09/15 02:13:38.589, 0, GPU-3d9bae9f-f6a5-a533-682a-2990f19ffa90, NVIDIA H100 80GB HBM3, 0 %, 10082 MiB, 117.43 W, 39, 1980 MHz
2026/09/15 02:13:38.593, 1, GPU-d67482aa-44bc-1a33-2545-de34f4bb6c82, NVIDIA H100 80GB HBM3, 0 %, 1 MiB, 70.76 W, 34, 345 MHz
2026/09/15 02:13:38.595, 2, GPU-6c47d827-68bc-9d8f-448e-55624a5f2f65, NVIDIA H100 80GB HBM3, 0 %, 1 MiB, 71.55 W, 26, 345 MHz
2026/09/15 02:13:38.598, 3, GPU-a481f1cc-7ac4-a6c3-b8a4-eed1d39e45aa, NVIDIA H100 80GB HBM3, 0 %, 1 MiB, 75.03 W, 26, 345 MHz
2026/09/15 02:13:38.601, 4, GPU-a60182ac-1fbd-0654-4298-7dfab8d789ca, NVIDIA H100 80GB HBM3, 0 %, 1 MiB, 72.37 W, 26, 345 MHz
2026/09/15 02:13:38.628, 5, GPU-11bb96fb-3b4c-98eb-f310-70437157969c, NVIDIA H100 80GB HBM3, 0 %, 1 MiB, 69.33 W, 26, 345 MHz
2026/09/15 02:13:38.631, 6, GPU-7d80084d-f83b-1a50-3007-35e8f2af67c2, NVIDIA H100 80GB HBM3, 0 %, 1 MiB, 70.94 W, 27, 345 MHz
2026/09/15 02:13:38.634, 7, GPU-69cdf81a-1c5b-4e7c-54e2-2dd45eb25e36, NVIDIA H100 80GB HBM3, 0 %, 1 MiB, 70.30 W, 26, 345 MHz
2026/09/15 02:13:39.637, 0, GPU-3d9bae9f-f6a5-a533-682a-2990f19ffa90, NVIDIA H100 80GB HBM3, 0 %, 10082 MiB, 117.38 W, 39, 1980 MHz
2026/09/15 02:13:39.638, 1, GPU-d67482aa-44bc-1a33-2545-de34f4bb6c82, NVIDIA H100 80GB HBM3, 0 %, 1 MiB, 70.79 W, 34, 345 MHz
2026/09/15 02:13:39.640, 2, GPU-6c47d827-68bc-9d8f-448e-55624a5f2f65, NVIDIA H100 80GB HBM3, 0 %, 1 MiB, 71.52 W, 26, 345 MHz
2026/09/15 02:13:39.641, 3, GPU-a481f1cc-7ac4-a6c3-b8a4-eed1d39e45aa, NVIDIA H100 80GB HBM3, 0 %, 1 MiB, 74.98 W, 26, 345 MHz
2026/09/15 02:13:39.643, 4, GPU-a60182ac-1fbd-0654-4298-7dfab8d789ca, NVIDIA H100 80GB HBM3, 0 %, 1 MiB, 72.15 W, 26, 345 MHz
2026/09/15 02:13:39.672, 5, GPU-11bb96fb-3b4c-98eb-f310-70437157969c, NVIDIA H100 80GB HBM3, 0 %, 1 MiB, 69.34 W, 26, 345 MHz
2026/09/15 02:13:39.698, 6, GPU-7d80084d-f83b-1a50-3007-35e8f2af67c2, NVIDIA H100 80GB HBM3, 0 %, 1 MiB, 70.89 W, 27, 345 MHz
2026/09/15 02:13:39.704, 7, GPU-69cdf81a-1c5b-4e7c-54e2-2dd45eb25e36, NVIDIA H100 80GB HBM3, 0 %, 1 MiB, 70.34 W, 26, 345 MHz
2026/09/15 02:13:40.739, 0, GPU-3d9bae9f-f6a5-a533-682a-2990f19ffa90, NVIDIA H100 80GB HBM3, 0 %, 10082 MiB, 117.41 W, 39, 1980 MHz
2026/09/15 02:13:40.741, 1, GPU-d67482aa-44bc-1a33-2545-de34f4bb6c82, NVIDIA H100 80GB HBM3, 0 %, 1 MiB, 70.79 W, 34, 345 MHz
2026/09/15 02:13:40.743, 2, GPU-6c47d827-68bc-9d8f-448e-55624a5f2f65, NVIDIA H100 80GB HBM3, 0 %, 1 MiB, 71.52 W, 26, 345 MHz
2026/09/15 02:13:40.744, 3, GPU-a481f1cc-7ac4-a6c3-b8a4-eed1d39e45aa, NVIDIA H100 80GB HBM3, 0 %, 1 MiB, 74.96 W, 26, 345 MHz
2026/09/15 02:13:40.746, 4, GPU-a60182ac-1fbd-0654-4298-7dfab8d789ca, NVIDIA H100 80GB HBM3, 0 %, 1 MiB, 72.26 W, 26, 345 MHz
2026/09/15 02:13:40.748, 5, GPU-11bb96fb-3b4c-98eb-f310-70437157969c, NVIDIA H100 80GB HBM3, 0 %, 1 MiB, 69.33 W, 26, 345 MHz
2026/09/15 02:13:40.749, 6, GPU-7d80084d-f83b-1a50-3007-35e8f2af67c2, NVIDIA H100 80GB HBM3, 0 %, 1 MiB, 70.86 W, 28, 345 MHz
2026/09/15 02:13:40.751, 7, GPU-69cdf81a-1c5b-4e7c-54e2-2dd45eb25e36, NVIDIA H100 80GB HBM3, 0 %, 1 MiB, 70.34 W, 26, 345 MHz
2026/09/15 02:13:41.753, 0, GPU-3d9bae9f-f6a5-a533-682a-2990f19ffa90, NVIDIA H100 80GB HBM3, 0 %, 10082 MiB, 117.44 W, 39, 1980 MHz
2026/09/15 02:13:41.755, 1, GPU-d67482aa-44bc-1a33-2545-de34f4bb6c82, NVIDIA H100 80GB HBM3, 0 %, 1 MiB, 70.78 W, 34, 345 MHz
2026/09/15 02:13:41.758, 2, GPU-6c47d827-68bc-9d8f-448e-55624a5f2f65, NVIDIA H100 80GB HBM3, 0 %, 1 MiB, 71.49 W, 26, 345 MHz
2026/09/15 02:13:41.760, 3, GPU-a481f1cc-7ac4-a6c3-b8a4-eed1d39e45aa, NVIDIA H100 80GB HBM3, 0 %, 1 MiB, 75.00 W, 26, 345 MHz
2026/09/15 02:13:41.762, 4, GPU-a60182ac-1fbd-0654-4298-7dfab8d789ca, NVIDIA H100 80GB HBM3, 0 %, 1 MiB, 72.23 W, 26, 345 MHz
2026/09/15 02:13:41.767, 5, GPU-11bb96fb-3b4c-98eb-f310-70437157969c, NVIDIA H100 80GB HBM3, 0 %, 1 MiB, 69.32 W, 26, 345 MHz
2026/09/15 02:13:41.769, 6, GPU-7d80084d-f83b-1a50-3007-35e8f2af67c2, NVIDIA H100 80GB HBM3, 0 %, 1 MiB, 70.92 W, 27, 345 MHz
2026/09/15 02:13:41.770, 7, GPU-69cdf81a-1c5b-4e7c-54e2-2dd45eb25e36, NVIDIA H100 80GB HBM3, 0 %, 1 MiB, 70.29 W, 26, 345 MHz
2026/09/15 02:13:42.772, 0, GPU-3d9bae9f-f6a5-a533-682a-2990f19ffa90, NVIDIA H100 80GB HBM3, 0 %, 10082 MiB, 117.37 W, 39, 1980 MHz
2026/09/15 02:13:42.789, 1, GPU-d67482aa-44bc-1a33-2545-de34f4bb6c82, NVIDIA H100 80GB HBM3, 0 %, 1 MiB, 70.75 W, 34, 345 MHz
2026/09/15 02:13:42.791, 2, GPU-6c47d827-68bc-9d8f-448e-55624a5f2f65, NVIDIA H100 80GB HBM3, 0 %, 1 MiB, 71.51 W, 26, 345 MHz
2026/09/15 02:13:42.794, 3, GPU-a481f1cc-7ac4-a6c3-b8a4-eed1d39e45aa, NVIDIA H100 80GB HBM3, 0 %, 1 MiB, 74.98 W, 26, 345 MHz
2026/09/15 02:13:42.797, 4, GPU-a60182ac-1fbd-0654-4298-7dfab8d789ca, NVIDIA H100 80GB HBM3, 0 %, 1 MiB, 72.24 W, 26, 345 MHz
2026/09/15 02:13:42.798, 5, GPU-11bb96fb-3b4c-98eb-f310-70437157969c, NVIDIA H100 80GB HBM3, 0 %, 1 MiB, 69.36 W, 26, 345 MHz
2026/09/15 02:13:42.810, 6, GPU-7d80084d-f83b-1a50-3007-35e8f2af67c2, NVIDIA H100 80GB HBM3, 0 %, 1 MiB, 70.95 W, 28, 345 MHz
2026/09/15 02:13:42.812, 7, GPU-69cdf81a-1c5b-4e7c-54e2-2dd45eb25e36, NVIDIA H100 80GB HBM3, 0 %, 1 MiB, 70.34 W, 26, 345 MHz
2026/09/15 02:13:43.822, 0, GPU-3d9bae9f-f6a5-a533-682a-2990f19ffa90, NVIDIA H100 80GB HBM3, 0 %, 10082 MiB, 117.43 W, 39, 1980 MHz
2026/09/15 02:13:43.824, 1, GPU-d67482aa-44bc-1a33-2545-de34f4bb6c82, NVIDIA H100 80GB HBM3, 0 %, 1 MiB, 70.80 W, 34, 345 MHz
2026/09/15 02:13:43.826, 2, GPU-6c47d827-68bc-9d8f-448e-55624a5f2f65, NVIDIA H100 80GB HBM3, 0 %, 1 MiB, 71.48 W, 26, 345 MHz
2026/09/15 02:13:43.827, 3, GPU-a481f1cc-7ac4-a6c3-b8a4-eed1d39e45aa, NVIDIA H100 80GB HBM3, 0 %, 1 MiB, 74.97 W, 26, 345 MHz
2026/09/15 02:13:43.829, 4, GPU-a60182ac-1fbd-0654-4298-7dfab8d789ca, NVIDIA H100 80GB HBM3, 0 %, 1 MiB, 72.36 W, 26, 345 MHz
2026/09/15 02:13:43.831, 5, GPU-11bb96fb-3b4c-98eb-f310-70437157969c, NVIDIA H100 80GB HBM3, 0 %, 1 MiB, 69.33 W, 26, 345 MHz
2026/09/15 02:13:43.832, 6, GPU-7d80084d-f83b-1a50-3007-35e8f2af67c2, NVIDIA H100 80GB HBM3, 0 %, 1 MiB, 70.94 W, 28, 345 MHz
2026/09/15 02:13:43.834, 7, GPU-69cdf81a-1c5b-4e7c-54e2-2dd45eb25e36, NVIDIA H100 80GB HBM3, 0 %, 1 MiB, 70.33 W, 26, 345 MHz
2026/09/15 02:13:44.836, 0, GPU-3d9bae9f-f6a5-a533-682a-2990f19ffa90, NVIDIA H100 80GB HBM3, 0 %, 10082 MiB, 117.43 W, 39, 1980 MHz
2026/09/15 02:13:44.837, 1, GPU-d67482aa-44bc-1a33-2545-de34f4bb6c82, NVIDIA H100 80GB HBM3, 0 %, 1 MiB, 70.78 W, 34, 345 MHz
2026/09/15 02:13:44.839, 2, GPU-6c47d827-68bc-9d8f-448e-55624a5f2f65, NVIDIA H100 80GB HBM3, 0 %, 1 MiB, 71.50 W, 26, 345 MHz
2026/09/15 02:13:44.841, 3, GPU-a481f1cc-7ac4-a6c3-b8a4-eed1d39e45aa, NVIDIA H100 80GB HBM3, 0 %, 1 MiB, 75.02 W, 26, 345 MHz
2026/09/15 02:13:44.842, 4, GPU-a60182ac-1fbd-0654-4298-7dfab8d789ca, NVIDIA H100 80GB HBM3, 0 %, 1 MiB, 72.22 W, 26, 345 MHz
2026/09/15 02:13:44.844, 5, GPU-11bb96fb-3b4c-98eb-f310-70437157969c, NVIDIA H100 80GB HBM3, 0 %, 1 MiB, 69.33 W, 26, 345 MHz
2026/09/15 02:13:44.845, 6, GPU-7d80084d-f83b-1a50-3007-35e8f2af67c2, NVIDIA H100 80GB HBM3, 0 %, 1 MiB, 70.88 W, 27, 345 MHz
2026/09/15 02:13:44.847, 7, GPU-69cdf81a-1c5b-4e7c-54e2-2dd45eb25e36, NVIDIA H100 80GB HBM3, 0 %, 1 MiB, 70.36 W, 26, 345 MHz
2026/09/15 02:13:45.849, 0, GPU-3d9bae9f-f6a5-a533-682a-2990f19ffa90, NVIDIA H100 80GB HBM3, 0 %, 10082 MiB, 117.43 W, 39, 1980 MHz
2026/09/15 02:13:45.852, 1, GPU-d67482aa-44bc-1a33-2545-de34f4bb6c82, NVIDIA H100 80GB HBM3, 0 %, 1 MiB, 70.78 W, 34, 345 MHz
2026/09/15 02:13:45.859, 2, GPU-6c47d827-68bc-9d8f-448e-55624a5f2f65, NVIDIA H100 80GB HBM3, 0 %, 1 MiB, 71.51 W, 26, 345 MHz
2026/09/15 02:13:45.864, 3, GPU-a481f1cc-7ac4-a6c3-b8a4-eed1d39e45aa, NVIDIA H100 80GB HBM3, 0 %, 1 MiB, 75.01 W, 26, 345 MHz
2026/09/15 02:13:45.867, 4, GPU-a60182ac-1fbd-0654-4298-7dfab8d789ca, NVIDIA H100 80GB HBM3, 0 %, 1 MiB, 72.40 W, 26, 345 MHz
2026/09/15 02:13:45.869, 5, GPU-11bb96fb-3b4c-98eb-f310-70437157969c, NVIDIA H100 80GB HBM3, 0 %, 1 MiB, 69.35 W, 26, 345 MHz
2026/09/15 02:13:45.870, 6, GPU-7d80084d-f83b-1a50-3007-35e8f2af67c2, NVIDIA H100 80GB HBM3, 0 %, 1 MiB, 70.88 W, 27, 345 MHz
2026/09/15 02:13:45.872, 7, GPU-69cdf81a-1c5b-4e7c-54e2-2dd45eb25e36, NVIDIA H100 80GB HBM3, 0 %, 1 MiB, 70.26 W, 26, 345 MHz
2026/09/15 02:13:46.874, 0, GPU-3d9bae9f-f6a5-a533-682a-2990f19ffa90, NVIDIA H100 80GB HBM3, 0 %, 10082 MiB, 117.48 W, 39, 1980 MHz
2026/09/15 02:13:46.877, 1, GPU-d67482aa-44bc-1a33-2545-de34f4bb6c82, NVIDIA H100 80GB HBM3, 0 %, 1 MiB, 70.76 W, 34, 345 MHz
2026/09/15 02:13:46.880, 2, GPU-6c47d827-68bc-9d8f-448e-55624a5f2f65, NVIDIA H100 80GB HBM3, 0 %, 1 MiB, 71.53 W, 26, 345 MHz
2026/09/15 02:13:46.882, 3, GPU-a481f1cc-7ac4-a6c3-b8a4-eed1d39e45aa, NVIDIA H100 80GB HBM3, 0 %, 1 MiB, 74.99 W, 26, 345 MHz
2026/09/15 02:13:46.886, 4, GPU-a60182ac-1fbd-0654-4298-7dfab8d789ca, NVIDIA H100 80GB HBM3, 0 %, 1 MiB, 72.19 W, 26, 345 MHz
2026/09/15 02:13:46.888, 5, GPU-11bb96fb-3b4c-98eb-f310-70437157969c, NVIDIA H100 80GB HBM3, 0 %, 1 MiB, 69.34 W, 26, 345 MHz
2026/09/15 02:13:46.890, 6, GPU-7d80084d-f83b-1a50-3007-35e8f2af67c2, NVIDIA H100 80GB HBM3, 0 %, 1 MiB, 70.93 W, 27, 345 MHz
2026/09/15 02:13:46.893, 7, GPU-69cdf81a-1c5b-4e7c-54e2-2dd45eb25e36, NVIDIA H100 80GB HBM3, 0 %, 1 MiB, 70.30 W, 26, 345 MHz
2026/09/15 02:13:47.895, 0, GPU-3d9bae9f-f6a5-a533-682a-2990f19ffa90, NVIDIA H100 80GB HBM3, 0 %, 10082 MiB, 117.39 W, 39, 1980 MHz
2026/09/15 02:13:47.898, 1, GPU-d67482aa-44bc-1a33-2545-de34f4bb6c82, NVIDIA H100 80GB HBM3, 0 %, 1 MiB, 70.76 W, 34, 345 MHz
2026/09/15 02:13:47.900, 2, GPU-6c47d827-68bc-9d8f-448e-55624a5f2f65, NVIDIA H100 80GB HBM3, 0 %, 1 MiB, 71.52 W, 26, 345 MHz
2026/09/15 02:13:47.911, 3, GPU-a481f1cc-7ac4-a6c3-b8a4-eed1d39e45aa, NVIDIA H100 80GB HBM3, 0 %, 1 MiB, 75.01 W, 26, 345 MHz
2026/09/15 02:13:47.914, 4, GPU-a60182ac-1fbd-0654-4298-7dfab8d789ca, NVIDIA H100 80GB HBM3, 0 %, 1 MiB, 72.43 W, 26, 345 MHz
2026/09/15 02:13:47.916, 5, GPU-11bb96fb-3b4c-98eb-f310-70437157969c, NVIDIA H100 80GB HBM3, 0 %, 1 MiB, 69.36 W, 26, 345 MHz
2026/09/15 02:13:47.919, 6, GPU-7d80084d-f83b-1a50-3007-35e8f2af67c2, NVIDIA H100 80GB HBM3, 0 %, 1 MiB, 70.90 W, 28, 345 MHz
2026/09/15 02:13:47.921, 7, GPU-69cdf81a-1c5b-4e7c-54e2-2dd45eb25e36, NVIDIA H100 80GB HBM3, 0 %, 1 MiB, 70.32 W, 26, 345 MHz
2026/09/15 02:13:48.924, 0, GPU-3d9bae9f-f6a5-a533-682a-2990f19ffa90, NVIDIA H100 80GB HBM3, 0 %, 10082 MiB, 117.40 W, 39, 1980 MHz
2026/09/15 02:13:48.925, 1, GPU-d67482aa-44bc-1a33-2545-de34f4bb6c82, NVIDIA H100 80GB HBM3, 0 %, 1 MiB, 70.79 W, 34, 345 MHz
2026/09/15 02:13:48.928, 2, GPU-6c47d827-68bc-9d8f-448e-55624a5f2f65, NVIDIA H100 80GB HBM3, 0 %, 1 MiB, 71.56 W, 26, 345 MHz
2026/09/15 02:13:48.930, 3, GPU-a481f1cc-7ac4-a6c3-b8a4-eed1d39e45aa, NVIDIA H100 80GB HBM3, 0 %, 1 MiB, 74.98 W, 26, 345 MHz
2026/09/15 02:13:48.938, 4, GPU-a60182ac-1fbd-0654-4298-7dfab8d789ca, NVIDIA H100 80GB HBM3, 0 %, 1 MiB, 72.20 W, 26, 345 MHz
2026/09/15 02:13:48.941, 5, GPU-11bb96fb-3b4c-98eb-f310-70437157969c, NVIDIA H100 80GB HBM3, 0 %, 1 MiB, 69.33 W, 26, 345 MHz
2026/09/15 02:13:48.945, 6, GPU-7d80084d-f83b-1a50-3007-35e8f2af67c2, NVIDIA H100 80GB HBM3, 0 %, 1 MiB, 70.85 W, 27, 345 MHz
2026/09/15 02:13:48.949, 7, GPU-69cdf81a-1c5b-4e7c-54e2-2dd45eb25e36, NVIDIA H100 80GB HBM3, 0 %, 1 MiB, 70.32 W, 26, 345 MHz
2026/09/15 02:13:49.951, 0, GPU-3d9bae9f-f6a5-a533-682a-2990f19ffa90, NVIDIA H100 80GB HBM3, 0 %, 10082 MiB, 117.37 W, 39, 1980 MHz
2026/09/15 02:13:49.954, 1, GPU-d67482aa-44bc-1a33-2545-de34f4bb6c82, NVIDIA H100 80GB HBM3, 0 %, 1 MiB, 70.79 W, 34, 345 MHz
2026/09/15 02:13:49.958, 2, GPU-6c47d827-68bc-9d8f-448e-55624a5f2f65, NVIDIA H100 80GB HBM3, 0 %, 1 MiB, 71.53 W, 26, 345 MHz
2026/09/15 02:13:49.963, 3, GPU-a481f1cc-7ac4-a6c3-b8a4-eed1d39e45aa, NVIDIA H100 80GB HBM3, 0 %, 1 MiB, 74.95 W, 26, 345 MHz
2026/09/15 02:13:49.966, 4, GPU-a60182ac-1fbd-0654-4298-7dfab8d789ca, NVIDIA H100 80GB HBM3, 0 %, 1 MiB, 72.37 W, 26, 345 MHz
2026/09/15 02:13:49.969, 5, GPU-11bb96fb-3b4c-98eb-f310-70437157969c, NVIDIA H100 80GB HBM3, 0 %, 1 MiB, 69.33 W, 26, 345 MHz
2026/09/15 02:13:49.971, 6, GPU-7d80084d-f83b-1a50-3007-35e8f2af67c2, NVIDIA H100 80GB HBM3, 0 %, 1 MiB, 70.93 W, 27, 345 MHz
2026/09/15 02:13:49.974, 7, GPU-69cdf81a-1c5b-4e7c-54e2-2dd45eb25e36, NVIDIA H100 80GB HBM3, 0 %, 1 MiB, 70.33 W, 26, 345 MHz
2026/09/15 02:13:50.977, 0, GPU-3d9bae9f-f6a5-a533-682a-2990f19ffa90, NVIDIA H100 80GB HBM3, 0 %, 10082 MiB, 117.42 W, 39, 1980 MHz
2026/09/15 02:13:50.979, 1, GPU-d67482aa-44bc-1a33-2545-de34f4bb6c82, NVIDIA H100 80GB HBM3, 0 %, 1 MiB, 70.79 W, 34, 345 MHz
2026/09/15 02:13:50.981, 2, GPU-6c47d827-68bc-9d8f-448e-55624a5f2f65, NVIDIA H100 80GB HBM3, 0 %, 1 MiB, 71.53 W, 26, 345 MHz
2026/09/15 02:13:50.982, 3, GPU-a481f1cc-7ac4-a6c3-b8a4-eed1d39e45aa, NVIDIA H100 80GB HBM3, 0 %, 1 MiB, 74.95 W, 26, 345 MHz
2026/09/15 02:13:50.984, 4, GPU-a60182ac-1fbd-0654-4298-7dfab8d789ca, NVIDIA H100 80GB HBM3, 0 %, 1 MiB, 72.20 W, 26, 345 MHz
2026/09/15 02:13:50.985, 5, GPU-11bb96fb-3b4c-98eb-f310-70437157969c, NVIDIA H100 80GB HBM3, 0 %, 1 MiB, 69.35 W, 26, 345 MHz
2026/09/15 02:13:50.988, 6, GPU-7d80084d-f83b-1a50-3007-35e8f2af67c2, NVIDIA H100 80GB HBM3, 0 %, 1 MiB, 70.93 W, 27, 345 MHz
2026/09/15 02:13:50.991, 7, GPU-69cdf81a-1c5b-4e7c-54e2-2dd45eb25e36, NVIDIA H100 80GB HBM3, 0 %, 1 MiB, 70.33 W, 26, 345 MHz
2026/09/15 02:13:51.996, 0, GPU-3d9bae9f-f6a5-a533-682a-2990f19ffa90, NVIDIA H100 80GB HBM3, 0 %, 10082 MiB, 117.44 W, 39, 1980 MHz
2026/09/15 02:13:52.000, 1, GPU-d67482aa-44bc-1a33-2545-de34f4bb6c82, NVIDIA H100 80GB HBM3, 0 %, 1 MiB, 70.78 W, 34, 345 MHz
2026/09/15 02:13:52.001, 2, GPU-6c47d827-68bc-9d8f-448e-55624a5f2f65, NVIDIA H100 80GB HBM3, 0 %, 1 MiB, 71.52 W, 26, 345 MHz
2026/09/15 02:13:52.009, 3, GPU-a481f1cc-7ac4-a6c3-b8a4-eed1d39e45aa, NVIDIA H100 80GB HBM3, 0 %, 1 MiB, 74.95 W, 26, 345 MHz
2026/09/15 02:13:52.011, 4, GPU-a60182ac-1fbd-0654-4298-7dfab8d789ca, NVIDIA H100 80GB HBM3, 0 %, 1 MiB, 72.37 W, 26, 345 MHz
2026/09/15 02:13:52.012, 5, GPU-11bb96fb-3b4c-98eb-f310-70437157969c, NVIDIA H100 80GB HBM3, 0 %, 1 MiB, 69.36 W, 26, 345 MHz
2026/09/15 02:13:52.015, 6, GPU-7d80084d-f83b-1a50-3007-35e8f2af67c2, NVIDIA H100 80GB HBM3, 0 %, 1 MiB, 70.86 W, 27, 345 MHz
2026/09/15 02:13:52.020, 7, GPU-69cdf81a-1c5b-4e7c-54e2-2dd45eb25e36, NVIDIA H100 80GB HBM3, 0 %, 1 MiB, 70.30 W, 26, 345 MHz
2026/09/15 02:13:53.023, 0, GPU-3d9bae9f-f6a5-a533-682a-2990f19ffa90, NVIDIA H100 80GB HBM3, 0 %, 10082 MiB, 117.40 W, 39, 1980 MHz
2026/09/15 02:13:53.024, 1, GPU-d67482aa-44bc-1a33-2545-de34f4bb6c82, NVIDIA H100 80GB HBM3, 0 %, 1 MiB, 70.76 W, 34, 345 MHz
2026/09/15 02:13:53.027, 2, GPU-6c47d827-68bc-9d8f-448e-55624a5f2f65, NVIDIA H100 80GB HBM3, 0 %, 1 MiB, 71.53 W, 26, 345 MHz
2026/09/15 02:13:53.028, 3, GPU-a481f1cc-7ac4-a6c3-b8a4-eed1d39e45aa, NVIDIA H100 80GB HBM3, 0 %, 1 MiB, 74.95 W, 26, 345 MHz
2026/09/15 02:13:53.040, 4, GPU-a60182ac-1fbd-0654-4298-7dfab8d789ca, NVIDIA H100 80GB HBM3, 0 %, 1 MiB, 72.28 W, 26, 345 MHz
2026/09/15 02:13:53.043, 5, GPU-11bb96fb-3b4c-98eb-f310-70437157969c, NVIDIA H100 80GB HBM3, 0 %, 1 MiB, 69.33 W, 26, 345 MHz
2026/09/15 02:13:53.047, 6, GPU-7d80084d-f83b-1a50-3007-35e8f2af67c2, NVIDIA H100 80GB HBM3, 0 %, 1 MiB, 70.84 W, 27, 345 MHz
2026/09/15 02:13:53.050, 7, GPU-69cdf81a-1c5b-4e7c-54e2-2dd45eb25e36, NVIDIA H100 80GB HBM3, 0 %, 1 MiB, 70.33 W, 26, 345 MHz
2026/09/15 02:13:54.053, 0, GPU-3d9bae9f-f6a5-a533-682a-2990f19ffa90, NVIDIA H100 80GB HBM3, 0 %, 10082 MiB, 117.40 W, 39, 1980 MHz
2026/09/15 02:13:54.061, 1, GPU-d67482aa-44bc-1a33-2545-de34f4bb6c82, NVIDIA H100 80GB HBM3, 0 %, 1 MiB, 70.76 W, 34, 345 MHz
2026/09/15 02:13:54.086, 2, GPU-6c47d827-68bc-9d8f-448e-55624a5f2f65, NVIDIA H100 80GB HBM3, 0 %, 1 MiB, 71.51 W, 26, 345 MHz
2026/09/15 02:13:54.112, 3, GPU-a481f1cc-7ac4-a6c3-b8a4-eed1d39e45aa, NVIDIA H100 80GB HBM3, 0 %, 1 MiB, 74.97 W, 26, 345 MHz
2026/09/15 02:13:54.140, 4, GPU-a60182ac-1fbd-0654-4298-7dfab8d789ca, NVIDIA H100 80GB HBM3, 0 %, 1 MiB, 72.17 W, 26, 345 MHz
2026/09/15 02:13:54.170, 5, GPU-11bb96fb-3b4c-98eb-f310-70437157969c, NVIDIA H100 80GB HBM3, 0 %, 1 MiB, 69.33 W, 26, 345 MHz
2026/09/15 02:13:54.196, 6, GPU-7d80084d-f83b-1a50-3007-35e8f2af67c2, NVIDIA H100 80GB HBM3, 0 %, 1 MiB, 70.86 W, 27, 345 MHz
2026/09/15 02:13:54.224, 7, GPU-69cdf81a-1c5b-4e7c-54e2-2dd45eb25e36, NVIDIA H100 80GB HBM3, 0 %, 1 MiB, 70.33 W, 26, 345 MHz
2026/09/15 02:13:55.225, 0, GPU-3d9bae9f-f6a5-a533-682a-2990f19ffa90, NVIDIA H100 80GB HBM3, 0 %, 12086 MiB, 117.43 W, 39, 1980 MHz
2026/09/15 02:13:55.229, 1, GPU-d67482aa-44bc-1a33-2545-de34f4bb6c82, NVIDIA H100 80GB HBM3, 0 %, 1 MiB, 70.78 W, 34, 345 MHz
2026/09/15 02:13:55.231, 2, GPU-6c47d827-68bc-9d8f-448e-55624a5f2f65, NVIDIA H100 80GB HBM3, 0 %, 1 MiB, 71.51 W, 26, 345 MHz
2026/09/15 02:13:55.239, 3, GPU-a481f1cc-7ac4-a6c3-b8a4-eed1d39e45aa, NVIDIA H100 80GB HBM3, 0 %, 1 MiB, 74.97 W, 26, 345 MHz
2026/09/15 02:13:55.241, 4, GPU-a60182ac-1fbd-0654-4298-7dfab8d789ca, NVIDIA H100 80GB HBM3, 0 %, 1 MiB, 72.37 W, 26, 345 MHz
2026/09/15 02:13:55.244, 5, GPU-11bb96fb-3b4c-98eb-f310-70437157969c, NVIDIA H100 80GB HBM3, 0 %, 1 MiB, 69.38 W, 26, 345 MHz
2026/09/15 02:13:55.248, 6, GPU-7d80084d-f83b-1a50-3007-35e8f2af67c2, NVIDIA H100 80GB HBM3, 0 %, 1 MiB, 70.88 W, 27, 345 MHz
2026/09/15 02:13:55.250, 7, GPU-69cdf81a-1c5b-4e7c-54e2-2dd45eb25e36, NVIDIA H100 80GB HBM3, 0 %, 1 MiB, 70.32 W, 26, 345 MHz
2026/09/15 02:13:56.252, 0, GPU-3d9bae9f-f6a5-a533-682a-2990f19ffa90, NVIDIA H100 80GB HBM3, 5 %, 13926 MiB, 118.16 W, 39, 1980 MHz
2026/09/15 02:13:56.254, 1, GPU-d67482aa-44bc-1a33-2545-de34f4bb6c82, NVIDIA H100 80GB HBM3, 0 %, 1 MiB, 70.76 W, 34, 345 MHz
2026/09/15 02:13:56.259, 2, GPU-6c47d827-68bc-9d8f-448e-55624a5f2f65, NVIDIA H100 80GB HBM3, 0 %, 1 MiB, 71.51 W, 26, 345 MHz
2026/09/15 02:13:56.262, 3, GPU-a481f1cc-7ac4-a6c3-b8a4-eed1d39e45aa, NVIDIA H100 80GB HBM3, 0 %, 1 MiB, 74.95 W, 26, 345 MHz
2026/09/15 02:13:56.265, 4, GPU-a60182ac-1fbd-0654-4298-7dfab8d789ca, NVIDIA H100 80GB HBM3, 0 %, 1 MiB, 72.19 W, 26, 345 MHz
2026/09/15 02:13:56.269, 5, GPU-11bb96fb-3b4c-98eb-f310-70437157969c, NVIDIA H100 80GB HBM3, 0 %, 1 MiB, 69.33 W, 26, 345 MHz
2026/09/15 02:13:56.271, 6, GPU-7d80084d-f83b-1a50-3007-35e8f2af67c2, NVIDIA H100 80GB HBM3, 0 %, 1 MiB, 70.93 W, 27, 345 MHz
2026/09/15 02:13:56.274, 7, GPU-69cdf81a-1c5b-4e7c-54e2-2dd45eb25e36, NVIDIA H100 80GB HBM3, 0 %, 1 MiB, 70.36 W, 26, 345 MHz
2026/09/15 02:13:57.277, 0, GPU-3d9bae9f-f6a5-a533-682a-2990f19ffa90, NVIDIA H100 80GB HBM3, 5 %, 16134 MiB, 117.82 W, 39, 1980 MHz
2026/09/15 02:13:57.280, 1, GPU-d67482aa-44bc-1a33-2545-de34f4bb6c82, NVIDIA H100 80GB HBM3, 0 %, 1 MiB, 70.74 W, 34, 345 MHz
2026/09/15 02:13:57.281, 2, GPU-6c47d827-68bc-9d8f-448e-55624a5f2f65, NVIDIA H100 80GB HBM3, 0 %, 1 MiB, 71.52 W, 26, 345 MHz
2026/09/15 02:13:57.283, 3, GPU-a481f1cc-7ac4-a6c3-b8a4-eed1d39e45aa, NVIDIA H100 80GB HBM3, 0 %, 1 MiB, 74.96 W, 26, 345 MHz
2026/09/15 02:13:57.286, 4, GPU-a60182ac-1fbd-0654-4298-7dfab8d789ca, NVIDIA H100 80GB HBM3, 0 %, 1 MiB, 72.37 W, 26, 345 MHz
2026/09/15 02:13:57.288, 5, GPU-11bb96fb-3b4c-98eb-f310-70437157969c, NVIDIA H100 80GB HBM3, 0 %, 1 MiB, 69.32 W, 26, 345 MHz
2026/09/15 02:13:57.291, 6, GPU-7d80084d-f83b-1a50-3007-35e8f2af67c2, NVIDIA H100 80GB HBM3, 0 %, 1 MiB, 70.91 W, 27, 345 MHz
2026/09/15 02:13:57.294, 7, GPU-69cdf81a-1c5b-4e7c-54e2-2dd45eb25e36, NVIDIA H100 80GB HBM3, 0 %, 1 MiB, 70.30 W, 26, 345 MHz
2026/09/15 02:13:58.297, 0, GPU-3d9bae9f-f6a5-a533-682a-2990f19ffa90, NVIDIA H100 80GB HBM3, 3 %, 18262 MiB, 117.85 W, 39, 1980 MHz
2026/09/15 02:13:58.324, 1, GPU-d67482aa-44bc-1a33-2545-de34f4bb6c82, NVIDIA H100 80GB HBM3, 0 %, 1 MiB, 70.79 W, 34, 345 MHz
2026/09/15 02:13:58.349, 2, GPU-6c47d827-68bc-9d8f-448e-55624a5f2f65, NVIDIA H100 80GB HBM3, 0 %, 1 MiB, 71.49 W, 26, 345 MHz
2026/09/15 02:13:58.410, 3, GPU-a481f1cc-7ac4-a6c3-b8a4-eed1d39e45aa, NVIDIA H100 80GB HBM3, 0 %, 1 MiB, 74.93 W, 26, 345 MHz
2026/09/15 02:13:58.443, 4, GPU-a60182ac-1fbd-0654-4298-7dfab8d789ca, NVIDIA H100 80GB HBM3, 0 %, 1 MiB, 72.42 W, 26, 345 MHz
2026/09/15 02:13:58.470, 5, GPU-11bb96fb-3b4c-98eb-f310-70437157969c, NVIDIA H100 80GB HBM3, 0 %, 1 MiB, 69.34 W, 26, 345 MHz
2026/09/15 02:13:58.497, 6, GPU-7d80084d-f83b-1a50-3007-35e8f2af67c2, NVIDIA H100 80GB HBM3, 0 %, 1 MiB, 70.91 W, 27, 345 MHz
2026/09/15 02:13:58.536, 7, GPU-69cdf81a-1c5b-4e7c-54e2-2dd45eb25e36, NVIDIA H100 80GB HBM3, 0 %, 1 MiB, 70.33 W, 26, 345 MHz
2026/09/15 02:13:59.561, 0, GPU-3d9bae9f-f6a5-a533-682a-2990f19ffa90, NVIDIA H100 80GB HBM3, 5 %, 20550 MiB, 117.85 W, 39, 1980 MHz
2026/09/15 02:13:59.566, 1, GPU-d67482aa-44bc-1a33-2545-de34f4bb6c82, NVIDIA H100 80GB HBM3, 0 %, 1 MiB, 70.76 W, 34, 345 MHz
2026/09/15 02:13:59.568, 2, GPU-6c47d827-68bc-9d8f-448e-55624a5f2f65, NVIDIA H100 80GB HBM3, 0 %, 1 MiB, 71.52 W, 26, 345 MHz
2026/09/15 02:13:59.570, 3, GPU-a481f1cc-7ac4-a6c3-b8a4-eed1d39e45aa, NVIDIA H100 80GB HBM3, 0 %, 1 MiB, 74.96 W, 26, 345 MHz
2026/09/15 02:13:59.572, 4, GPU-a60182ac-1fbd-0654-4298-7dfab8d789ca, NVIDIA H100 80GB HBM3, 0 %, 1 MiB, 72.19 W, 26, 345 MHz
2026/09/15 02:13:59.575, 5, GPU-11bb96fb-3b4c-98eb-f310-70437157969c, NVIDIA H100 80GB HBM3, 0 %, 1 MiB, 69.35 W, 26, 345 MHz
2026/09/15 02:13:59.577, 6, GPU-7d80084d-f83b-1a50-3007-35e8f2af67c2, NVIDIA H100 80GB HBM3, 0 %, 1 MiB, 70.94 W, 28, 345 MHz
2026/09/15 02:13:59.579, 7, GPU-69cdf81a-1c5b-4e7c-54e2-2dd45eb25e36, NVIDIA H100 80GB HBM3, 0 %, 1 MiB, 70.30 W, 26, 345 MHz
2026/09/15 02:14:00.581, 0, GPU-3d9bae9f-f6a5-a533-682a-2990f19ffa90, NVIDIA H100 80GB HBM3, 0 %, 20918 MiB, 117.50 W, 39, 1980 MHz
2026/09/15 02:14:00.584, 1, GPU-d67482aa-44bc-1a33-2545-de34f4bb6c82, NVIDIA H100 80GB HBM3, 0 %, 1 MiB, 70.77 W, 34, 345 MHz
2026/09/15 02:14:00.586, 2, GPU-6c47d827-68bc-9d8f-448e-55624a5f2f65, NVIDIA H100 80GB HBM3, 0 %, 1 MiB, 71.54 W, 26, 345 MHz
2026/09/15 02:14:00.588, 3, GPU-a481f1cc-7ac4-a6c3-b8a4-eed1d39e45aa, NVIDIA H100 80GB HBM3, 0 %, 1 MiB, 74.93 W, 26, 345 MHz
2026/09/15 02:14:00.590, 4, GPU-a60182ac-1fbd-0654-4298-7dfab8d789ca, NVIDIA H100 80GB HBM3, 0 %, 1 MiB, 72.45 W, 26, 345 MHz
2026/09/15 02:14:00.593, 5, GPU-11bb96fb-3b4c-98eb-f310-70437157969c, NVIDIA H100 80GB HBM3, 0 %, 1 MiB, 69.32 W, 26, 345 MHz
2026/09/15 02:14:00.596, 6, GPU-7d80084d-f83b-1a50-3007-35e8f2af67c2, NVIDIA H100 80GB HBM3, 0 %, 1 MiB, 70.85 W, 27, 345 MHz
2026/09/15 02:14:00.598, 7, GPU-69cdf81a-1c5b-4e7c-54e2-2dd45eb25e36, NVIDIA H100 80GB HBM3, 0 %, 1 MiB, 70.27 W, 26, 345 MHz
2026/09/15 02:14:01.601, 0, GPU-3d9bae9f-f6a5-a533-682a-2990f19ffa90, NVIDIA H100 80GB HBM3, 0 %, 20918 MiB, 117.36 W, 39, 1980 MHz
2026/09/15 02:14:01.603, 1, GPU-d67482aa-44bc-1a33-2545-de34f4bb6c82, NVIDIA H100 80GB HBM3, 0 %, 1 MiB, 70.79 W, 34, 345 MHz
2026/09/15 02:14:01.606, 2, GPU-6c47d827-68bc-9d8f-448e-55624a5f2f65, NVIDIA H100 80GB HBM3, 0 %, 1 MiB, 71.56 W, 26, 345 MHz
2026/09/15 02:14:01.610, 3, GPU-a481f1cc-7ac4-a6c3-b8a4-eed1d39e45aa, NVIDIA H100 80GB HBM3, 0 %, 1 MiB, 74.93 W, 26, 345 MHz
2026/09/15 02:14:01.612, 4, GPU-a60182ac-1fbd-0654-4298-7dfab8d789ca, NVIDIA H100 80GB HBM3, 0 %, 1 MiB, 72.29 W, 26, 345 MHz
2026/09/15 02:14:01.615, 5, GPU-11bb96fb-3b4c-98eb-f310-70437157969c, NVIDIA H100 80GB HBM3, 0 %, 1 MiB, 69.37 W, 26, 345 MHz
2026/09/15 02:14:01.617, 6, GPU-7d80084d-f83b-1a50-3007-35e8f2af67c2, NVIDIA H100 80GB HBM3, 0 %, 1 MiB, 70.87 W, 27, 345 MHz
2026/09/15 02:14:01.619, 7, GPU-69cdf81a-1c5b-4e7c-54e2-2dd45eb25e36, NVIDIA H100 80GB HBM3, 0 %, 1 MiB, 70.29 W, 26, 345 MHz
2026/09/15 02:14:02.622, 0, GPU-3d9bae9f-f6a5-a533-682a-2990f19ffa90, NVIDIA H100 80GB HBM3, 0 %, 20918 MiB, 117.41 W, 39, 1980 MHz
2026/09/15 02:14:02.625, 1, GPU-d67482aa-44bc-1a33-2545-de34f4bb6c82, NVIDIA H100 80GB HBM3, 0 %, 1 MiB, 70.77 W, 34, 345 MHz
2026/09/15 02:14:02.628, 2, GPU-6c47d827-68bc-9d8f-448e-55624a5f2f65, NVIDIA H100 80GB HBM3, 0 %, 1 MiB, 71.54 W, 26, 345 MHz
2026/09/15 02:14:02.637, 3, GPU-a481f1cc-7ac4-a6c3-b8a4-eed1d39e45aa, NVIDIA H100 80GB HBM3, 0 %, 1 MiB, 74.99 W, 26, 345 MHz
2026/09/15 02:14:02.658, 4, GPU-a60182ac-1fbd-0654-4298-7dfab8d789ca, NVIDIA H100 80GB HBM3, 0 %, 1 MiB, 72.30 W, 26, 345 MHz
2026/09/15 02:14:02.670, 5, GPU-11bb96fb-3b4c-98eb-f310-70437157969c, NVIDIA H100 80GB HBM3, 0 %, 1 MiB, 69.33 W, 26, 345 MHz
2026/09/15 02:14:02.672, 6, GPU-7d80084d-f83b-1a50-3007-35e8f2af67c2, NVIDIA H100 80GB HBM3, 0 %, 1 MiB, 70.90 W, 27, 345 MHz
2026/09/15 02:14:02.674, 7, GPU-69cdf81a-1c5b-4e7c-54e2-2dd45eb25e36, NVIDIA H100 80GB HBM3, 0 %, 1 MiB, 70.31 W, 26, 345 MHz
2026/09/15 02:14:03.676, 0, GPU-3d9bae9f-f6a5-a533-682a-2990f19ffa90, NVIDIA H100 80GB HBM3, 0 %, 20918 MiB, 117.40 W, 39, 1980 MHz
2026/09/15 02:14:03.678, 1, GPU-d67482aa-44bc-1a33-2545-de34f4bb6c82, NVIDIA H100 80GB HBM3, 0 %, 1 MiB, 70.78 W, 34, 345 MHz
2026/09/15 02:14:03.680, 2, GPU-6c47d827-68bc-9d8f-448e-55624a5f2f65, NVIDIA H100 80GB HBM3, 0 %, 1 MiB, 71.55 W, 26, 345 MHz
2026/09/15 02:14:03.682, 3, GPU-a481f1cc-7ac4-a6c3-b8a4-eed1d39e45aa, NVIDIA H100 80GB HBM3, 0 %, 1 MiB, 74.95 W, 26, 345 MHz
2026/09/15 02:14:03.685, 4, GPU-a60182ac-1fbd-0654-4298-7dfab8d789ca, NVIDIA H100 80GB HBM3, 0 %, 1 MiB, 72.23 W, 26, 345 MHz
2026/09/15 02:14:03.688, 5, GPU-11bb96fb-3b4c-98eb-f310-70437157969c, NVIDIA H100 80GB HBM3, 0 %, 1 MiB, 69.35 W, 26, 345 MHz
2026/09/15 02:14:03.690, 6, GPU-7d80084d-f83b-1a50-3007-35e8f2af67c2, NVIDIA H100 80GB HBM3, 0 %, 1 MiB, 70.92 W, 27, 345 MHz
2026/09/15 02:14:03.692, 7, GPU-69cdf81a-1c5b-4e7c-54e2-2dd45eb25e36, NVIDIA H100 80GB HBM3, 0 %, 1 MiB, 70.28 W, 26, 345 MHz
2026/09/15 02:14:04.695, 0, GPU-3d9bae9f-f6a5-a533-682a-2990f19ffa90, NVIDIA H100 80GB HBM3, 0 %, 20918 MiB, 117.39 W, 39, 1980 MHz
2026/09/15 02:14:04.697, 1, GPU-d67482aa-44bc-1a33-2545-de34f4bb6c82, NVIDIA H100 80GB HBM3, 0 %, 1 MiB, 70.75 W, 34, 345 MHz
2026/09/15 02:14:04.698, 2, GPU-6c47d827-68bc-9d8f-448e-55624a5f2f65, NVIDIA H100 80GB HBM3, 0 %, 1 MiB, 71.54 W, 26, 345 MHz
2026/09/15 02:14:04.709, 3, GPU-a481f1cc-7ac4-a6c3-b8a4-eed1d39e45aa, NVIDIA H100 80GB HBM3, 0 %, 1 MiB, 74.97 W, 26, 345 MHz
2026/09/15 02:14:04.711, 4, GPU-a60182ac-1fbd-0654-4298-7dfab8d789ca, NVIDIA H100 80GB HBM3, 0 %, 1 MiB, 72.26 W, 26, 345 MHz
2026/09/15 02:14:04.714, 5, GPU-11bb96fb-3b4c-98eb-f310-70437157969c, NVIDIA H100 80GB HBM3, 0 %, 1 MiB, 69.35 W, 26, 345 MHz
2026/09/15 02:14:04.716, 6, GPU-7d80084d-f83b-1a50-3007-35e8f2af67c2, NVIDIA H100 80GB HBM3, 0 %, 1 MiB, 70.89 W, 27, 345 MHz
2026/09/15 02:14:04.719, 7, GPU-69cdf81a-1c5b-4e7c-54e2-2dd45eb25e36, NVIDIA H100 80GB HBM3, 0 %, 1 MiB, 70.28 W, 26, 345 MHz
2026/09/15 02:14:05.721, 0, GPU-3d9bae9f-f6a5-a533-682a-2990f19ffa90, NVIDIA H100 80GB HBM3, 0 %, 20918 MiB, 117.40 W, 39, 1980 MHz
2026/09/15 02:14:05.738, 1, GPU-d67482aa-44bc-1a33-2545-de34f4bb6c82, NVIDIA H100 80GB HBM3, 0 %, 1 MiB, 70.77 W, 34, 345 MHz
2026/09/15 02:14:05.762, 2, GPU-6c47d827-68bc-9d8f-448e-55624a5f2f65, NVIDIA H100 80GB HBM3, 0 %, 1 MiB, 71.54 W, 26, 345 MHz
2026/09/15 02:14:05.790, 3, GPU-a481f1cc-7ac4-a6c3-b8a4-eed1d39e45aa, NVIDIA H100 80GB HBM3, 0 %, 1 MiB, 74.93 W, 26, 345 MHz
2026/09/15 02:14:05.819, 4, GPU-a60182ac-1fbd-0654-4298-7dfab8d789ca, NVIDIA H100 80GB HBM3, 0 %, 1 MiB, 72.36 W, 26, 345 MHz
2026/09/15 02:14:05.821, 5, GPU-11bb96fb-3b4c-98eb-f310-70437157969c, NVIDIA H100 80GB HBM3, 0 %, 1 MiB, 69.32 W, 26, 345 MHz
2026/09/15 02:14:05.824, 6, GPU-7d80084d-f83b-1a50-3007-35e8f2af67c2, NVIDIA H100 80GB HBM3, 0 %, 1 MiB, 70.86 W, 27, 345 MHz
2026/09/15 02:14:05.827, 7, GPU-69cdf81a-1c5b-4e7c-54e2-2dd45eb25e36, NVIDIA H100 80GB HBM3, 0 %, 1 MiB, 70.30 W, 26, 345 MHz
2026/09/15 02:14:06.830, 0, GPU-3d9bae9f-f6a5-a533-682a-2990f19ffa90, NVIDIA H100 80GB HBM3, 0 %, 20918 MiB, 117.41 W, 39, 1980 MHz
2026/09/15 02:14:06.832, 1, GPU-d67482aa-44bc-1a33-2545-de34f4bb6c82, NVIDIA H100 80GB HBM3, 0 %, 1 MiB, 70.80 W, 34, 345 MHz
2026/09/15 02:14:06.834, 2, GPU-6c47d827-68bc-9d8f-448e-55624a5f2f65, NVIDIA H100 80GB HBM3, 0 %, 1 MiB, 71.52 W, 26, 345 MHz
2026/09/15 02:14:06.837, 3, GPU-a481f1cc-7ac4-a6c3-b8a4-eed1d39e45aa, NVIDIA H100 80GB HBM3, 0 %, 1 MiB, 74.99 W, 26, 345 MHz
2026/09/15 02:14:06.839, 4, GPU-a60182ac-1fbd-0654-4298-7dfab8d789ca, NVIDIA H100 80GB HBM3, 0 %, 1 MiB, 72.18 W, 26, 345 MHz
2026/09/15 02:14:06.841, 5, GPU-11bb96fb-3b4c-98eb-f310-70437157969c, NVIDIA H100 80GB HBM3, 0 %, 1 MiB, 69.35 W, 26, 345 MHz
2026/09/15 02:14:06.844, 6, GPU-7d80084d-f83b-1a50-3007-35e8f2af67c2, NVIDIA H100 80GB HBM3, 0 %, 1 MiB, 70.90 W, 27, 345 MHz
2026/09/15 02:14:06.847, 7, GPU-69cdf81a-1c5b-4e7c-54e2-2dd45eb25e36, NVIDIA H100 80GB HBM3, 0 %, 1 MiB, 70.31 W, 26, 345 MHz
2026/09/15 02:14:07.849, 0, GPU-3d9bae9f-f6a5-a533-682a-2990f19ffa90, NVIDIA H100 80GB HBM3, 0 %, 20918 MiB, 117.37 W, 39, 1980 MHz
2026/09/15 02:14:07.852, 1, GPU-d67482aa-44bc-1a33-2545-de34f4bb6c82, NVIDIA H100 80GB HBM3, 0 %, 1 MiB, 70.77 W, 34, 345 MHz
2026/09/15 02:14:07.858, 2, GPU-6c47d827-68bc-9d8f-448e-55624a5f2f65, NVIDIA H100 80GB HBM3, 0 %, 1 MiB, 71.56 W, 26, 345 MHz
2026/09/15 02:14:07.861, 3, GPU-a481f1cc-7ac4-a6c3-b8a4-eed1d39e45aa, NVIDIA H100 80GB HBM3, 0 %, 1 MiB, 74.97 W, 26, 345 MHz
2026/09/15 02:14:07.863, 4, GPU-a60182ac-1fbd-0654-4298-7dfab8d789ca, NVIDIA H100 80GB HBM3, 0 %, 1 MiB, 72.39 W, 26, 345 MHz
2026/09/15 02:14:07.869, 5, GPU-11bb96fb-3b4c-98eb-f310-70437157969c, NVIDIA H100 80GB HBM3, 0 %, 1 MiB, 69.38 W, 26, 345 MHz
2026/09/15 02:14:07.871, 6, GPU-7d80084d-f83b-1a50-3007-35e8f2af67c2, NVIDIA H100 80GB HBM3, 0 %, 1 MiB, 70.91 W, 27, 345 MHz
2026/09/15 02:14:07.873, 7, GPU-69cdf81a-1c5b-4e7c-54e2-2dd45eb25e36, NVIDIA H100 80GB HBM3, 0 %, 1 MiB, 70.24 W, 26, 345 MHz
2026/09/15 02:14:08.876, 0, GPU-3d9bae9f-f6a5-a533-682a-2990f19ffa90, NVIDIA H100 80GB HBM3, 0 %, 20918 MiB, 117.39 W, 39, 1980 MHz
2026/09/15 02:14:08.877, 1, GPU-d67482aa-44bc-1a33-2545-de34f4bb6c82, NVIDIA H100 80GB HBM3, 0 %, 1 MiB, 70.76 W, 34, 345 MHz
2026/09/15 02:14:08.879, 2, GPU-6c47d827-68bc-9d8f-448e-55624a5f2f65, NVIDIA H100 80GB HBM3, 0 %, 1 MiB, 71.53 W, 26, 345 MHz
2026/09/15 02:14:08.882, 3, GPU-a481f1cc-7ac4-a6c3-b8a4-eed1d39e45aa, NVIDIA H100 80GB HBM3, 0 %, 1 MiB, 75.03 W, 26, 345 MHz
2026/09/15 02:14:08.885, 4, GPU-a60182ac-1fbd-0654-4298-7dfab8d789ca, NVIDIA H100 80GB HBM3, 0 %, 1 MiB, 72.21 W, 26, 345 MHz
2026/09/15 02:14:08.888, 5, GPU-11bb96fb-3b4c-98eb-f310-70437157969c, NVIDIA H100 80GB HBM3, 0 %, 1 MiB, 69.35 W, 26, 345 MHz
2026/09/15 02:14:08.890, 6, GPU-7d80084d-f83b-1a50-3007-35e8f2af67c2, NVIDIA H100 80GB HBM3, 0 %, 1 MiB, 70.91 W, 27, 345 MHz
2026/09/15 02:14:08.892, 7, GPU-69cdf81a-1c5b-4e7c-54e2-2dd45eb25e36, NVIDIA H100 80GB HBM3, 0 %, 1 MiB, 70.33 W, 26, 345 MHz
2026/09/15 02:14:09.895, 0, GPU-3d9bae9f-f6a5-a533-682a-2990f19ffa90, NVIDIA H100 80GB HBM3, 0 %, 20918 MiB, 117.42 W, 39, 1980 MHz
2026/09/15 02:14:09.896, 1, GPU-d67482aa-44bc-1a33-2545-de34f4bb6c82, NVIDIA H100 80GB HBM3, 0 %, 1 MiB, 70.76 W, 34, 345 MHz
2026/09/15 02:14:09.899, 2, GPU-6c47d827-68bc-9d8f-448e-55624a5f2f65, NVIDIA H100 80GB HBM3, 0 %, 1 MiB, 71.57 W, 26, 345 MHz
2026/09/15 02:14:09.910, 3, GPU-a481f1cc-7ac4-a6c3-b8a4-eed1d39e45aa, NVIDIA H100 80GB HBM3, 0 %, 1 MiB, 74.97 W, 26, 345 MHz
2026/09/15 02:14:09.912, 4, GPU-a60182ac-1fbd-0654-4298-7dfab8d789ca, NVIDIA H100 80GB HBM3, 0 %, 1 MiB, 72.36 W, 26, 345 MHz
2026/09/15 02:14:09.914, 5, GPU-11bb96fb-3b4c-98eb-f310-70437157969c, NVIDIA H100 80GB HBM3, 0 %, 1 MiB, 69.32 W, 26, 345 MHz
2026/09/15 02:14:09.916, 6, GPU-7d80084d-f83b-1a50-3007-35e8f2af67c2, NVIDIA H100 80GB HBM3, 0 %, 1 MiB, 70.89 W, 27, 345 MHz
2026/09/15 02:14:09.918, 7, GPU-69cdf81a-1c5b-4e7c-54e2-2dd45eb25e36, NVIDIA H100 80GB HBM3, 0 %, 1 MiB, 70.32 W, 26, 345 MHz
2026/09/15 02:14:10.921, 0, GPU-3d9bae9f-f6a5-a533-682a-2990f19ffa90, NVIDIA H100 80GB HBM3, 0 %, 20918 MiB, 117.38 W, 39, 1980 MHz
2026/09/15 02:14:10.924, 1, GPU-d67482aa-44bc-1a33-2545-de34f4bb6c82, NVIDIA H100 80GB HBM3, 0 %, 1 MiB, 70.72 W, 34, 345 MHz
2026/09/15 02:14:10.927, 2, GPU-6c47d827-68bc-9d8f-448e-55624a5f2f65, NVIDIA H100 80GB HBM3, 0 %, 1 MiB, 71.54 W, 26, 345 MHz
2026/09/15 02:14:10.930, 3, GPU-a481f1cc-7ac4-a6c3-b8a4-eed1d39e45aa, NVIDIA H100 80GB HBM3, 0 %, 1 MiB, 74.94 W, 26, 345 MHz
2026/09/15 02:14:10.939, 4, GPU-a60182ac-1fbd-0654-4298-7dfab8d789ca, NVIDIA H100 80GB HBM3, 0 %, 1 MiB, 72.23 W, 26, 345 MHz
2026/09/15 02:14:10.941, 5, GPU-11bb96fb-3b4c-98eb-f310-70437157969c, NVIDIA H100 80GB HBM3, 0 %, 1 MiB, 69.39 W, 26, 345 MHz
2026/09/15 02:14:10.944, 6, GPU-7d80084d-f83b-1a50-3007-35e8f2af67c2, NVIDIA H100 80GB HBM3, 0 %, 1 MiB, 70.91 W, 27, 345 MHz
2026/09/15 02:14:10.947, 7, GPU-69cdf81a-1c5b-4e7c-54e2-2dd45eb25e36, NVIDIA H100 80GB HBM3, 0 %, 1 MiB, 70.29 W, 26, 345 MHz
2026/09/15 02:14:11.950, 0, GPU-3d9bae9f-f6a5-a533-682a-2990f19ffa90, NVIDIA H100 80GB HBM3, 0 %, 20918 MiB, 117.43 W, 39, 1980 MHz
2026/09/15 02:14:11.955, 1, GPU-d67482aa-44bc-1a33-2545-de34f4bb6c82, NVIDIA H100 80GB HBM3, 0 %, 1 MiB, 70.59 W, 34, 345 MHz
2026/09/15 02:14:11.959, 2, GPU-6c47d827-68bc-9d8f-448e-55624a5f2f65, NVIDIA H100 80GB HBM3, 0 %, 1 MiB, 71.55 W, 26, 345 MHz
2026/09/15 02:14:11.962, 3, GPU-a481f1cc-7ac4-a6c3-b8a4-eed1d39e45aa, NVIDIA H100 80GB HBM3, 0 %, 1 MiB, 74.99 W, 26, 345 MHz
2026/09/15 02:14:11.964, 4, GPU-a60182ac-1fbd-0654-4298-7dfab8d789ca, NVIDIA H100 80GB HBM3, 0 %, 1 MiB, 72.35 W, 26, 345 MHz
2026/09/15 02:14:11.969, 5, GPU-11bb96fb-3b4c-98eb-f310-70437157969c, NVIDIA H100 80GB HBM3, 0 %, 1 MiB, 69.33 W, 26, 345 MHz
2026/09/15 02:14:11.971, 6, GPU-7d80084d-f83b-1a50-3007-35e8f2af67c2, NVIDIA H100 80GB HBM3, 0 %, 1 MiB, 70.88 W, 27, 345 MHz
2026/09/15 02:14:11.973, 7, GPU-69cdf81a-1c5b-4e7c-54e2-2dd45eb25e36, NVIDIA H100 80GB HBM3, 0 %, 1 MiB, 70.31 W, 26, 345 MHz
2026/09/15 02:14:12.977, 0, GPU-3d9bae9f-f6a5-a533-682a-2990f19ffa90, NVIDIA H100 80GB HBM3, 0 %, 20918 MiB, 117.45 W, 39, 1980 MHz
2026/09/15 02:14:12.986, 1, GPU-d67482aa-44bc-1a33-2545-de34f4bb6c82, NVIDIA H100 80GB HBM3, 0 %, 1 MiB, 70.83 W, 34, 345 MHz
2026/09/15 02:14:12.990, 2, GPU-6c47d827-68bc-9d8f-448e-55624a5f2f65, NVIDIA H100 80GB HBM3, 0 %, 1 MiB, 71.54 W, 26, 345 MHz
2026/09/15 02:14:13.026, 3, GPU-a481f1cc-7ac4-a6c3-b8a4-eed1d39e45aa, NVIDIA H100 80GB HBM3, 0 %, 1 MiB, 74.99 W, 26, 345 MHz
2026/09/15 02:14:13.029, 4, GPU-a60182ac-1fbd-0654-4298-7dfab8d789ca, NVIDIA H100 80GB HBM3, 0 %, 1 MiB, 72.36 W, 26, 345 MHz
2026/09/15 02:14:13.035, 5, GPU-11bb96fb-3b4c-98eb-f310-70437157969c, NVIDIA H100 80GB HBM3, 0 %, 1 MiB, 69.35 W, 26, 345 MHz
2026/09/15 02:14:13.036, 6, GPU-7d80084d-f83b-1a50-3007-35e8f2af67c2, NVIDIA H100 80GB HBM3, 0 %, 1 MiB, 70.89 W, 27, 345 MHz
2026/09/15 02:14:13.038, 7, GPU-69cdf81a-1c5b-4e7c-54e2-2dd45eb25e36, NVIDIA H100 80GB HBM3, 0 %, 1 MiB, 70.32 W, 26, 345 MHz
2026/09/15 02:14:14.040, 0, GPU-3d9bae9f-f6a5-a533-682a-2990f19ffa90, NVIDIA H100 80GB HBM3, 0 %, 20918 MiB, 117.34 W, 39, 1980 MHz
2026/09/15 02:14:14.042, 1, GPU-d67482aa-44bc-1a33-2545-de34f4bb6c82, NVIDIA H100 80GB HBM3, 0 %, 1 MiB, 70.78 W, 34, 345 MHz
2026/09/15 02:14:14.046, 2, GPU-6c47d827-68bc-9d8f-448e-55624a5f2f65, NVIDIA H100 80GB HBM3, 0 %, 1 MiB, 71.57 W, 26, 345 MHz
2026/09/15 02:14:14.048, 3, GPU-a481f1cc-7ac4-a6c3-b8a4-eed1d39e45aa, NVIDIA H100 80GB HBM3, 0 %, 1 MiB, 74.92 W, 26, 345 MHz
2026/09/15 02:14:14.050, 4, GPU-a60182ac-1fbd-0654-4298-7dfab8d789ca, NVIDIA H100 80GB HBM3, 0 %, 1 MiB, 72.21 W, 26, 345 MHz
2026/09/15 02:14:14.053, 5, GPU-11bb96fb-3b4c-98eb-f310-70437157969c, NVIDIA H100 80GB HBM3, 0 %, 1 MiB, 69.32 W, 26, 345 MHz
2026/09/15 02:14:14.056, 6, GPU-7d80084d-f83b-1a50-3007-35e8f2af67c2, NVIDIA H100 80GB HBM3, 0 %, 1 MiB, 70.88 W, 27, 345 MHz
2026/09/15 02:14:14.065, 7, GPU-69cdf81a-1c5b-4e7c-54e2-2dd45eb25e36, NVIDIA H100 80GB HBM3, 0 %, 1 MiB, 70.30 W, 26, 345 MHz
2026/09/15 02:14:15.068, 0, GPU-3d9bae9f-f6a5-a533-682a-2990f19ffa90, NVIDIA H100 80GB HBM3, 0 %, 20918 MiB, 117.38 W, 39, 1980 MHz
2026/09/15 02:14:15.072, 1, GPU-d67482aa-44bc-1a33-2545-de34f4bb6c82, NVIDIA H100 80GB HBM3, 0 %, 1 MiB, 70.78 W, 34, 345 MHz
2026/09/15 02:14:15.074, 2, GPU-6c47d827-68bc-9d8f-448e-55624a5f2f65, NVIDIA H100 80GB HBM3, 0 %, 1 MiB, 71.53 W, 26, 345 MHz
2026/09/15 02:14:15.077, 3, GPU-a481f1cc-7ac4-a6c3-b8a4-eed1d39e45aa, NVIDIA H100 80GB HBM3, 0 %, 1 MiB, 75.01 W, 26, 345 MHz
2026/09/15 02:14:15.079, 4, GPU-a60182ac-1fbd-0654-4298-7dfab8d789ca, NVIDIA H100 80GB HBM3, 0 %, 1 MiB, 72.40 W, 26, 345 MHz
2026/09/15 02:14:15.081, 5, GPU-11bb96fb-3b4c-98eb-f310-70437157969c, NVIDIA H100 80GB HBM3, 0 %, 1 MiB, 69.35 W, 26, 345 MHz
2026/09/15 02:14:15.084, 6, GPU-7d80084d-f83b-1a50-3007-35e8f2af67c2, NVIDIA H100 80GB HBM3, 0 %, 1 MiB, 70.88 W, 27, 345 MHz
2026/09/15 02:14:15.087, 7, GPU-69cdf81a-1c5b-4e7c-54e2-2dd45eb25e36, NVIDIA H100 80GB HBM3, 0 %, 1 MiB, 70.30 W, 26, 345 MHz
2026/09/15 02:14:16.089, 0, GPU-3d9bae9f-f6a5-a533-682a-2990f19ffa90, NVIDIA H100 80GB HBM3, 0 %, 20918 MiB, 117.35 W, 39, 1980 MHz
2026/09/15 02:14:16.093, 1, GPU-d67482aa-44bc-1a33-2545-de34f4bb6c82, NVIDIA H100 80GB HBM3, 0 %, 1 MiB, 70.77 W, 34, 345 MHz
2026/09/15 02:14:16.095, 2, GPU-6c47d827-68bc-9d8f-448e-55624a5f2f65, NVIDIA H100 80GB HBM3, 0 %, 1 MiB, 71.54 W, 26, 345 MHz
2026/09/15 02:14:16.098, 3, GPU-a481f1cc-7ac4-a6c3-b8a4-eed1d39e45aa, NVIDIA H100 80GB HBM3, 0 %, 1 MiB, 74.98 W, 26, 345 MHz
2026/09/15 02:14:16.100, 4, GPU-a60182ac-1fbd-0654-4298-7dfab8d789ca, NVIDIA H100 80GB HBM3, 0 %, 1 MiB, 72.22 W, 26, 345 MHz
2026/09/15 02:14:16.103, 5, GPU-11bb96fb-3b4c-98eb-f310-70437157969c, NVIDIA H100 80GB HBM3, 0 %, 1 MiB, 69.32 W, 26, 345 MHz
2026/09/15 02:14:16.108, 6, GPU-7d80084d-f83b-1a50-3007-35e8f2af67c2, NVIDIA H100 80GB HBM3, 0 %, 1 MiB, 70.93 W, 27, 345 MHz
2026/09/15 02:14:16.111, 7, GPU-69cdf81a-1c5b-4e7c-54e2-2dd45eb25e36, NVIDIA H100 80GB HBM3, 0 %, 1 MiB, 70.32 W, 26, 345 MHz
2026/09/15 02:14:17.121, 0, GPU-3d9bae9f-f6a5-a533-682a-2990f19ffa90, NVIDIA H100 80GB HBM3, 0 %, 20918 MiB, 117.37 W, 39, 1980 MHz
2026/09/15 02:14:17.145, 1, GPU-d67482aa-44bc-1a33-2545-de34f4bb6c82, NVIDIA H100 80GB HBM3, 0 %, 1 MiB, 70.77 W, 34, 345 MHz
2026/09/15 02:14:17.175, 2, GPU-6c47d827-68bc-9d8f-448e-55624a5f2f65, NVIDIA H100 80GB HBM3, 0 %, 1 MiB, 71.53 W, 26, 345 MHz
2026/09/15 02:14:17.206, 3, GPU-a481f1cc-7ac4-a6c3-b8a4-eed1d39e45aa, NVIDIA H100 80GB HBM3, 0 %, 1 MiB, 74.97 W, 26, 345 MHz
2026/09/15 02:14:17.239, 4, GPU-a60182ac-1fbd-0654-4298-7dfab8d789ca, NVIDIA H100 80GB HBM3, 0 %, 1 MiB, 72.32 W, 26, 345 MHz
2026/09/15 02:14:17.242, 5, GPU-11bb96fb-3b4c-98eb-f310-70437157969c, NVIDIA H100 80GB HBM3, 0 %, 1 MiB, 69.38 W, 26, 345 MHz
2026/09/15 02:14:17.246, 6, GPU-7d80084d-f83b-1a50-3007-35e8f2af67c2, NVIDIA H100 80GB HBM3, 0 %, 1 MiB, 70.89 W, 27, 345 MHz
2026/09/15 02:14:17.272, 7, GPU-69cdf81a-1c5b-4e7c-54e2-2dd45eb25e36, NVIDIA H100 80GB HBM3, 0 %, 1 MiB, 70.28 W, 26, 345 MHz
2026/09/15 02:14:18.278, 0, GPU-3d9bae9f-f6a5-a533-682a-2990f19ffa90, NVIDIA H100 80GB HBM3, 0 %, 20918 MiB, 117.39 W, 39, 1980 MHz
2026/09/15 02:14:18.281, 1, GPU-d67482aa-44bc-1a33-2545-de34f4bb6c82, NVIDIA H100 80GB HBM3, 0 %, 1 MiB, 70.78 W, 34, 345 MHz
2026/09/15 02:14:18.286, 2, GPU-6c47d827-68bc-9d8f-448e-55624a5f2f65, NVIDIA H100 80GB HBM3, 0 %, 1 MiB, 71.54 W, 26, 345 MHz
2026/09/15 02:14:18.288, 3, GPU-a481f1cc-7ac4-a6c3-b8a4-eed1d39e45aa, NVIDIA H100 80GB HBM3, 0 %, 1 MiB, 74.92 W, 26, 345 MHz
2026/09/15 02:14:18.290, 4, GPU-a60182ac-1fbd-0654-4298-7dfab8d789ca, NVIDIA H100 80GB HBM3, 0 %, 1 MiB, 72.25 W, 26, 345 MHz
2026/09/15 02:14:18.293, 5, GPU-11bb96fb-3b4c-98eb-f310-70437157969c, NVIDIA H100 80GB HBM3, 0 %, 1 MiB, 69.39 W, 26, 345 MHz
2026/09/15 02:14:18.296, 6, GPU-7d80084d-f83b-1a50-3007-35e8f2af67c2, NVIDIA H100 80GB HBM3, 0 %, 1 MiB, 70.92 W, 27, 345 MHz
2026/09/15 02:14:18.298, 7, GPU-69cdf81a-1c5b-4e7c-54e2-2dd45eb25e36, NVIDIA H100 80GB HBM3, 0 %, 1 MiB, 70.26 W, 26, 345 MHz
2026/09/15 02:14:19.300, 0, GPU-3d9bae9f-f6a5-a533-682a-2990f19ffa90, NVIDIA H100 80GB HBM3, 5 %, 21708 MiB, 117.57 W, 39, 1980 MHz
2026/09/15 02:14:19.303, 1, GPU-d67482aa-44bc-1a33-2545-de34f4bb6c82, NVIDIA H100 80GB HBM3, 0 %, 1 MiB, 70.75 W, 34, 345 MHz
2026/09/15 02:14:19.305, 2, GPU-6c47d827-68bc-9d8f-448e-55624a5f2f65, NVIDIA H100 80GB HBM3, 0 %, 1 MiB, 71.50 W, 26, 345 MHz
2026/09/15 02:14:19.311, 3, GPU-a481f1cc-7ac4-a6c3-b8a4-eed1d39e45aa, NVIDIA H100 80GB HBM3, 0 %, 1 MiB, 74.97 W, 26, 345 MHz
2026/09/15 02:14:19.313, 4, GPU-a60182ac-1fbd-0654-4298-7dfab8d789ca, NVIDIA H100 80GB HBM3, 0 %, 1 MiB, 72.26 W, 26, 345 MHz
2026/09/15 02:14:19.315, 5, GPU-11bb96fb-3b4c-98eb-f310-70437157969c, NVIDIA H100 80GB HBM3, 0 %, 1 MiB, 69.31 W, 26, 345 MHz
2026/09/15 02:14:19.317, 6, GPU-7d80084d-f83b-1a50-3007-35e8f2af67c2, NVIDIA H100 80GB HBM3, 0 %, 1 MiB, 70.92 W, 27, 345 MHz
2026/09/15 02:14:19.319, 7, GPU-69cdf81a-1c5b-4e7c-54e2-2dd45eb25e36, NVIDIA H100 80GB HBM3, 0 %, 1 MiB, 70.24 W, 26, 345 MHz
2026/09/15 02:14:20.322, 0, GPU-3d9bae9f-f6a5-a533-682a-2990f19ffa90, NVIDIA H100 80GB HBM3, 0 %, 22274 MiB, 117.50 W, 39, 1980 MHz
2026/09/15 02:14:20.325, 1, GPU-d67482aa-44bc-1a33-2545-de34f4bb6c82, NVIDIA H100 80GB HBM3, 0 %, 1 MiB, 70.76 W, 34, 345 MHz
2026/09/15 02:14:20.328, 2, GPU-6c47d827-68bc-9d8f-448e-55624a5f2f65, NVIDIA H100 80GB HBM3, 0 %, 1 MiB, 71.54 W, 26, 345 MHz
2026/09/15 02:14:20.332, 3, GPU-a481f1cc-7ac4-a6c3-b8a4-eed1d39e45aa, NVIDIA H100 80GB HBM3, 0 %, 1 MiB, 74.93 W, 26, 345 MHz
2026/09/15 02:14:20.339, 4, GPU-a60182ac-1fbd-0654-4298-7dfab8d789ca, NVIDIA H100 80GB HBM3, 0 %, 1 MiB, 72.36 W, 26, 345 MHz
2026/09/15 02:14:20.342, 5, GPU-11bb96fb-3b4c-98eb-f310-70437157969c, NVIDIA H100 80GB HBM3, 0 %, 1 MiB, 69.37 W, 26, 345 MHz
2026/09/15 02:14:20.345, 6, GPU-7d80084d-f83b-1a50-3007-35e8f2af67c2, NVIDIA H100 80GB HBM3, 0 %, 1 MiB, 70.83 W, 27, 345 MHz
2026/09/15 02:14:20.347, 7, GPU-69cdf81a-1c5b-4e7c-54e2-2dd45eb25e36, NVIDIA H100 80GB HBM3, 0 %, 1 MiB, 70.31 W, 26, 345 MHz
2026/09/15 02:14:21.349, 0, GPU-3d9bae9f-f6a5-a533-682a-2990f19ffa90, NVIDIA H100 80GB HBM3, 0 %, 22274 MiB, 117.38 W, 39, 1980 MHz
2026/09/15 02:14:21.353, 1, GPU-d67482aa-44bc-1a33-2545-de34f4bb6c82, NVIDIA H100 80GB HBM3, 0 %, 1 MiB, 70.81 W, 34, 345 MHz
2026/09/15 02:14:21.359, 2, GPU-6c47d827-68bc-9d8f-448e-55624a5f2f65, NVIDIA H100 80GB HBM3, 0 %, 1 MiB, 71.51 W, 26, 345 MHz
2026/09/15 02:14:21.362, 3, GPU-a481f1cc-7ac4-a6c3-b8a4-eed1d39e45aa, NVIDIA H100 80GB HBM3, 0 %, 1 MiB, 74.93 W, 26, 345 MHz
2026/09/15 02:14:21.365, 4, GPU-a60182ac-1fbd-0654-4298-7dfab8d789ca, NVIDIA H100 80GB HBM3, 0 %, 1 MiB, 72.24 W, 26, 345 MHz
2026/09/15 02:14:21.369, 5, GPU-11bb96fb-3b4c-98eb-f310-70437157969c, NVIDIA H100 80GB HBM3, 0 %, 1 MiB, 69.36 W, 26, 345 MHz
2026/09/15 02:14:21.371, 6, GPU-7d80084d-f83b-1a50-3007-35e8f2af67c2, NVIDIA H100 80GB HBM3, 0 %, 1 MiB, 70.91 W, 27, 345 MHz
2026/09/15 02:14:21.374, 7, GPU-69cdf81a-1c5b-4e7c-54e2-2dd45eb25e36, NVIDIA H100 80GB HBM3, 0 %, 1 MiB, 70.30 W, 26, 345 MHz
2026/09/15 02:14:22.377, 0, GPU-3d9bae9f-f6a5-a533-682a-2990f19ffa90, NVIDIA H100 80GB HBM3, 0 %, 23440 MiB, 117.64 W, 39, 1980 MHz
2026/09/15 02:14:22.380, 1, GPU-d67482aa-44bc-1a33-2545-de34f4bb6c82, NVIDIA H100 80GB HBM3, 0 %, 1 MiB, 70.77 W, 34, 345 MHz
2026/09/15 02:14:22.382, 2, GPU-6c47d827-68bc-9d8f-448e-55624a5f2f65, NVIDIA H100 80GB HBM3, 0 %, 1 MiB, 71.52 W, 26, 345 MHz
2026/09/15 02:14:22.384, 3, GPU-a481f1cc-7ac4-a6c3-b8a4-eed1d39e45aa, NVIDIA H100 80GB HBM3, 0 %, 1 MiB, 74.94 W, 26, 345 MHz
2026/09/15 02:14:22.387, 4, GPU-a60182ac-1fbd-0654-4298-7dfab8d789ca, NVIDIA H100 80GB HBM3, 0 %, 1 MiB, 72.37 W, 26, 345 MHz
2026/09/15 02:14:22.389, 5, GPU-11bb96fb-3b4c-98eb-f310-70437157969c, NVIDIA H100 80GB HBM3, 0 %, 1 MiB, 69.35 W, 26, 345 MHz
2026/09/15 02:14:22.391, 6, GPU-7d80084d-f83b-1a50-3007-35e8f2af67c2, NVIDIA H100 80GB HBM3, 0 %, 1 MiB, 70.95 W, 27, 345 MHz
2026/09/15 02:14:22.395, 7, GPU-69cdf81a-1c5b-4e7c-54e2-2dd45eb25e36, NVIDIA H100 80GB HBM3, 0 %, 1 MiB, 70.25 W, 26, 345 MHz
2026/09/15 02:14:23.397, 0, GPU-3d9bae9f-f6a5-a533-682a-2990f19ffa90, NVIDIA H100 80GB HBM3, 0 %, 23440 MiB, 117.47 W, 39, 1980 MHz
2026/09/15 02:14:23.400, 1, GPU-d67482aa-44bc-1a33-2545-de34f4bb6c82, NVIDIA H100 80GB HBM3, 0 %, 1 MiB, 70.80 W, 34, 345 MHz
2026/09/15 02:14:23.411, 2, GPU-6c47d827-68bc-9d8f-448e-55624a5f2f65, NVIDIA H100 80GB HBM3, 0 %, 1 MiB, 71.52 W, 26, 345 MHz
2026/09/15 02:14:23.413, 3, GPU-a481f1cc-7ac4-a6c3-b8a4-eed1d39e45aa, NVIDIA H100 80GB HBM3, 0 %, 1 MiB, 74.94 W, 26, 345 MHz
2026/09/15 02:14:23.415, 4, GPU-a60182ac-1fbd-0654-4298-7dfab8d789ca, NVIDIA H100 80GB HBM3, 0 %, 1 MiB, 72.24 W, 26, 345 MHz
2026/09/15 02:14:23.420, 5, GPU-11bb96fb-3b4c-98eb-f310-70437157969c, NVIDIA H100 80GB HBM3, 0 %, 1 MiB, 69.33 W, 26, 345 MHz
2026/09/15 02:14:23.422, 6, GPU-7d80084d-f83b-1a50-3007-35e8f2af67c2, NVIDIA H100 80GB HBM3, 0 %, 1 MiB, 70.88 W, 27, 345 MHz
2026/09/15 02:14:23.425, 7, GPU-69cdf81a-1c5b-4e7c-54e2-2dd45eb25e36, NVIDIA H100 80GB HBM3, 0 %, 1 MiB, 70.28 W, 26, 345 MHz
2026/09/15 02:14:24.427, 0, GPU-3d9bae9f-f6a5-a533-682a-2990f19ffa90, NVIDIA H100 80GB HBM3, 0 %, 23440 MiB, 117.43 W, 39, 1980 MHz
2026/09/15 02:14:24.452, 1, GPU-d67482aa-44bc-1a33-2545-de34f4bb6c82, NVIDIA H100 80GB HBM3, 0 %, 1 MiB, 70.77 W, 34, 345 MHz
2026/09/15 02:14:24.458, 2, GPU-6c47d827-68bc-9d8f-448e-55624a5f2f65, NVIDIA H100 80GB HBM3, 0 %, 1 MiB, 71.51 W, 26, 345 MHz
2026/09/15 02:14:24.461, 3, GPU-a481f1cc-7ac4-a6c3-b8a4-eed1d39e45aa, NVIDIA H100 80GB HBM3, 0 %, 1 MiB, 74.91 W, 26, 345 MHz
2026/09/15 02:14:24.464, 4, GPU-a60182ac-1fbd-0654-4298-7dfab8d789ca, NVIDIA H100 80GB HBM3, 0 %, 1 MiB, 72.39 W, 26, 345 MHz
2026/09/15 02:14:24.470, 5, GPU-11bb96fb-3b4c-98eb-f310-70437157969c, NVIDIA H100 80GB HBM3, 0 %, 1 MiB, 69.38 W, 26, 345 MHz
2026/09/15 02:14:24.472, 6, GPU-7d80084d-f83b-1a50-3007-35e8f2af67c2, NVIDIA H100 80GB HBM3, 0 %, 1 MiB, 70.87 W, 27, 345 MHz
2026/09/15 02:14:24.474, 7, GPU-69cdf81a-1c5b-4e7c-54e2-2dd45eb25e36, NVIDIA H100 80GB HBM3, 0 %, 1 MiB, 70.31 W, 26, 345 MHz
2026/09/15 02:14:25.477, 0, GPU-3d9bae9f-f6a5-a533-682a-2990f19ffa90, NVIDIA H100 80GB HBM3, 0 %, 23440 MiB, 117.40 W, 39, 1980 MHz
2026/09/15 02:14:25.480, 1, GPU-d67482aa-44bc-1a33-2545-de34f4bb6c82, NVIDIA H100 80GB HBM3, 0 %, 1 MiB, 70.77 W, 34, 345 MHz
2026/09/15 02:14:25.481, 2, GPU-6c47d827-68bc-9d8f-448e-55624a5f2f65, NVIDIA H100 80GB HBM3, 0 %, 1 MiB, 71.47 W, 26, 345 MHz
2026/09/15 02:14:25.483, 3, GPU-a481f1cc-7ac4-a6c3-b8a4-eed1d39e45aa, NVIDIA H100 80GB HBM3, 0 %, 1 MiB, 74.94 W, 26, 345 MHz
2026/09/15 02:14:25.486, 4, GPU-a60182ac-1fbd-0654-4298-7dfab8d789ca, NVIDIA H100 80GB HBM3, 0 %, 1 MiB, 72.18 W, 26, 345 MHz
2026/09/15 02:14:25.488, 5, GPU-11bb96fb-3b4c-98eb-f310-70437157969c, NVIDIA H100 80GB HBM3, 0 %, 1 MiB, 69.33 W, 26, 345 MHz
2026/09/15 02:14:25.491, 6, GPU-7d80084d-f83b-1a50-3007-35e8f2af67c2, NVIDIA H100 80GB HBM3, 0 %, 1 MiB, 70.88 W, 27, 345 MHz
2026/09/15 02:14:25.493, 7, GPU-69cdf81a-1c5b-4e7c-54e2-2dd45eb25e36, NVIDIA H100 80GB HBM3, 0 %, 1 MiB, 70.30 W, 26, 345 MHz
2026/09/15 02:14:26.496, 0, GPU-3d9bae9f-f6a5-a533-682a-2990f19ffa90, NVIDIA H100 80GB HBM3, 0 %, 23440 MiB, 117.40 W, 39, 1980 MHz
2026/09/15 02:14:26.498, 1, GPU-d67482aa-44bc-1a33-2545-de34f4bb6c82, NVIDIA H100 80GB HBM3, 0 %, 1 MiB, 70.73 W, 34, 345 MHz
2026/09/15 02:14:26.500, 2, GPU-6c47d827-68bc-9d8f-448e-55624a5f2f65, NVIDIA H100 80GB HBM3, 0 %, 1 MiB, 71.52 W, 26, 345 MHz
2026/09/15 02:14:26.510, 3, GPU-a481f1cc-7ac4-a6c3-b8a4-eed1d39e45aa, NVIDIA H100 80GB HBM3, 0 %, 1 MiB, 74.95 W, 26, 345 MHz
2026/09/15 02:14:26.513, 4, GPU-a60182ac-1fbd-0654-4298-7dfab8d789ca, NVIDIA H100 80GB HBM3, 0 %, 1 MiB, 72.39 W, 26, 345 MHz
2026/09/15 02:14:26.515, 5, GPU-11bb96fb-3b4c-98eb-f310-70437157969c, NVIDIA H100 80GB HBM3, 0 %, 1 MiB, 69.32 W, 26, 345 MHz
2026/09/15 02:14:26.517, 6, GPU-7d80084d-f83b-1a50-3007-35e8f2af67c2, NVIDIA H100 80GB HBM3, 0 %, 1 MiB, 70.89 W, 27, 345 MHz
2026/09/15 02:14:26.520, 7, GPU-69cdf81a-1c5b-4e7c-54e2-2dd45eb25e36, NVIDIA H100 80GB HBM3, 0 %, 1 MiB, 70.33 W, 26, 345 MHz
2026/09/15 02:14:27.522, 0, GPU-3d9bae9f-f6a5-a533-682a-2990f19ffa90, NVIDIA H100 80GB HBM3, 0 %, 23440 MiB, 117.44 W, 39, 1980 MHz
2026/09/15 02:14:27.525, 1, GPU-d67482aa-44bc-1a33-2545-de34f4bb6c82, NVIDIA H100 80GB HBM3, 0 %, 1 MiB, 70.75 W, 34, 345 MHz
2026/09/15 02:14:27.528, 2, GPU-6c47d827-68bc-9d8f-448e-55624a5f2f65, NVIDIA H100 80GB HBM3, 0 %, 1 MiB, 71.54 W, 26, 345 MHz
2026/09/15 02:14:27.530, 3, GPU-a481f1cc-7ac4-a6c3-b8a4-eed1d39e45aa, NVIDIA H100 80GB HBM3, 0 %, 1 MiB, 74.93 W, 26, 345 MHz
2026/09/15 02:14:27.538, 4, GPU-a60182ac-1fbd-0654-4298-7dfab8d789ca, NVIDIA H100 80GB HBM3, 0 %, 1 MiB, 72.28 W, 26, 345 MHz
2026/09/15 02:14:27.541, 5, GPU-11bb96fb-3b4c-98eb-f310-70437157969c, NVIDIA H100 80GB HBM3, 0 %, 1 MiB, 69.33 W, 26, 345 MHz
2026/09/15 02:14:27.546, 6, GPU-7d80084d-f83b-1a50-3007-35e8f2af67c2, NVIDIA H100 80GB HBM3, 0 %, 1 MiB, 70.87 W, 27, 345 MHz
2026/09/15 02:14:27.548, 7, GPU-69cdf81a-1c5b-4e7c-54e2-2dd45eb25e36, NVIDIA H100 80GB HBM3, 0 %, 1 MiB, 70.34 W, 26, 345 MHz
2026/09/15 02:14:28.551, 0, GPU-3d9bae9f-f6a5-a533-682a-2990f19ffa90, NVIDIA H100 80GB HBM3, 0 %, 23440 MiB, 117.43 W, 39, 1980 MHz
2026/09/15 02:14:28.580, 1, GPU-d67482aa-44bc-1a33-2545-de34f4bb6c82, NVIDIA H100 80GB HBM3, 0 %, 1 MiB, 70.79 W, 34, 345 MHz
2026/09/15 02:14:28.605, 2, GPU-6c47d827-68bc-9d8f-448e-55624a5f2f65, NVIDIA H100 80GB HBM3, 0 %, 1 MiB, 71.53 W, 26, 345 MHz
2026/09/15 02:14:28.611, 3, GPU-a481f1cc-7ac4-a6c3-b8a4-eed1d39e45aa, NVIDIA H100 80GB HBM3, 0 %, 1 MiB, 74.96 W, 26, 345 MHz
2026/09/15 02:14:28.638, 4, GPU-a60182ac-1fbd-0654-4298-7dfab8d789ca, NVIDIA H100 80GB HBM3, 0 %, 1 MiB, 72.26 W, 26, 345 MHz
2026/09/15 02:14:28.695, 5, GPU-11bb96fb-3b4c-98eb-f310-70437157969c, NVIDIA H100 80GB HBM3, 0 %, 1 MiB, 69.29 W, 26, 345 MHz
2026/09/15 02:14:28.721, 6, GPU-7d80084d-f83b-1a50-3007-35e8f2af67c2, NVIDIA H100 80GB HBM3, 0 %, 1 MiB, 70.88 W, 27, 345 MHz
2026/09/15 02:14:28.748, 7, GPU-69cdf81a-1c5b-4e7c-54e2-2dd45eb25e36, NVIDIA H100 80GB HBM3, 0 %, 1 MiB, 70.28 W, 26, 345 MHz
2026/09/15 02:14:29.750, 0, GPU-3d9bae9f-f6a5-a533-682a-2990f19ffa90, NVIDIA H100 80GB HBM3, 0 %, 23440 MiB, 117.42 W, 39, 1980 MHz
2026/09/15 02:14:29.752, 1, GPU-d67482aa-44bc-1a33-2545-de34f4bb6c82, NVIDIA H100 80GB HBM3, 0 %, 1 MiB, 70.75 W, 34, 345 MHz
2026/09/15 02:14:29.757, 2, GPU-6c47d827-68bc-9d8f-448e-55624a5f2f65, NVIDIA H100 80GB HBM3, 0 %, 1 MiB, 71.52 W, 26, 345 MHz
2026/09/15 02:14:29.760, 3, GPU-a481f1cc-7ac4-a6c3-b8a4-eed1d39e45aa, NVIDIA H100 80GB HBM3, 0 %, 1 MiB, 74.93 W, 26, 345 MHz
2026/09/15 02:14:29.763, 4, GPU-a60182ac-1fbd-0654-4298-7dfab8d789ca, NVIDIA H100 80GB HBM3, 0 %, 1 MiB, 72.45 W, 26, 345 MHz
2026/09/15 02:14:29.768, 5, GPU-11bb96fb-3b4c-98eb-f310-70437157969c, NVIDIA H100 80GB HBM3, 0 %, 1 MiB, 69.35 W, 26, 345 MHz
2026/09/15 02:14:29.772, 6, GPU-7d80084d-f83b-1a50-3007-35e8f2af67c2, NVIDIA H100 80GB HBM3, 0 %, 1 MiB, 70.87 W, 27, 345 MHz
2026/09/15 02:14:29.775, 7, GPU-69cdf81a-1c5b-4e7c-54e2-2dd45eb25e36, NVIDIA H100 80GB HBM3, 0 %, 1 MiB, 70.32 W, 26, 345 MHz
2026/09/15 02:14:30.777, 0, GPU-3d9bae9f-f6a5-a533-682a-2990f19ffa90, NVIDIA H100 80GB HBM3, 0 %, 23440 MiB, 117.47 W, 39, 1980 MHz
2026/09/15 02:14:30.779, 1, GPU-d67482aa-44bc-1a33-2545-de34f4bb6c82, NVIDIA H100 80GB HBM3, 0 %, 1 MiB, 70.76 W, 34, 345 MHz
2026/09/15 02:14:30.781, 2, GPU-6c47d827-68bc-9d8f-448e-55624a5f2f65, NVIDIA H100 80GB HBM3, 0 %, 1 MiB, 71.52 W, 26, 345 MHz
2026/09/15 02:14:30.784, 3, GPU-a481f1cc-7ac4-a6c3-b8a4-eed1d39e45aa, NVIDIA H100 80GB HBM3, 0 %, 1 MiB, 74.93 W, 26, 345 MHz
2026/09/15 02:14:30.787, 4, GPU-a60182ac-1fbd-0654-4298-7dfab8d789ca, NVIDIA H100 80GB HBM3, 0 %, 1 MiB, 72.22 W, 26, 345 MHz
2026/09/15 02:14:30.790, 5, GPU-11bb96fb-3b4c-98eb-f310-70437157969c, NVIDIA H100 80GB HBM3, 0 %, 1 MiB, 69.36 W, 26, 345 MHz
2026/09/15 02:14:30.792, 6, GPU-7d80084d-f83b-1a50-3007-35e8f2af67c2, NVIDIA H100 80GB HBM3, 0 %, 1 MiB, 70.86 W, 27, 345 MHz
2026/09/15 02:14:30.794, 7, GPU-69cdf81a-1c5b-4e7c-54e2-2dd45eb25e36, NVIDIA H100 80GB HBM3, 0 %, 1 MiB, 70.29 W, 26, 345 MHz
2026/09/15 02:14:31.798, 0, GPU-3d9bae9f-f6a5-a533-682a-2990f19ffa90, NVIDIA H100 80GB HBM3, 0 %, 23440 MiB, 117.46 W, 39, 1980 MHz
2026/09/15 02:14:31.800, 1, GPU-d67482aa-44bc-1a33-2545-de34f4bb6c82, NVIDIA H100 80GB HBM3, 0 %, 1 MiB, 70.79 W, 34, 345 MHz
2026/09/15 02:14:31.802, 2, GPU-6c47d827-68bc-9d8f-448e-55624a5f2f65, NVIDIA H100 80GB HBM3, 0 %, 1 MiB, 71.53 W, 26, 345 MHz
2026/09/15 02:14:31.812, 3, GPU-a481f1cc-7ac4-a6c3-b8a4-eed1d39e45aa, NVIDIA H100 80GB HBM3, 0 %, 1 MiB, 74.93 W, 26, 345 MHz
2026/09/15 02:14:31.814, 4, GPU-a60182ac-1fbd-0654-4298-7dfab8d789ca, NVIDIA H100 80GB HBM3, 0 %, 1 MiB, 72.44 W, 26, 345 MHz
2026/09/15 02:14:31.816, 5, GPU-11bb96fb-3b4c-98eb-f310-70437157969c, NVIDIA H100 80GB HBM3, 0 %, 1 MiB, 69.36 W, 26, 345 MHz
2026/09/15 02:14:31.818, 6, GPU-7d80084d-f83b-1a50-3007-35e8f2af67c2, NVIDIA H100 80GB HBM3, 0 %, 1 MiB, 70.91 W, 28, 345 MHz
2026/09/15 02:14:31.821, 7, GPU-69cdf81a-1c5b-4e7c-54e2-2dd45eb25e36, NVIDIA H100 80GB HBM3, 0 %, 1 MiB, 70.28 W, 26, 345 MHz
2026/09/15 02:14:32.823, 0, GPU-3d9bae9f-f6a5-a533-682a-2990f19ffa90, NVIDIA H100 80GB HBM3, 0 %, 23440 MiB, 117.42 W, 39, 1980 MHz
2026/09/15 02:14:32.844, 1, GPU-d67482aa-44bc-1a33-2545-de34f4bb6c82, NVIDIA H100 80GB HBM3, 0 %, 1 MiB, 70.82 W, 34, 345 MHz
2026/09/15 02:14:32.881, 2, GPU-6c47d827-68bc-9d8f-448e-55624a5f2f65, NVIDIA H100 80GB HBM3, 0 %, 1 MiB, 71.54 W, 26, 345 MHz
2026/09/15 02:14:32.910, 3, GPU-a481f1cc-7ac4-a6c3-b8a4-eed1d39e45aa, NVIDIA H100 80GB HBM3, 0 %, 1 MiB, 74.95 W, 26, 345 MHz
2026/09/15 02:14:32.940, 4, GPU-a60182ac-1fbd-0654-4298-7dfab8d789ca, NVIDIA H100 80GB HBM3, 0 %, 1 MiB, 72.34 W, 26, 345 MHz
2026/09/15 02:14:32.968, 5, GPU-11bb96fb-3b4c-98eb-f310-70437157969c, NVIDIA H100 80GB HBM3, 0 %, 1 MiB, 69.40 W, 26, 345 MHz
2026/09/15 02:14:32.996, 6, GPU-7d80084d-f83b-1a50-3007-35e8f2af67c2, NVIDIA H100 80GB HBM3, 0 %, 1 MiB, 70.87 W, 28, 345 MHz
2026/09/15 02:14:33.021, 7, GPU-69cdf81a-1c5b-4e7c-54e2-2dd45eb25e36, NVIDIA H100 80GB HBM3, 0 %, 1 MiB, 70.28 W, 26, 345 MHz
2026/09/15 02:14:34.049, 0, GPU-3d9bae9f-f6a5-a533-682a-2990f19ffa90, NVIDIA H100 80GB HBM3, 0 %, 23440 MiB, 117.44 W, 39, 1980 MHz
2026/09/15 02:14:34.052, 1, GPU-d67482aa-44bc-1a33-2545-de34f4bb6c82, NVIDIA H100 80GB HBM3, 0 %, 1 MiB, 70.82 W, 34, 345 MHz
2026/09/15 02:14:34.060, 2, GPU-6c47d827-68bc-9d8f-448e-55624a5f2f65, NVIDIA H100 80GB HBM3, 0 %, 1 MiB, 71.57 W, 26, 345 MHz
2026/09/15 02:14:34.062, 3, GPU-a481f1cc-7ac4-a6c3-b8a4-eed1d39e45aa, NVIDIA H100 80GB HBM3, 0 %, 1 MiB, 74.98 W, 26, 345 MHz
2026/09/15 02:14:34.065, 4, GPU-a60182ac-1fbd-0654-4298-7dfab8d789ca, NVIDIA H100 80GB HBM3, 0 %, 1 MiB, 72.18 W, 26, 345 MHz
2026/09/15 02:14:34.070, 5, GPU-11bb96fb-3b4c-98eb-f310-70437157969c, NVIDIA H100 80GB HBM3, 0 %, 1 MiB, 69.33 W, 26, 345 MHz
2026/09/15 02:14:34.074, 6, GPU-7d80084d-f83b-1a50-3007-35e8f2af67c2, NVIDIA H100 80GB HBM3, 0 %, 1 MiB, 70.91 W, 27, 345 MHz
2026/09/15 02:14:34.076, 7, GPU-69cdf81a-1c5b-4e7c-54e2-2dd45eb25e36, NVIDIA H100 80GB HBM3, 0 %, 1 MiB, 70.31 W, 26, 345 MHz
2026/09/15 02:14:35.078, 0, GPU-3d9bae9f-f6a5-a533-682a-2990f19ffa90, NVIDIA H100 80GB HBM3, 0 %, 23440 MiB, 117.44 W, 39, 1980 MHz
2026/09/15 02:14:35.081, 1, GPU-d67482aa-44bc-1a33-2545-de34f4bb6c82, NVIDIA H100 80GB HBM3, 0 %, 1 MiB, 70.76 W, 34, 345 MHz
2026/09/15 02:14:35.082, 2, GPU-6c47d827-68bc-9d8f-448e-55624a5f2f65, NVIDIA H100 80GB HBM3, 0 %, 1 MiB, 71.53 W, 26, 345 MHz
2026/09/15 02:14:35.084, 3, GPU-a481f1cc-7ac4-a6c3-b8a4-eed1d39e45aa, NVIDIA H100 80GB HBM3, 0 %, 1 MiB, 75.00 W, 26, 345 MHz
2026/09/15 02:14:35.088, 4, GPU-a60182ac-1fbd-0654-4298-7dfab8d789ca, NVIDIA H100 80GB HBM3, 0 %, 1 MiB, 72.39 W, 26, 345 MHz
2026/09/15 02:14:35.090, 5, GPU-11bb96fb-3b4c-98eb-f310-70437157969c, NVIDIA H100 80GB HBM3, 0 %, 1 MiB, 69.33 W, 26, 345 MHz
2026/09/15 02:14:35.092, 6, GPU-7d80084d-f83b-1a50-3007-35e8f2af67c2, NVIDIA H100 80GB HBM3, 0 %, 1 MiB, 70.91 W, 28, 345 MHz
2026/09/15 02:14:35.094, 7, GPU-69cdf81a-1c5b-4e7c-54e2-2dd45eb25e36, NVIDIA H100 80GB HBM3, 0 %, 1 MiB, 70.28 W, 26, 345 MHz
2026/09/15 02:14:36.097, 0, GPU-3d9bae9f-f6a5-a533-682a-2990f19ffa90, NVIDIA H100 80GB HBM3, 0 %, 23440 MiB, 117.41 W, 39, 1980 MHz
2026/09/15 02:14:36.099, 1, GPU-d67482aa-44bc-1a33-2545-de34f4bb6c82, NVIDIA H100 80GB HBM3, 0 %, 1 MiB, 70.79 W, 34, 345 MHz
2026/09/15 02:14:36.101, 2, GPU-6c47d827-68bc-9d8f-448e-55624a5f2f65, NVIDIA H100 80GB HBM3, 0 %, 1 MiB, 71.55 W, 26, 345 MHz
2026/09/15 02:14:36.111, 3, GPU-a481f1cc-7ac4-a6c3-b8a4-eed1d39e45aa, NVIDIA H100 80GB HBM3, 0 %, 1 MiB, 74.93 W, 26, 345 MHz
2026/09/15 02:14:36.113, 4, GPU-a60182ac-1fbd-0654-4298-7dfab8d789ca, NVIDIA H100 80GB HBM3, 0 %, 1 MiB, 72.21 W, 26, 345 MHz
2026/09/15 02:14:36.115, 5, GPU-11bb96fb-3b4c-98eb-f310-70437157969c, NVIDIA H100 80GB HBM3, 0 %, 1 MiB, 69.30 W, 26, 345 MHz
2026/09/15 02:14:36.117, 6, GPU-7d80084d-f83b-1a50-3007-35e8f2af67c2, NVIDIA H100 80GB HBM3, 0 %, 1 MiB, 70.91 W, 27, 345 MHz
2026/09/15 02:14:36.119, 7, GPU-69cdf81a-1c5b-4e7c-54e2-2dd45eb25e36, NVIDIA H100 80GB HBM3, 0 %, 1 MiB, 70.32 W, 26, 345 MHz
2026/09/15 02:14:37.122, 0, GPU-3d9bae9f-f6a5-a533-682a-2990f19ffa90, NVIDIA H100 80GB HBM3, 0 %, 23440 MiB, 117.42 W, 39, 1980 MHz
2026/09/15 02:14:37.124, 1, GPU-d67482aa-44bc-1a33-2545-de34f4bb6c82, NVIDIA H100 80GB HBM3, 0 %, 1 MiB, 70.76 W, 34, 345 MHz
2026/09/15 02:14:37.128, 2, GPU-6c47d827-68bc-9d8f-448e-55624a5f2f65, NVIDIA H100 80GB HBM3, 0 %, 1 MiB, 71.49 W, 26, 345 MHz
2026/09/15 02:14:37.130, 3, GPU-a481f1cc-7ac4-a6c3-b8a4-eed1d39e45aa, NVIDIA H100 80GB HBM3, 0 %, 1 MiB, 74.97 W, 26, 345 MHz
2026/09/15 02:14:37.138, 4, GPU-a60182ac-1fbd-0654-4298-7dfab8d789ca, NVIDIA H100 80GB HBM3, 0 %, 1 MiB, 72.40 W, 26, 345 MHz
2026/09/15 02:14:37.141, 5, GPU-11bb96fb-3b4c-98eb-f310-70437157969c, NVIDIA H100 80GB HBM3, 0 %, 1 MiB, 69.29 W, 26, 345 MHz
2026/09/15 02:14:37.145, 6, GPU-7d80084d-f83b-1a50-3007-35e8f2af67c2, NVIDIA H100 80GB HBM3, 0 %, 1 MiB, 70.88 W, 27, 345 MHz
2026/09/15 02:14:37.147, 7, GPU-69cdf81a-1c5b-4e7c-54e2-2dd45eb25e36, NVIDIA H100 80GB HBM3, 0 %, 1 MiB, 70.31 W, 26, 345 MHz
2026/09/15 02:14:38.149, 0, GPU-3d9bae9f-f6a5-a533-682a-2990f19ffa90, NVIDIA H100 80GB HBM3, 0 %, 23440 MiB, 117.41 W, 39, 1980 MHz
2026/09/15 02:14:38.153, 1, GPU-d67482aa-44bc-1a33-2545-de34f4bb6c82, NVIDIA H100 80GB HBM3, 0 %, 1 MiB, 70.76 W, 34, 345 MHz
2026/09/15 02:14:38.158, 2, GPU-6c47d827-68bc-9d8f-448e-55624a5f2f65, NVIDIA H100 80GB HBM3, 0 %, 1 MiB, 71.49 W, 26, 345 MHz
2026/09/15 02:14:38.162, 3, GPU-a481f1cc-7ac4-a6c3-b8a4-eed1d39e45aa, NVIDIA H100 80GB HBM3, 0 %, 1 MiB, 74.96 W, 26, 345 MHz
2026/09/15 02:14:38.164, 4, GPU-a60182ac-1fbd-0654-4298-7dfab8d789ca, NVIDIA H100 80GB HBM3, 0 %, 1 MiB, 72.23 W, 26, 345 MHz
2026/09/15 02:14:38.169, 5, GPU-11bb96fb-3b4c-98eb-f310-70437157969c, NVIDIA H100 80GB HBM3, 0 %, 1 MiB, 69.34 W, 26, 345 MHz
2026/09/15 02:14:38.171, 6, GPU-7d80084d-f83b-1a50-3007-35e8f2af67c2, NVIDIA H100 80GB HBM3, 0 %, 1 MiB, 70.93 W, 27, 345 MHz
2026/09/15 02:14:38.173, 7, GPU-69cdf81a-1c5b-4e7c-54e2-2dd45eb25e36, NVIDIA H100 80GB HBM3, 0 %, 1 MiB, 70.34 W, 26, 345 MHz
2026/09/15 02:14:39.177, 0, GPU-3d9bae9f-f6a5-a533-682a-2990f19ffa90, NVIDIA H100 80GB HBM3, 0 %, 23440 MiB, 117.42 W, 39, 1980 MHz
2026/09/15 02:14:39.179, 1, GPU-d67482aa-44bc-1a33-2545-de34f4bb6c82, NVIDIA H100 80GB HBM3, 0 %, 1 MiB, 70.80 W, 34, 345 MHz
2026/09/15 02:14:39.181, 2, GPU-6c47d827-68bc-9d8f-448e-55624a5f2f65, NVIDIA H100 80GB HBM3, 0 %, 1 MiB, 71.50 W, 26, 345 MHz
2026/09/15 02:14:39.183, 3, GPU-a481f1cc-7ac4-a6c3-b8a4-eed1d39e45aa, NVIDIA H100 80GB HBM3, 0 %, 1 MiB, 74.94 W, 26, 345 MHz
2026/09/15 02:14:39.186, 4, GPU-a60182ac-1fbd-0654-4298-7dfab8d789ca, NVIDIA H100 80GB HBM3, 0 %, 1 MiB, 72.35 W, 26, 345 MHz
2026/09/15 02:14:39.189, 5, GPU-11bb96fb-3b4c-98eb-f310-70437157969c, NVIDIA H100 80GB HBM3, 0 %, 1 MiB, 69.32 W, 26, 345 MHz
2026/09/15 02:14:39.191, 6, GPU-7d80084d-f83b-1a50-3007-35e8f2af67c2, NVIDIA H100 80GB HBM3, 0 %, 1 MiB, 70.93 W, 27, 345 MHz
2026/09/15 02:14:39.193, 7, GPU-69cdf81a-1c5b-4e7c-54e2-2dd45eb25e36, NVIDIA H100 80GB HBM3, 0 %, 1 MiB, 70.29 W, 26, 345 MHz
2026/09/15 02:14:40.196, 0, GPU-3d9bae9f-f6a5-a533-682a-2990f19ffa90, NVIDIA H100 80GB HBM3, 0 %, 23440 MiB, 117.37 W, 39, 1980 MHz
2026/09/15 02:14:40.223, 1, GPU-d67482aa-44bc-1a33-2545-de34f4bb6c82, NVIDIA H100 80GB HBM3, 0 %, 1 MiB, 70.80 W, 34, 345 MHz
2026/09/15 02:14:40.257, 2, GPU-6c47d827-68bc-9d8f-448e-55624a5f2f65, NVIDIA H100 80GB HBM3, 0 %, 1 MiB, 71.52 W, 26, 345 MHz
2026/09/15 02:14:40.283, 3, GPU-a481f1cc-7ac4-a6c3-b8a4-eed1d39e45aa, NVIDIA H100 80GB HBM3, 0 %, 1 MiB, 74.96 W, 26, 345 MHz
2026/09/15 02:14:40.285, 4, GPU-a60182ac-1fbd-0654-4298-7dfab8d789ca, NVIDIA H100 80GB HBM3, 0 %, 1 MiB, 72.31 W, 26, 345 MHz
2026/09/15 02:14:40.288, 5, GPU-11bb96fb-3b4c-98eb-f310-70437157969c, NVIDIA H100 80GB HBM3, 0 %, 1 MiB, 69.36 W, 26, 345 MHz
2026/09/15 02:14:40.290, 6, GPU-7d80084d-f83b-1a50-3007-35e8f2af67c2, NVIDIA H100 80GB HBM3, 0 %, 1 MiB, 70.94 W, 27, 345 MHz
2026/09/15 02:14:40.293, 7, GPU-69cdf81a-1c5b-4e7c-54e2-2dd45eb25e36, NVIDIA H100 80GB HBM3, 0 %, 1 MiB, 70.36 W, 26, 345 MHz
2026/09/15 02:14:41.295, 0, GPU-3d9bae9f-f6a5-a533-682a-2990f19ffa90, NVIDIA H100 80GB HBM3, 0 %, 23440 MiB, 117.44 W, 39, 1980 MHz
2026/09/15 02:14:41.297, 1, GPU-d67482aa-44bc-1a33-2545-de34f4bb6c82, NVIDIA H100 80GB HBM3, 0 %, 1 MiB, 70.78 W, 34, 345 MHz
2026/09/15 02:14:41.299, 2, GPU-6c47d827-68bc-9d8f-448e-55624a5f2f65, NVIDIA H100 80GB HBM3, 0 %, 1 MiB, 71.51 W, 26, 345 MHz
2026/09/15 02:14:41.310, 3, GPU-a481f1cc-7ac4-a6c3-b8a4-eed1d39e45aa, NVIDIA H100 80GB HBM3, 0 %, 1 MiB, 74.97 W, 26, 345 MHz
2026/09/15 02:14:41.312, 4, GPU-a60182ac-1fbd-0654-4298-7dfab8d789ca, NVIDIA H100 80GB HBM3, 0 %, 1 MiB, 72.25 W, 26, 345 MHz
2026/09/15 02:14:41.314, 5, GPU-11bb96fb-3b4c-98eb-f310-70437157969c, NVIDIA H100 80GB HBM3, 0 %, 1 MiB, 69.33 W, 26, 345 MHz
2026/09/15 02:14:41.317, 6, GPU-7d80084d-f83b-1a50-3007-35e8f2af67c2, NVIDIA H100 80GB HBM3, 0 %, 1 MiB, 70.85 W, 27, 345 MHz
2026/09/15 02:14:41.319, 7, GPU-69cdf81a-1c5b-4e7c-54e2-2dd45eb25e36, NVIDIA H100 80GB HBM3, 0 %, 1 MiB, 70.31 W, 26, 345 MHz
2026/09/15 02:14:42.321, 0, GPU-3d9bae9f-f6a5-a533-682a-2990f19ffa90, NVIDIA H100 80GB HBM3, 0 %, 23440 MiB, 117.38 W, 39, 1980 MHz
2026/09/15 02:14:42.323, 1, GPU-d67482aa-44bc-1a33-2545-de34f4bb6c82, NVIDIA H100 80GB HBM3, 0 %, 1 MiB, 70.75 W, 34, 345 MHz
2026/09/15 02:14:42.325, 2, GPU-6c47d827-68bc-9d8f-448e-55624a5f2f65, NVIDIA H100 80GB HBM3, 0 %, 1 MiB, 71.52 W, 26, 345 MHz
2026/09/15 02:14:42.328, 3, GPU-a481f1cc-7ac4-a6c3-b8a4-eed1d39e45aa, NVIDIA H100 80GB HBM3, 0 %, 1 MiB, 74.95 W, 26, 345 MHz
2026/09/15 02:14:42.338, 4, GPU-a60182ac-1fbd-0654-4298-7dfab8d789ca, NVIDIA H100 80GB HBM3, 0 %, 1 MiB, 72.44 W, 26, 345 MHz
2026/09/15 02:14:42.340, 5, GPU-11bb96fb-3b4c-98eb-f310-70437157969c, NVIDIA H100 80GB HBM3, 0 %, 1 MiB, 69.37 W, 26, 345 MHz
2026/09/15 02:14:42.343, 6, GPU-7d80084d-f83b-1a50-3007-35e8f2af67c2, NVIDIA H100 80GB HBM3, 0 %, 1 MiB, 70.88 W, 27, 345 MHz
2026/09/15 02:14:42.346, 7, GPU-69cdf81a-1c5b-4e7c-54e2-2dd45eb25e36, NVIDIA H100 80GB HBM3, 0 %, 1 MiB, 70.29 W, 26, 345 MHz
2026/09/15 02:14:43.348, 0, GPU-3d9bae9f-f6a5-a533-682a-2990f19ffa90, NVIDIA H100 80GB HBM3, 0 %, 23440 MiB, 117.40 W, 39, 1980 MHz
2026/09/15 02:14:43.350, 1, GPU-d67482aa-44bc-1a33-2545-de34f4bb6c82, NVIDIA H100 80GB HBM3, 0 %, 1 MiB, 70.78 W, 34, 345 MHz
2026/09/15 02:14:43.357, 2, GPU-6c47d827-68bc-9d8f-448e-55624a5f2f65, NVIDIA H100 80GB HBM3, 0 %, 1 MiB, 71.51 W, 26, 345 MHz
2026/09/15 02:14:43.360, 3, GPU-a481f1cc-7ac4-a6c3-b8a4-eed1d39e45aa, NVIDIA H100 80GB HBM3, 0 %, 1 MiB, 74.98 W, 26, 345 MHz
2026/09/15 02:14:43.362, 4, GPU-a60182ac-1fbd-0654-4298-7dfab8d789ca, NVIDIA H100 80GB HBM3, 0 %, 1 MiB, 72.23 W, 26, 345 MHz
2026/09/15 02:14:43.367, 5, GPU-11bb96fb-3b4c-98eb-f310-70437157969c, NVIDIA H100 80GB HBM3, 0 %, 1 MiB, 69.36 W, 26, 345 MHz
2026/09/15 02:14:43.370, 6, GPU-7d80084d-f83b-1a50-3007-35e8f2af67c2, NVIDIA H100 80GB HBM3, 0 %, 1 MiB, 70.90 W, 27, 345 MHz
2026/09/15 02:14:43.372, 7, GPU-69cdf81a-1c5b-4e7c-54e2-2dd45eb25e36, NVIDIA H100 80GB HBM3, 0 %, 1 MiB, 70.32 W, 26, 345 MHz
2026/09/15 02:14:44.375, 0, GPU-3d9bae9f-f6a5-a533-682a-2990f19ffa90, NVIDIA H100 80GB HBM3, 0 %, 23440 MiB, 117.42 W, 39, 1980 MHz
2026/09/15 02:14:44.377, 1, GPU-d67482aa-44bc-1a33-2545-de34f4bb6c82, NVIDIA H100 80GB HBM3, 0 %, 1 MiB, 70.75 W, 34, 345 MHz
2026/09/15 02:14:44.379, 2, GPU-6c47d827-68bc-9d8f-448e-55624a5f2f65, NVIDIA H100 80GB HBM3, 0 %, 1 MiB, 71.53 W, 26, 345 MHz
2026/09/15 02:14:44.381, 3, GPU-a481f1cc-7ac4-a6c3-b8a4-eed1d39e45aa, NVIDIA H100 80GB HBM3, 0 %, 1 MiB, 74.99 W, 26, 345 MHz
2026/09/15 02:14:44.384, 4, GPU-a60182ac-1fbd-0654-4298-7dfab8d789ca, NVIDIA H100 80GB HBM3, 0 %, 1 MiB, 72.49 W, 26, 345 MHz
2026/09/15 02:14:44.386, 5, GPU-11bb96fb-3b4c-98eb-f310-70437157969c, NVIDIA H100 80GB HBM3, 0 %, 1 MiB, 69.33 W, 26, 345 MHz
2026/09/15 02:14:44.389, 6, GPU-7d80084d-f83b-1a50-3007-35e8f2af67c2, NVIDIA H100 80GB HBM3, 0 %, 1 MiB, 70.89 W, 28, 345 MHz
2026/09/15 02:14:44.391, 7, GPU-69cdf81a-1c5b-4e7c-54e2-2dd45eb25e36, NVIDIA H100 80GB HBM3, 0 %, 1 MiB, 70.34 W, 26, 345 MHz
2026/09/15 02:14:45.394, 0, GPU-3d9bae9f-f6a5-a533-682a-2990f19ffa90, NVIDIA H100 80GB HBM3, 0 %, 23440 MiB, 117.39 W, 39, 1980 MHz
2026/09/15 02:14:45.396, 1, GPU-d67482aa-44bc-1a33-2545-de34f4bb6c82, NVIDIA H100 80GB HBM3, 0 %, 1 MiB, 70.80 W, 34, 345 MHz
2026/09/15 02:14:45.398, 2, GPU-6c47d827-68bc-9d8f-448e-55624a5f2f65, NVIDIA H100 80GB HBM3, 0 %, 1 MiB, 71.47 W, 26, 345 MHz
2026/09/15 02:14:45.410, 3, GPU-a481f1cc-7ac4-a6c3-b8a4-eed1d39e45aa, NVIDIA H100 80GB HBM3, 0 %, 1 MiB, 74.99 W, 26, 345 MHz
2026/09/15 02:14:45.412, 4, GPU-a60182ac-1fbd-0654-4298-7dfab8d789ca, NVIDIA H100 80GB HBM3, 0 %, 1 MiB, 72.24 W, 26, 345 MHz
2026/09/15 02:14:45.414, 5, GPU-11bb96fb-3b4c-98eb-f310-70437157969c, NVIDIA H100 80GB HBM3, 0 %, 1 MiB, 69.32 W, 26, 345 MHz
2026/09/15 02:14:45.416, 6, GPU-7d80084d-f83b-1a50-3007-35e8f2af67c2, NVIDIA H100 80GB HBM3, 0 %, 1 MiB, 70.87 W, 27, 345 MHz
2026/09/15 02:14:45.418, 7, GPU-69cdf81a-1c5b-4e7c-54e2-2dd45eb25e36, NVIDIA H100 80GB HBM3, 0 %, 1 MiB, 70.36 W, 26, 345 MHz
2026/09/15 02:14:46.421, 0, GPU-3d9bae9f-f6a5-a533-682a-2990f19ffa90, NVIDIA H100 80GB HBM3, 0 %, 23440 MiB, 117.42 W, 39, 1980 MHz
2026/09/15 02:14:46.423, 1, GPU-d67482aa-44bc-1a33-2545-de34f4bb6c82, NVIDIA H100 80GB HBM3, 0 %, 1 MiB, 70.79 W, 34, 345 MHz
2026/09/15 02:14:46.425, 2, GPU-6c47d827-68bc-9d8f-448e-55624a5f2f65, NVIDIA H100 80GB HBM3, 0 %, 1 MiB, 71.51 W, 26, 345 MHz
2026/09/15 02:14:46.428, 3, GPU-a481f1cc-7ac4-a6c3-b8a4-eed1d39e45aa, NVIDIA H100 80GB HBM3, 0 %, 1 MiB, 75.00 W, 26, 345 MHz
2026/09/15 02:14:46.437, 4, GPU-a60182ac-1fbd-0654-4298-7dfab8d789ca, NVIDIA H100 80GB HBM3, 0 %, 1 MiB, 72.43 W, 26, 345 MHz
2026/09/15 02:14:46.439, 5, GPU-11bb96fb-3b4c-98eb-f310-70437157969c, NVIDIA H100 80GB HBM3, 0 %, 1 MiB, 69.34 W, 26, 345 MHz
2026/09/15 02:14:46.442, 6, GPU-7d80084d-f83b-1a50-3007-35e8f2af67c2, NVIDIA H100 80GB HBM3, 0 %, 1 MiB, 70.89 W, 27, 345 MHz
2026/09/15 02:14:46.446, 7, GPU-69cdf81a-1c5b-4e7c-54e2-2dd45eb25e36, NVIDIA H100 80GB HBM3, 0 %, 1 MiB, 70.33 W, 26, 345 MHz
2026/09/15 02:14:47.448, 0, GPU-3d9bae9f-f6a5-a533-682a-2990f19ffa90, NVIDIA H100 80GB HBM3, 0 %, 23440 MiB, 117.42 W, 39, 1980 MHz
2026/09/15 02:14:47.479, 1, GPU-d67482aa-44bc-1a33-2545-de34f4bb6c82, NVIDIA H100 80GB HBM3, 0 %, 1 MiB, 70.80 W, 34, 345 MHz
2026/09/15 02:14:47.481, 2, GPU-6c47d827-68bc-9d8f-448e-55624a5f2f65, NVIDIA H100 80GB HBM3, 0 %, 1 MiB, 71.48 W, 26, 345 MHz
2026/09/15 02:14:47.483, 3, GPU-a481f1cc-7ac4-a6c3-b8a4-eed1d39e45aa, NVIDIA H100 80GB HBM3, 0 %, 1 MiB, 75.03 W, 26, 345 MHz
2026/09/15 02:14:47.486, 4, GPU-a60182ac-1fbd-0654-4298-7dfab8d789ca, NVIDIA H100 80GB HBM3, 0 %, 1 MiB, 72.19 W, 26, 345 MHz
2026/09/15 02:14:47.489, 5, GPU-11bb96fb-3b4c-98eb-f310-70437157969c, NVIDIA H100 80GB HBM3, 0 %, 1 MiB, 69.36 W, 26, 345 MHz
2026/09/15 02:14:47.491, 6, GPU-7d80084d-f83b-1a50-3007-35e8f2af67c2, NVIDIA H100 80GB HBM3, 0 %, 1 MiB, 70.92 W, 27, 345 MHz
2026/09/15 02:14:47.493, 7, GPU-69cdf81a-1c5b-4e7c-54e2-2dd45eb25e36, NVIDIA H100 80GB HBM3, 0 %, 1 MiB, 70.31 W, 26, 345 MHz
2026/09/15 02:14:48.496, 0, GPU-3d9bae9f-f6a5-a533-682a-2990f19ffa90, NVIDIA H100 80GB HBM3, 0 %, 23440 MiB, 117.38 W, 39, 1980 MHz
2026/09/15 02:14:48.499, 1, GPU-d67482aa-44bc-1a33-2545-de34f4bb6c82, NVIDIA H100 80GB HBM3, 0 %, 1 MiB, 70.77 W, 34, 345 MHz
2026/09/15 02:14:48.501, 2, GPU-6c47d827-68bc-9d8f-448e-55624a5f2f65, NVIDIA H100 80GB HBM3, 0 %, 1 MiB, 71.53 W, 26, 345 MHz
2026/09/15 02:14:48.510, 3, GPU-a481f1cc-7ac4-a6c3-b8a4-eed1d39e45aa, NVIDIA H100 80GB HBM3, 0 %, 1 MiB, 74.97 W, 26, 345 MHz
2026/09/15 02:14:48.512, 4, GPU-a60182ac-1fbd-0654-4298-7dfab8d789ca, NVIDIA H100 80GB HBM3, 0 %, 1 MiB, 72.33 W, 26, 345 MHz
2026/09/15 02:14:48.515, 5, GPU-11bb96fb-3b4c-98eb-f310-70437157969c, NVIDIA H100 80GB HBM3, 0 %, 1 MiB, 69.33 W, 26, 345 MHz
2026/09/15 02:14:48.517, 6, GPU-7d80084d-f83b-1a50-3007-35e8f2af67c2, NVIDIA H100 80GB HBM3, 0 %, 1 MiB, 70.91 W, 27, 345 MHz
2026/09/15 02:14:48.519, 7, GPU-69cdf81a-1c5b-4e7c-54e2-2dd45eb25e36, NVIDIA H100 80GB HBM3, 0 %, 1 MiB, 70.29 W, 26, 345 MHz
2026/09/15 02:14:49.522, 0, GPU-3d9bae9f-f6a5-a533-682a-2990f19ffa90, NVIDIA H100 80GB HBM3, 0 %, 23440 MiB, 117.39 W, 39, 1980 MHz
2026/09/15 02:14:49.524, 1, GPU-d67482aa-44bc-1a33-2545-de34f4bb6c82, NVIDIA H100 80GB HBM3, 0 %, 1 MiB, 70.76 W, 34, 345 MHz
2026/09/15 02:14:49.527, 2, GPU-6c47d827-68bc-9d8f-448e-55624a5f2f65, NVIDIA H100 80GB HBM3, 0 %, 1 MiB, 71.55 W, 26, 345 MHz
2026/09/15 02:14:49.529, 3, GPU-a481f1cc-7ac4-a6c3-b8a4-eed1d39e45aa, NVIDIA H100 80GB HBM3, 0 %, 1 MiB, 74.98 W, 26, 345 MHz
2026/09/15 02:14:49.538, 4, GPU-a60182ac-1fbd-0654-4298-7dfab8d789ca, NVIDIA H100 80GB HBM3, 0 %, 1 MiB, 72.25 W, 26, 345 MHz
2026/09/15 02:14:49.541, 5, GPU-11bb96fb-3b4c-98eb-f310-70437157969c, NVIDIA H100 80GB HBM3, 0 %, 1 MiB, 69.35 W, 26, 345 MHz
2026/09/15 02:14:49.544, 6, GPU-7d80084d-f83b-1a50-3007-35e8f2af67c2, NVIDIA H100 80GB HBM3, 0 %, 1 MiB, 70.86 W, 27, 345 MHz
2026/09/15 02:14:49.547, 7, GPU-69cdf81a-1c5b-4e7c-54e2-2dd45eb25e36, NVIDIA H100 80GB HBM3, 0 %, 1 MiB, 70.32 W, 26, 345 MHz
2026/09/15 02:14:50.549, 0, GPU-3d9bae9f-f6a5-a533-682a-2990f19ffa90, NVIDIA H100 80GB HBM3, 0 %, 23440 MiB, 117.44 W, 39, 1980 MHz
2026/09/15 02:14:50.553, 1, GPU-d67482aa-44bc-1a33-2545-de34f4bb6c82, NVIDIA H100 80GB HBM3, 0 %, 1 MiB, 70.75 W, 34, 345 MHz
2026/09/15 02:14:50.558, 2, GPU-6c47d827-68bc-9d8f-448e-55624a5f2f65, NVIDIA H100 80GB HBM3, 0 %, 1 MiB, 71.53 W, 26, 345 MHz
2026/09/15 02:14:50.561, 3, GPU-a481f1cc-7ac4-a6c3-b8a4-eed1d39e45aa, NVIDIA H100 80GB HBM3, 0 %, 1 MiB, 74.96 W, 26, 345 MHz
2026/09/15 02:14:50.564, 4, GPU-a60182ac-1fbd-0654-4298-7dfab8d789ca, NVIDIA H100 80GB HBM3, 0 %, 1 MiB, 72.29 W, 26, 345 MHz
2026/09/15 02:14:50.569, 5, GPU-11bb96fb-3b4c-98eb-f310-70437157969c, NVIDIA H100 80GB HBM3, 0 %, 1 MiB, 69.34 W, 26, 345 MHz
2026/09/15 02:14:50.571, 6, GPU-7d80084d-f83b-1a50-3007-35e8f2af67c2, NVIDIA H100 80GB HBM3, 0 %, 1 MiB, 70.89 W, 27, 345 MHz
2026/09/15 02:14:50.573, 7, GPU-69cdf81a-1c5b-4e7c-54e2-2dd45eb25e36, NVIDIA H100 80GB HBM3, 0 %, 1 MiB, 70.31 W, 26, 345 MHz
2026/09/15 02:14:51.576, 0, GPU-3d9bae9f-f6a5-a533-682a-2990f19ffa90, NVIDIA H100 80GB HBM3, 0 %, 23440 MiB, 117.42 W, 39, 1980 MHz
2026/09/15 02:14:51.581, 1, GPU-d67482aa-44bc-1a33-2545-de34f4bb6c82, NVIDIA H100 80GB HBM3, 0 %, 1 MiB, 70.78 W, 34, 345 MHz
2026/09/15 02:14:51.607, 2, GPU-6c47d827-68bc-9d8f-448e-55624a5f2f65, NVIDIA H100 80GB HBM3, 0 %, 1 MiB, 71.53 W, 26, 345 MHz
2026/09/15 02:14:51.636, 3, GPU-a481f1cc-7ac4-a6c3-b8a4-eed1d39e45aa, NVIDIA H100 80GB HBM3, 0 %, 1 MiB, 74.96 W, 26, 345 MHz
2026/09/15 02:14:51.664, 4, GPU-a60182ac-1fbd-0654-4298-7dfab8d789ca, NVIDIA H100 80GB HBM3, 0 %, 1 MiB, 72.44 W, 26, 345 MHz
2026/09/15 02:14:51.695, 5, GPU-11bb96fb-3b4c-98eb-f310-70437157969c, NVIDIA H100 80GB HBM3, 0 %, 1 MiB, 69.34 W, 26, 345 MHz
2026/09/15 02:14:51.720, 6, GPU-7d80084d-f83b-1a50-3007-35e8f2af67c2, NVIDIA H100 80GB HBM3, 0 %, 1 MiB, 70.85 W, 27, 345 MHz
2026/09/15 02:14:51.748, 7, GPU-69cdf81a-1c5b-4e7c-54e2-2dd45eb25e36, NVIDIA H100 80GB HBM3, 0 %, 1 MiB, 70.30 W, 26, 345 MHz
2026/09/15 02:14:52.749, 0, GPU-3d9bae9f-f6a5-a533-682a-2990f19ffa90, NVIDIA H100 80GB HBM3, 0 %, 23440 MiB, 117.40 W, 39, 1980 MHz
2026/09/15 02:14:52.752, 1, GPU-d67482aa-44bc-1a33-2545-de34f4bb6c82, NVIDIA H100 80GB HBM3, 0 %, 1 MiB, 70.76 W, 34, 345 MHz
2026/09/15 02:14:52.759, 2, GPU-6c47d827-68bc-9d8f-448e-55624a5f2f65, NVIDIA H100 80GB HBM3, 0 %, 1 MiB, 71.53 W, 26, 345 MHz
2026/09/15 02:14:52.762, 3, GPU-a481f1cc-7ac4-a6c3-b8a4-eed1d39e45aa, NVIDIA H100 80GB HBM3, 0 %, 1 MiB, 74.88 W, 26, 345 MHz
2026/09/15 02:14:52.765, 4, GPU-a60182ac-1fbd-0654-4298-7dfab8d789ca, NVIDIA H100 80GB HBM3, 0 %, 1 MiB, 72.24 W, 26, 345 MHz
2026/09/15 02:14:52.769, 5, GPU-11bb96fb-3b4c-98eb-f310-70437157969c, NVIDIA H100 80GB HBM3, 0 %, 1 MiB, 69.34 W, 26, 345 MHz
2026/09/15 02:14:52.771, 6, GPU-7d80084d-f83b-1a50-3007-35e8f2af67c2, NVIDIA H100 80GB HBM3, 0 %, 1 MiB, 70.90 W, 27, 345 MHz
2026/09/15 02:14:52.774, 7, GPU-69cdf81a-1c5b-4e7c-54e2-2dd45eb25e36, NVIDIA H100 80GB HBM3, 0 %, 1 MiB, 70.31 W, 26, 345 MHz
2026/09/15 02:14:53.777, 0, GPU-3d9bae9f-f6a5-a533-682a-2990f19ffa90, NVIDIA H100 80GB HBM3, 0 %, 23440 MiB, 117.42 W, 39, 1980 MHz
2026/09/15 02:14:53.779, 1, GPU-d67482aa-44bc-1a33-2545-de34f4bb6c82, NVIDIA H100 80GB HBM3, 0 %, 1 MiB, 70.79 W, 34, 345 MHz
2026/09/15 02:14:53.781, 2, GPU-6c47d827-68bc-9d8f-448e-55624a5f2f65, NVIDIA H100 80GB HBM3, 0 %, 1 MiB, 71.54 W, 26, 345 MHz
2026/09/15 02:14:53.784, 3, GPU-a481f1cc-7ac4-a6c3-b8a4-eed1d39e45aa, NVIDIA H100 80GB HBM3, 0 %, 1 MiB, 74.97 W, 26, 345 MHz
2026/09/15 02:14:53.787, 4, GPU-a60182ac-1fbd-0654-4298-7dfab8d789ca, NVIDIA H100 80GB HBM3, 0 %, 1 MiB, 72.40 W, 26, 345 MHz
2026/09/15 02:14:53.790, 5, GPU-11bb96fb-3b4c-98eb-f310-70437157969c, NVIDIA H100 80GB HBM3, 0 %, 1 MiB, 69.36 W, 26, 345 MHz
2026/09/15 02:14:53.792, 6, GPU-7d80084d-f83b-1a50-3007-35e8f2af67c2, NVIDIA H100 80GB HBM3, 0 %, 1 MiB, 70.94 W, 27, 345 MHz
2026/09/15 02:14:53.795, 7, GPU-69cdf81a-1c5b-4e7c-54e2-2dd45eb25e36, NVIDIA H100 80GB HBM3, 0 %, 1 MiB, 70.27 W, 26, 345 MHz
2026/09/15 02:14:54.799, 0, GPU-3d9bae9f-f6a5-a533-682a-2990f19ffa90, NVIDIA H100 80GB HBM3, 0 %, 23440 MiB, 117.41 W, 39, 1980 MHz
2026/09/15 02:14:54.801, 1, GPU-d67482aa-44bc-1a33-2545-de34f4bb6c82, NVIDIA H100 80GB HBM3, 0 %, 1 MiB, 70.74 W, 34, 345 MHz
2026/09/15 02:14:54.811, 2, GPU-6c47d827-68bc-9d8f-448e-55624a5f2f65, NVIDIA H100 80GB HBM3, 0 %, 1 MiB, 71.51 W, 26, 345 MHz
2026/09/15 02:14:54.814, 3, GPU-a481f1cc-7ac4-a6c3-b8a4-eed1d39e45aa, NVIDIA H100 80GB HBM3, 0 %, 1 MiB, 74.99 W, 26, 345 MHz
2026/09/15 02:14:54.816, 4, GPU-a60182ac-1fbd-0654-4298-7dfab8d789ca, NVIDIA H100 80GB HBM3, 0 %, 1 MiB, 72.28 W, 26, 345 MHz
2026/09/15 02:14:54.818, 5, GPU-11bb96fb-3b4c-98eb-f310-70437157969c, NVIDIA H100 80GB HBM3, 0 %, 1 MiB, 69.33 W, 26, 345 MHz
2026/09/15 02:14:54.820, 6, GPU-7d80084d-f83b-1a50-3007-35e8f2af67c2, NVIDIA H100 80GB HBM3, 0 %, 1 MiB, 70.90 W, 27, 345 MHz
2026/09/15 02:14:54.822, 7, GPU-69cdf81a-1c5b-4e7c-54e2-2dd45eb25e36, NVIDIA H100 80GB HBM3, 0 %, 1 MiB, 70.28 W, 26, 345 MHz
2026/09/15 02:14:55.824, 0, GPU-3d9bae9f-f6a5-a533-682a-2990f19ffa90, NVIDIA H100 80GB HBM3, 0 %, 23440 MiB, 117.43 W, 39, 1980 MHz
2026/09/15 02:14:55.841, 1, GPU-d67482aa-44bc-1a33-2545-de34f4bb6c82, NVIDIA H100 80GB HBM3, 0 %, 1 MiB, 70.77 W, 34, 345 MHz
2026/09/15 02:14:55.867, 2, GPU-6c47d827-68bc-9d8f-448e-55624a5f2f65, NVIDIA H100 80GB HBM3, 0 %, 1 MiB, 71.54 W, 26, 345 MHz
2026/09/15 02:14:55.893, 3, GPU-a481f1cc-7ac4-a6c3-b8a4-eed1d39e45aa, NVIDIA H100 80GB HBM3, 0 %, 1 MiB, 74.98 W, 26, 345 MHz
2026/09/15 02:14:55.925, 4, GPU-a60182ac-1fbd-0654-4298-7dfab8d789ca, NVIDIA H100 80GB HBM3, 0 %, 1 MiB, 72.27 W, 26, 345 MHz
2026/09/15 02:14:55.950, 5, GPU-11bb96fb-3b4c-98eb-f310-70437157969c, NVIDIA H100 80GB HBM3, 0 %, 1 MiB, 69.33 W, 26, 345 MHz
2026/09/15 02:14:56.009, 6, GPU-7d80084d-f83b-1a50-3007-35e8f2af67c2, NVIDIA H100 80GB HBM3, 0 %, 1 MiB, 70.89 W, 27, 345 MHz
2026/09/15 02:14:56.012, 7, GPU-69cdf81a-1c5b-4e7c-54e2-2dd45eb25e36, NVIDIA H100 80GB HBM3, 0 %, 1 MiB, 70.29 W, 26, 345 MHz
2026/09/15 02:14:57.024, 0, GPU-3d9bae9f-f6a5-a533-682a-2990f19ffa90, NVIDIA H100 80GB HBM3, 0 %, 23440 MiB, 117.42 W, 39, 1980 MHz
2026/09/15 02:14:57.027, 1, GPU-d67482aa-44bc-1a33-2545-de34f4bb6c82, NVIDIA H100 80GB HBM3, 0 %, 1 MiB, 70.78 W, 34, 345 MHz
2026/09/15 02:14:57.030, 2, GPU-6c47d827-68bc-9d8f-448e-55624a5f2f65, NVIDIA H100 80GB HBM3, 0 %, 1 MiB, 71.53 W, 26, 345 MHz
2026/09/15 02:14:57.033, 3, GPU-a481f1cc-7ac4-a6c3-b8a4-eed1d39e45aa, NVIDIA H100 80GB HBM3, 0 %, 1 MiB, 74.98 W, 26, 345 MHz
2026/09/15 02:14:57.038, 4, GPU-a60182ac-1fbd-0654-4298-7dfab8d789ca, NVIDIA H100 80GB HBM3, 0 %, 1 MiB, 72.41 W, 26, 345 MHz
2026/09/15 02:14:57.041, 5, GPU-11bb96fb-3b4c-98eb-f310-70437157969c, NVIDIA H100 80GB HBM3, 0 %, 1 MiB, 69.32 W, 26, 345 MHz
2026/09/15 02:14:57.044, 6, GPU-7d80084d-f83b-1a50-3007-35e8f2af67c2, NVIDIA H100 80GB HBM3, 0 %, 1 MiB, 70.88 W, 28, 345 MHz
2026/09/15 02:14:57.047, 7, GPU-69cdf81a-1c5b-4e7c-54e2-2dd45eb25e36, NVIDIA H100 80GB HBM3, 0 %, 1 MiB, 70.31 W, 26, 345 MHz
2026/09/15 02:14:58.049, 0, GPU-3d9bae9f-f6a5-a533-682a-2990f19ffa90, NVIDIA H100 80GB HBM3, 0 %, 23440 MiB, 117.44 W, 39, 1980 MHz
2026/09/15 02:14:58.088, 1, GPU-d67482aa-44bc-1a33-2545-de34f4bb6c82, NVIDIA H100 80GB HBM3, 0 %, 1 MiB, 70.78 W, 34, 345 MHz
2026/09/15 02:14:58.090, 2, GPU-6c47d827-68bc-9d8f-448e-55624a5f2f65, NVIDIA H100 80GB HBM3, 0 %, 1 MiB, 71.47 W, 26, 345 MHz
2026/09/15 02:14:58.093, 3, GPU-a481f1cc-7ac4-a6c3-b8a4-eed1d39e45aa, NVIDIA H100 80GB HBM3, 0 %, 1 MiB, 74.94 W, 26, 345 MHz
2026/09/15 02:14:58.096, 4, GPU-a60182ac-1fbd-0654-4298-7dfab8d789ca, NVIDIA H100 80GB HBM3, 0 %, 1 MiB, 72.26 W, 26, 345 MHz
2026/09/15 02:14:58.099, 5, GPU-11bb96fb-3b4c-98eb-f310-70437157969c, NVIDIA H100 80GB HBM3, 0 %, 1 MiB, 69.33 W, 26, 345 MHz
2026/09/15 02:14:58.108, 6, GPU-7d80084d-f83b-1a50-3007-35e8f2af67c2, NVIDIA H100 80GB HBM3, 0 %, 1 MiB, 70.87 W, 27, 345 MHz
2026/09/15 02:14:58.111, 7, GPU-69cdf81a-1c5b-4e7c-54e2-2dd45eb25e36, NVIDIA H100 80GB HBM3, 0 %, 1 MiB, 70.29 W, 26, 345 MHz
2026/09/15 02:14:59.121, 0, GPU-3d9bae9f-f6a5-a533-682a-2990f19ffa90, NVIDIA H100 80GB HBM3, 0 %, 23440 MiB, 117.39 W, 39, 1980 MHz
2026/09/15 02:14:59.123, 1, GPU-d67482aa-44bc-1a33-2545-de34f4bb6c82, NVIDIA H100 80GB HBM3, 0 %, 1 MiB, 70.80 W, 34, 345 MHz
2026/09/15 02:14:59.127, 2, GPU-6c47d827-68bc-9d8f-448e-55624a5f2f65, NVIDIA H100 80GB HBM3, 0 %, 1 MiB, 71.51 W, 26, 345 MHz
2026/09/15 02:14:59.129, 3, GPU-a481f1cc-7ac4-a6c3-b8a4-eed1d39e45aa, NVIDIA H100 80GB HBM3, 0 %, 1 MiB, 75.00 W, 26, 345 MHz
2026/09/15 02:14:59.138, 4, GPU-a60182ac-1fbd-0654-4298-7dfab8d789ca, NVIDIA H100 80GB HBM3, 0 %, 1 MiB, 72.41 W, 26, 345 MHz
2026/09/15 02:14:59.141, 5, GPU-11bb96fb-3b4c-98eb-f310-70437157969c, NVIDIA H100 80GB HBM3, 0 %, 1 MiB, 69.35 W, 26, 345 MHz
2026/09/15 02:14:59.144, 6, GPU-7d80084d-f83b-1a50-3007-35e8f2af67c2, NVIDIA H100 80GB HBM3, 0 %, 1 MiB, 70.93 W, 27, 345 MHz
2026/09/15 02:14:59.147, 7, GPU-69cdf81a-1c5b-4e7c-54e2-2dd45eb25e36, NVIDIA H100 80GB HBM3, 0 %, 1 MiB, 70.28 W, 26, 345 MHz
2026/09/15 02:15:00.149, 0, GPU-3d9bae9f-f6a5-a533-682a-2990f19ffa90, NVIDIA H100 80GB HBM3, 0 %, 23440 MiB, 117.37 W, 39, 1980 MHz
2026/09/15 02:15:00.153, 1, GPU-d67482aa-44bc-1a33-2545-de34f4bb6c82, NVIDIA H100 80GB HBM3, 0 %, 1 MiB, 70.79 W, 34, 345 MHz
2026/09/15 02:15:00.158, 2, GPU-6c47d827-68bc-9d8f-448e-55624a5f2f65, NVIDIA H100 80GB HBM3, 0 %, 1 MiB, 71.50 W, 26, 345 MHz
2026/09/15 02:15:00.162, 3, GPU-a481f1cc-7ac4-a6c3-b8a4-eed1d39e45aa, NVIDIA H100 80GB HBM3, 0 %, 1 MiB, 74.96 W, 26, 345 MHz
2026/09/15 02:15:00.184, 4, GPU-a60182ac-1fbd-0654-4298-7dfab8d789ca, NVIDIA H100 80GB HBM3, 0 %, 1 MiB, 72.29 W, 26, 345 MHz
2026/09/15 02:15:00.212, 5, GPU-11bb96fb-3b4c-98eb-f310-70437157969c, NVIDIA H100 80GB HBM3, 0 %, 1 MiB, 69.33 W, 26, 345 MHz
2026/09/15 02:15:00.216, 6, GPU-7d80084d-f83b-1a50-3007-35e8f2af67c2, NVIDIA H100 80GB HBM3, 0 %, 1 MiB, 70.94 W, 28, 345 MHz
2026/09/15 02:15:00.246, 7, GPU-69cdf81a-1c5b-4e7c-54e2-2dd45eb25e36, NVIDIA H100 80GB HBM3, 0 %, 1 MiB, 70.26 W, 26, 345 MHz
2026/09/15 02:15:01.273, 0, GPU-3d9bae9f-f6a5-a533-682a-2990f19ffa90, NVIDIA H100 80GB HBM3, 0 %, 23440 MiB, 117.38 W, 39, 1980 MHz
2026/09/15 02:15:01.275, 1, GPU-d67482aa-44bc-1a33-2545-de34f4bb6c82, NVIDIA H100 80GB HBM3, 0 %, 1 MiB, 70.77 W, 34, 345 MHz
2026/09/15 02:15:01.276, 2, GPU-6c47d827-68bc-9d8f-448e-55624a5f2f65, NVIDIA H100 80GB HBM3, 0 %, 1 MiB, 71.50 W, 26, 345 MHz
2026/09/15 02:15:01.278, 3, GPU-a481f1cc-7ac4-a6c3-b8a4-eed1d39e45aa, NVIDIA H100 80GB HBM3, 0 %, 1 MiB, 74.94 W, 26, 345 MHz
2026/09/15 02:15:01.280, 4, GPU-a60182ac-1fbd-0654-4298-7dfab8d789ca, NVIDIA H100 80GB HBM3, 0 %, 1 MiB, 72.18 W, 26, 345 MHz
2026/09/15 02:15:01.281, 5, GPU-11bb96fb-3b4c-98eb-f310-70437157969c, NVIDIA H100 80GB HBM3, 0 %, 1 MiB, 69.36 W, 26, 345 MHz
2026/09/15 02:15:01.283, 6, GPU-7d80084d-f83b-1a50-3007-35e8f2af67c2, NVIDIA H100 80GB HBM3, 0 %, 1 MiB, 70.92 W, 28, 345 MHz
2026/09/15 02:15:01.285, 7, GPU-69cdf81a-1c5b-4e7c-54e2-2dd45eb25e36, NVIDIA H100 80GB HBM3, 0 %, 1 MiB, 70.29 W, 26, 345 MHz
2026/09/15 02:15:02.287, 0, GPU-3d9bae9f-f6a5-a533-682a-2990f19ffa90, NVIDIA H100 80GB HBM3, 0 %, 23440 MiB, 117.38 W, 39, 1980 MHz
2026/09/15 02:15:02.289, 1, GPU-d67482aa-44bc-1a33-2545-de34f4bb6c82, NVIDIA H100 80GB HBM3, 0 %, 1 MiB, 70.79 W, 34, 345 MHz
2026/09/15 02:15:02.290, 2, GPU-6c47d827-68bc-9d8f-448e-55624a5f2f65, NVIDIA H100 80GB HBM3, 0 %, 1 MiB, 71.49 W, 26, 345 MHz
2026/09/15 02:15:02.293, 3, GPU-a481f1cc-7ac4-a6c3-b8a4-eed1d39e45aa, NVIDIA H100 80GB HBM3, 0 %, 1 MiB, 75.00 W, 26, 345 MHz
2026/09/15 02:15:02.294, 4, GPU-a60182ac-1fbd-0654-4298-7dfab8d789ca, NVIDIA H100 80GB HBM3, 0 %, 1 MiB, 72.34 W, 26, 345 MHz
2026/09/15 02:15:02.295, 5, GPU-11bb96fb-3b4c-98eb-f310-70437157969c, NVIDIA H100 80GB HBM3, 0 %, 1 MiB, 69.34 W, 26, 345 MHz
2026/09/15 02:15:02.297, 6, GPU-7d80084d-f83b-1a50-3007-35e8f2af67c2, NVIDIA H100 80GB HBM3, 0 %, 1 MiB, 70.87 W, 27, 345 MHz
2026/09/15 02:15:02.298, 7, GPU-69cdf81a-1c5b-4e7c-54e2-2dd45eb25e36, NVIDIA H100 80GB HBM3, 0 %, 1 MiB, 70.33 W, 26, 345 MHz
2026/09/15 02:15:03.300, 0, GPU-3d9bae9f-f6a5-a533-682a-2990f19ffa90, NVIDIA H100 80GB HBM3, 0 %, 23440 MiB, 117.39 W, 39, 1980 MHz
2026/09/15 02:15:03.302, 1, GPU-d67482aa-44bc-1a33-2545-de34f4bb6c82, NVIDIA H100 80GB HBM3, 0 %, 1 MiB, 70.80 W, 34, 345 MHz
2026/09/15 02:15:03.303, 2, GPU-6c47d827-68bc-9d8f-448e-55624a5f2f65, NVIDIA H100 80GB HBM3, 0 %, 1 MiB, 71.54 W, 26, 345 MHz
2026/09/15 02:15:03.309, 3, GPU-a481f1cc-7ac4-a6c3-b8a4-eed1d39e45aa, NVIDIA H100 80GB HBM3, 0 %, 1 MiB, 74.98 W, 26, 345 MHz
2026/09/15 02:15:03.310, 4, GPU-a60182ac-1fbd-0654-4298-7dfab8d789ca, NVIDIA H100 80GB HBM3, 0 %, 1 MiB, 72.14 W, 26, 345 MHz
2026/09/15 02:15:03.312, 5, GPU-11bb96fb-3b4c-98eb-f310-70437157969c, NVIDIA H100 80GB HBM3, 0 %, 1 MiB, 69.31 W, 26, 345 MHz
2026/09/15 02:15:03.313, 6, GPU-7d80084d-f83b-1a50-3007-35e8f2af67c2, NVIDIA H100 80GB HBM3, 0 %, 1 MiB, 70.85 W, 27, 345 MHz
2026/09/15 02:15:03.315, 7, GPU-69cdf81a-1c5b-4e7c-54e2-2dd45eb25e36, NVIDIA H100 80GB HBM3, 0 %, 1 MiB, 70.26 W, 26, 345 MHz
2026/09/15 02:15:04.319, 0, GPU-3d9bae9f-f6a5-a533-682a-2990f19ffa90, NVIDIA H100 80GB HBM3, 0 %, 23440 MiB, 117.39 W, 39, 1980 MHz
2026/09/15 02:15:04.322, 1, GPU-d67482aa-44bc-1a33-2545-de34f4bb6c82, NVIDIA H100 80GB HBM3, 0 %, 1 MiB, 70.77 W, 34, 345 MHz
2026/09/15 02:15:04.324, 2, GPU-6c47d827-68bc-9d8f-448e-55624a5f2f65, NVIDIA H100 80GB HBM3, 0 %, 1 MiB, 71.51 W, 26, 345 MHz
2026/09/15 02:15:04.325, 3, GPU-a481f1cc-7ac4-a6c3-b8a4-eed1d39e45aa, NVIDIA H100 80GB HBM3, 0 %, 1 MiB, 74.95 W, 26, 345 MHz
2026/09/15 02:15:04.327, 4, GPU-a60182ac-1fbd-0654-4298-7dfab8d789ca, NVIDIA H100 80GB HBM3, 0 %, 1 MiB, 72.46 W, 26, 345 MHz
2026/09/15 02:15:04.328, 5, GPU-11bb96fb-3b4c-98eb-f310-70437157969c, NVIDIA H100 80GB HBM3, 0 %, 1 MiB, 69.37 W, 26, 345 MHz
2026/09/15 02:15:04.331, 6, GPU-7d80084d-f83b-1a50-3007-35e8f2af67c2, NVIDIA H100 80GB HBM3, 0 %, 1 MiB, 70.92 W, 28, 345 MHz
2026/09/15 02:15:04.332, 7, GPU-69cdf81a-1c5b-4e7c-54e2-2dd45eb25e36, NVIDIA H100 80GB HBM3, 0 %, 1 MiB, 70.35 W, 26, 345 MHz
2026/09/15 02:15:05.334, 0, GPU-3d9bae9f-f6a5-a533-682a-2990f19ffa90, NVIDIA H100 80GB HBM3, 0 %, 23440 MiB, 117.46 W, 39, 1980 MHz
2026/09/15 02:15:05.337, 1, GPU-d67482aa-44bc-1a33-2545-de34f4bb6c82, NVIDIA H100 80GB HBM3, 0 %, 1 MiB, 70.79 W, 34, 345 MHz
2026/09/15 02:15:05.338, 2, GPU-6c47d827-68bc-9d8f-448e-55624a5f2f65, NVIDIA H100 80GB HBM3, 0 %, 1 MiB, 71.51 W, 26, 345 MHz
2026/09/15 02:15:05.340, 3, GPU-a481f1cc-7ac4-a6c3-b8a4-eed1d39e45aa, NVIDIA H100 80GB HBM3, 0 %, 1 MiB, 75.00 W, 26, 345 MHz
2026/09/15 02:15:05.341, 4, GPU-a60182ac-1fbd-0654-4298-7dfab8d789ca, NVIDIA H100 80GB HBM3, 0 %, 1 MiB, 72.20 W, 26, 345 MHz
2026/09/15 02:15:05.343, 5, GPU-11bb96fb-3b4c-98eb-f310-70437157969c, NVIDIA H100 80GB HBM3, 0 %, 1 MiB, 69.32 W, 26, 345 MHz
2026/09/15 02:15:05.345, 6, GPU-7d80084d-f83b-1a50-3007-35e8f2af67c2, NVIDIA H100 80GB HBM3, 0 %, 1 MiB, 70.87 W, 27, 345 MHz
2026/09/15 02:15:05.347, 7, GPU-69cdf81a-1c5b-4e7c-54e2-2dd45eb25e36, NVIDIA H100 80GB HBM3, 0 %, 1 MiB, 70.29 W, 26, 345 MHz
2026/09/15 02:15:06.348, 0, GPU-3d9bae9f-f6a5-a533-682a-2990f19ffa90, NVIDIA H100 80GB HBM3, 23 %, 23440 MiB, 118.88 W, 39, 1980 MHz
2026/09/15 02:15:06.350, 1, GPU-d67482aa-44bc-1a33-2545-de34f4bb6c82, NVIDIA H100 80GB HBM3, 0 %, 1 MiB, 70.75 W, 34, 345 MHz
2026/09/15 02:15:06.357, 2, GPU-6c47d827-68bc-9d8f-448e-55624a5f2f65, NVIDIA H100 80GB HBM3, 0 %, 1 MiB, 71.47 W, 26, 345 MHz
2026/09/15 02:15:06.359, 3, GPU-a481f1cc-7ac4-a6c3-b8a4-eed1d39e45aa, NVIDIA H100 80GB HBM3, 0 %, 1 MiB, 74.95 W, 26, 345 MHz
2026/09/15 02:15:06.360, 4, GPU-a60182ac-1fbd-0654-4298-7dfab8d789ca, NVIDIA H100 80GB HBM3, 0 %, 1 MiB, 72.38 W, 26, 345 MHz
2026/09/15 02:15:06.367, 5, GPU-11bb96fb-3b4c-98eb-f310-70437157969c, NVIDIA H100 80GB HBM3, 0 %, 1 MiB, 69.34 W, 26, 345 MHz
2026/09/15 02:15:06.368, 6, GPU-7d80084d-f83b-1a50-3007-35e8f2af67c2, NVIDIA H100 80GB HBM3, 0 %, 1 MiB, 70.85 W, 27, 345 MHz
2026/09/15 02:15:06.369, 7, GPU-69cdf81a-1c5b-4e7c-54e2-2dd45eb25e36, NVIDIA H100 80GB HBM3, 0 %, 1 MiB, 70.32 W, 26, 345 MHz
2026/09/15 02:15:07.371, 0, GPU-3d9bae9f-f6a5-a533-682a-2990f19ffa90, NVIDIA H100 80GB HBM3, 6 %, 23556 MiB, 120.70 W, 39, 1980 MHz
2026/09/15 02:15:07.394, 1, GPU-d67482aa-44bc-1a33-2545-de34f4bb6c82, NVIDIA H100 80GB HBM3, 0 %, 1 MiB, 70.79 W, 34, 345 MHz
2026/09/15 02:15:07.457, 2, GPU-6c47d827-68bc-9d8f-448e-55624a5f2f65, NVIDIA H100 80GB HBM3, 0 %, 1 MiB, 71.52 W, 26, 345 MHz
2026/09/15 02:15:07.508, 3, GPU-a481f1cc-7ac4-a6c3-b8a4-eed1d39e45aa, NVIDIA H100 80GB HBM3, 0 %, 1 MiB, 74.96 W, 26, 345 MHz
2026/09/15 02:15:07.549, 4, GPU-a60182ac-1fbd-0654-4298-7dfab8d789ca, NVIDIA H100 80GB HBM3, 0 %, 1 MiB, 72.38 W, 26, 345 MHz
2026/09/15 02:15:07.551, 5, GPU-11bb96fb-3b4c-98eb-f310-70437157969c, NVIDIA H100 80GB HBM3, 0 %, 1 MiB, 69.32 W, 26, 345 MHz
2026/09/15 02:15:07.554, 6, GPU-7d80084d-f83b-1a50-3007-35e8f2af67c2, NVIDIA H100 80GB HBM3, 0 %, 1 MiB, 70.90 W, 27, 345 MHz
2026/09/15 02:15:07.569, 7, GPU-69cdf81a-1c5b-4e7c-54e2-2dd45eb25e36, NVIDIA H100 80GB HBM3, 0 %, 1 MiB, 70.31 W, 26, 345 MHz
2026/09/15 02:15:08.575, 0, GPU-3d9bae9f-f6a5-a533-682a-2990f19ffa90, NVIDIA H100 80GB HBM3, 53 %, 23726 MiB, 168.18 W, 42, 1980 MHz
2026/09/15 02:15:08.577, 1, GPU-d67482aa-44bc-1a33-2545-de34f4bb6c82, NVIDIA H100 80GB HBM3, 0 %, 1 MiB, 70.77 W, 34, 345 MHz
2026/09/15 02:15:08.579, 2, GPU-6c47d827-68bc-9d8f-448e-55624a5f2f65, NVIDIA H100 80GB HBM3, 0 %, 1 MiB, 71.50 W, 26, 345 MHz
2026/09/15 02:15:08.581, 3, GPU-a481f1cc-7ac4-a6c3-b8a4-eed1d39e45aa, NVIDIA H100 80GB HBM3, 0 %, 1 MiB, 74.96 W, 26, 345 MHz
2026/09/15 02:15:08.584, 4, GPU-a60182ac-1fbd-0654-4298-7dfab8d789ca, NVIDIA H100 80GB HBM3, 0 %, 1 MiB, 72.21 W, 26, 345 MHz
2026/09/15 02:15:08.587, 5, GPU-11bb96fb-3b4c-98eb-f310-70437157969c, NVIDIA H100 80GB HBM3, 0 %, 1 MiB, 69.33 W, 26, 345 MHz
2026/09/15 02:15:08.589, 6, GPU-7d80084d-f83b-1a50-3007-35e8f2af67c2, NVIDIA H100 80GB HBM3, 0 %, 1 MiB, 70.85 W, 27, 345 MHz
2026/09/15 02:15:08.592, 7, GPU-69cdf81a-1c5b-4e7c-54e2-2dd45eb25e36, NVIDIA H100 80GB HBM3, 0 %, 1 MiB, 70.34 W, 26, 345 MHz
2026/09/15 02:15:09.595, 0, GPU-3d9bae9f-f6a5-a533-682a-2990f19ffa90, NVIDIA H100 80GB HBM3, 27 %, 23726 MiB, 175.92 W, 42, 1980 MHz
2026/09/15 02:15:09.596, 1, GPU-d67482aa-44bc-1a33-2545-de34f4bb6c82, NVIDIA H100 80GB HBM3, 0 %, 1 MiB, 70.79 W, 34, 345 MHz
2026/09/15 02:15:09.599, 2, GPU-6c47d827-68bc-9d8f-448e-55624a5f2f65, NVIDIA H100 80GB HBM3, 0 %, 1 MiB, 71.49 W, 26, 345 MHz
2026/09/15 02:15:09.611, 3, GPU-a481f1cc-7ac4-a6c3-b8a4-eed1d39e45aa, NVIDIA H100 80GB HBM3, 0 %, 1 MiB, 74.96 W, 26, 345 MHz
2026/09/15 02:15:09.613, 4, GPU-a60182ac-1fbd-0654-4298-7dfab8d789ca, NVIDIA H100 80GB HBM3, 0 %, 1 MiB, 72.36 W, 26, 345 MHz
2026/09/15 02:15:09.615, 5, GPU-11bb96fb-3b4c-98eb-f310-70437157969c, NVIDIA H100 80GB HBM3, 0 %, 1 MiB, 69.32 W, 26, 345 MHz
2026/09/15 02:15:09.617, 6, GPU-7d80084d-f83b-1a50-3007-35e8f2af67c2, NVIDIA H100 80GB HBM3, 0 %, 1 MiB, 70.87 W, 27, 345 MHz
2026/09/15 02:15:09.619, 7, GPU-69cdf81a-1c5b-4e7c-54e2-2dd45eb25e36, NVIDIA H100 80GB HBM3, 0 %, 1 MiB, 70.26 W, 26, 345 MHz
2026/09/15 02:15:10.621, 0, GPU-3d9bae9f-f6a5-a533-682a-2990f19ffa90, NVIDIA H100 80GB HBM3, 55 %, 23726 MiB, 189.63 W, 41, 1980 MHz
2026/09/15 02:15:10.625, 1, GPU-d67482aa-44bc-1a33-2545-de34f4bb6c82, NVIDIA H100 80GB HBM3, 0 %, 1 MiB, 70.79 W, 34, 345 MHz
2026/09/15 02:15:10.629, 2, GPU-6c47d827-68bc-9d8f-448e-55624a5f2f65, NVIDIA H100 80GB HBM3, 0 %, 1 MiB, 71.50 W, 26, 345 MHz
2026/09/15 02:15:10.631, 3, GPU-a481f1cc-7ac4-a6c3-b8a4-eed1d39e45aa, NVIDIA H100 80GB HBM3, 0 %, 1 MiB, 75.00 W, 26, 345 MHz
2026/09/15 02:15:10.638, 4, GPU-a60182ac-1fbd-0654-4298-7dfab8d789ca, NVIDIA H100 80GB HBM3, 0 %, 1 MiB, 72.15 W, 26, 345 MHz
2026/09/15 02:15:10.642, 5, GPU-11bb96fb-3b4c-98eb-f310-70437157969c, NVIDIA H100 80GB HBM3, 0 %, 1 MiB, 69.31 W, 26, 345 MHz
2026/09/15 02:15:10.645, 6, GPU-7d80084d-f83b-1a50-3007-35e8f2af67c2, NVIDIA H100 80GB HBM3, 0 %, 1 MiB, 70.90 W, 27, 345 MHz
2026/09/15 02:15:10.648, 7, GPU-69cdf81a-1c5b-4e7c-54e2-2dd45eb25e36, NVIDIA H100 80GB HBM3, 0 %, 1 MiB, 70.35 W, 26, 345 MHz
2026/09/15 02:15:11.650, 0, GPU-3d9bae9f-f6a5-a533-682a-2990f19ffa90, NVIDIA H100 80GB HBM3, 51 %, 23726 MiB, 186.59 W, 43, 1980 MHz
2026/09/15 02:15:11.661, 1, GPU-d67482aa-44bc-1a33-2545-de34f4bb6c82, NVIDIA H100 80GB HBM3, 0 %, 1 MiB, 70.80 W, 34, 345 MHz
2026/09/15 02:15:11.713, 2, GPU-6c47d827-68bc-9d8f-448e-55624a5f2f65, NVIDIA H100 80GB HBM3, 0 %, 1 MiB, 71.48 W, 26, 345 MHz
2026/09/15 02:15:11.741, 3, GPU-a481f1cc-7ac4-a6c3-b8a4-eed1d39e45aa, NVIDIA H100 80GB HBM3, 0 %, 1 MiB, 74.90 W, 26, 345 MHz
2026/09/15 02:15:11.767, 4, GPU-a60182ac-1fbd-0654-4298-7dfab8d789ca, NVIDIA H100 80GB HBM3, 0 %, 1 MiB, 72.30 W, 26, 345 MHz
2026/09/15 02:15:11.792, 5, GPU-11bb96fb-3b4c-98eb-f310-70437157969c, NVIDIA H100 80GB HBM3, 0 %, 1 MiB, 69.34 W, 26, 345 MHz
2026/09/15 02:15:11.817, 6, GPU-7d80084d-f83b-1a50-3007-35e8f2af67c2, NVIDIA H100 80GB HBM3, 0 %, 1 MiB, 70.90 W, 27, 345 MHz
2026/09/15 02:15:11.845, 7, GPU-69cdf81a-1c5b-4e7c-54e2-2dd45eb25e36, NVIDIA H100 80GB HBM3, 0 %, 1 MiB, 70.35 W, 26, 345 MHz
2026/09/15 02:15:12.848, 0, GPU-3d9bae9f-f6a5-a533-682a-2990f19ffa90, NVIDIA H100 80GB HBM3, 55 %, 23726 MiB, 195.24 W, 41, 1980 MHz
2026/09/15 02:15:12.852, 1, GPU-d67482aa-44bc-1a33-2545-de34f4bb6c82, NVIDIA H100 80GB HBM3, 0 %, 1 MiB, 70.77 W, 34, 345 MHz
2026/09/15 02:15:12.858, 2, GPU-6c47d827-68bc-9d8f-448e-55624a5f2f65, NVIDIA H100 80GB HBM3, 0 %, 1 MiB, 71.47 W, 26, 345 MHz
2026/09/15 02:15:12.861, 3, GPU-a481f1cc-7ac4-a6c3-b8a4-eed1d39e45aa, NVIDIA H100 80GB HBM3, 0 %, 1 MiB, 74.99 W, 26, 345 MHz
2026/09/15 02:15:12.864, 4, GPU-a60182ac-1fbd-0654-4298-7dfab8d789ca, NVIDIA H100 80GB HBM3, 0 %, 1 MiB, 72.36 W, 26, 345 MHz
2026/09/15 02:15:12.869, 5, GPU-11bb96fb-3b4c-98eb-f310-70437157969c, NVIDIA H100 80GB HBM3, 0 %, 1 MiB, 69.33 W, 26, 345 MHz
2026/09/15 02:15:12.872, 6, GPU-7d80084d-f83b-1a50-3007-35e8f2af67c2, NVIDIA H100 80GB HBM3, 0 %, 1 MiB, 70.93 W, 27, 345 MHz
2026/09/15 02:15:12.874, 7, GPU-69cdf81a-1c5b-4e7c-54e2-2dd45eb25e36, NVIDIA H100 80GB HBM3, 0 %, 1 MiB, 70.34 W, 26, 345 MHz
2026/09/15 02:15:13.878, 0, GPU-3d9bae9f-f6a5-a533-682a-2990f19ffa90, NVIDIA H100 80GB HBM3, 54 %, 23726 MiB, 183.17 W, 41, 1980 MHz
2026/09/15 02:15:13.880, 1, GPU-d67482aa-44bc-1a33-2545-de34f4bb6c82, NVIDIA H100 80GB HBM3, 0 %, 1 MiB, 70.77 W, 34, 345 MHz
2026/09/15 02:15:13.882, 2, GPU-6c47d827-68bc-9d8f-448e-55624a5f2f65, NVIDIA H100 80GB HBM3, 0 %, 1 MiB, 71.46 W, 26, 345 MHz
2026/09/15 02:15:13.884, 3, GPU-a481f1cc-7ac4-a6c3-b8a4-eed1d39e45aa, NVIDIA H100 80GB HBM3, 0 %, 1 MiB, 75.00 W, 26, 345 MHz
2026/09/15 02:15:13.888, 4, GPU-a60182ac-1fbd-0654-4298-7dfab8d789ca, NVIDIA H100 80GB HBM3, 0 %, 1 MiB, 72.23 W, 26, 345 MHz
2026/09/15 02:15:13.890, 5, GPU-11bb96fb-3b4c-98eb-f310-70437157969c, NVIDIA H100 80GB HBM3, 0 %, 1 MiB, 69.33 W, 26, 345 MHz
2026/09/15 02:15:13.892, 6, GPU-7d80084d-f83b-1a50-3007-35e8f2af67c2, NVIDIA H100 80GB HBM3, 0 %, 1 MiB, 70.92 W, 27, 345 MHz
2026/09/15 02:15:13.895, 7, GPU-69cdf81a-1c5b-4e7c-54e2-2dd45eb25e36, NVIDIA H100 80GB HBM3, 0 %, 1 MiB, 70.33 W, 26, 345 MHz
2026/09/15 02:15:14.897, 0, GPU-3d9bae9f-f6a5-a533-682a-2990f19ffa90, NVIDIA H100 80GB HBM3, 52 %, 23726 MiB, 193.14 W, 42, 1980 MHz
2026/09/15 02:15:14.900, 1, GPU-d67482aa-44bc-1a33-2545-de34f4bb6c82, NVIDIA H100 80GB HBM3, 0 %, 1 MiB, 70.81 W, 34, 345 MHz
2026/09/15 02:15:14.902, 2, GPU-6c47d827-68bc-9d8f-448e-55624a5f2f65, NVIDIA H100 80GB HBM3, 0 %, 1 MiB, 71.46 W, 26, 345 MHz
2026/09/15 02:15:14.910, 3, GPU-a481f1cc-7ac4-a6c3-b8a4-eed1d39e45aa, NVIDIA H100 80GB HBM3, 0 %, 1 MiB, 74.95 W, 26, 345 MHz
2026/09/15 02:15:14.912, 4, GPU-a60182ac-1fbd-0654-4298-7dfab8d789ca, NVIDIA H100 80GB HBM3, 0 %, 1 MiB, 72.44 W, 26, 345 MHz
2026/09/15 02:15:14.915, 5, GPU-11bb96fb-3b4c-98eb-f310-70437157969c, NVIDIA H100 80GB HBM3, 0 %, 1 MiB, 69.35 W, 26, 345 MHz
2026/09/15 02:15:14.917, 6, GPU-7d80084d-f83b-1a50-3007-35e8f2af67c2, NVIDIA H100 80GB HBM3, 0 %, 1 MiB, 70.85 W, 28, 345 MHz
2026/09/15 02:15:14.919, 7, GPU-69cdf81a-1c5b-4e7c-54e2-2dd45eb25e36, NVIDIA H100 80GB HBM3, 0 %, 1 MiB, 70.29 W, 26, 345 MHz
2026/09/15 02:15:15.922, 0, GPU-3d9bae9f-f6a5-a533-682a-2990f19ffa90, NVIDIA H100 80GB HBM3, 55 %, 23726 MiB, 186.35 W, 41, 1980 MHz
2026/09/15 02:15:15.945, 1, GPU-d67482aa-44bc-1a33-2545-de34f4bb6c82, NVIDIA H100 80GB HBM3, 0 %, 1 MiB, 70.79 W, 34, 345 MHz
2026/09/15 02:15:15.972, 2, GPU-6c47d827-68bc-9d8f-448e-55624a5f2f65, NVIDIA H100 80GB HBM3, 0 %, 1 MiB, 71.48 W, 26, 345 MHz
2026/09/15 02:15:16.010, 3, GPU-a481f1cc-7ac4-a6c3-b8a4-eed1d39e45aa, NVIDIA H100 80GB HBM3, 0 %, 1 MiB, 74.92 W, 26, 345 MHz
2026/09/15 02:15:16.038, 4, GPU-a60182ac-1fbd-0654-4298-7dfab8d789ca, NVIDIA H100 80GB HBM3, 0 %, 1 MiB, 72.21 W, 26, 345 MHz
2026/09/15 02:15:16.069, 5, GPU-11bb96fb-3b4c-98eb-f310-70437157969c, NVIDIA H100 80GB HBM3, 0 %, 1 MiB, 69.34 W, 26, 345 MHz
2026/09/15 02:15:16.100, 6, GPU-7d80084d-f83b-1a50-3007-35e8f2af67c2, NVIDIA H100 80GB HBM3, 0 %, 1 MiB, 70.88 W, 27, 345 MHz
2026/09/15 02:15:16.102, 7, GPU-69cdf81a-1c5b-4e7c-54e2-2dd45eb25e36, NVIDIA H100 80GB HBM3, 0 %, 1 MiB, 70.30 W, 26, 345 MHz
2026/09/15 02:15:17.104, 0, GPU-3d9bae9f-f6a5-a533-682a-2990f19ffa90, NVIDIA H100 80GB HBM3, 55 %, 23726 MiB, 186.32 W, 42, 1980 MHz
2026/09/15 02:15:17.106, 1, GPU-d67482aa-44bc-1a33-2545-de34f4bb6c82, NVIDIA H100 80GB HBM3, 0 %, 1 MiB, 70.78 W, 34, 345 MHz
2026/09/15 02:15:17.109, 2, GPU-6c47d827-68bc-9d8f-448e-55624a5f2f65, NVIDIA H100 80GB HBM3, 0 %, 1 MiB, 71.50 W, 26, 345 MHz
2026/09/15 02:15:17.111, 3, GPU-a481f1cc-7ac4-a6c3-b8a4-eed1d39e45aa, NVIDIA H100 80GB HBM3, 0 %, 1 MiB, 74.96 W, 26, 345 MHz
2026/09/15 02:15:17.113, 4, GPU-a60182ac-1fbd-0654-4298-7dfab8d789ca, NVIDIA H100 80GB HBM3, 0 %, 1 MiB, 72.26 W, 26, 345 MHz
2026/09/15 02:15:17.115, 5, GPU-11bb96fb-3b4c-98eb-f310-70437157969c, NVIDIA H100 80GB HBM3, 0 %, 1 MiB, 69.38 W, 26, 345 MHz
2026/09/15 02:15:17.117, 6, GPU-7d80084d-f83b-1a50-3007-35e8f2af67c2, NVIDIA H100 80GB HBM3, 0 %, 1 MiB, 70.89 W, 28, 345 MHz
2026/09/15 02:15:17.119, 7, GPU-69cdf81a-1c5b-4e7c-54e2-2dd45eb25e36, NVIDIA H100 80GB HBM3, 0 %, 1 MiB, 70.32 W, 26, 345 MHz
2026/09/15 02:15:18.122, 0, GPU-3d9bae9f-f6a5-a533-682a-2990f19ffa90, NVIDIA H100 80GB HBM3, 50 %, 23726 MiB, 195.34 W, 41, 1980 MHz
2026/09/15 02:15:18.125, 1, GPU-d67482aa-44bc-1a33-2545-de34f4bb6c82, NVIDIA H100 80GB HBM3, 0 %, 1 MiB, 70.80 W, 34, 345 MHz
2026/09/15 02:15:18.130, 2, GPU-6c47d827-68bc-9d8f-448e-55624a5f2f65, NVIDIA H100 80GB HBM3, 0 %, 1 MiB, 71.50 W, 26, 345 MHz
2026/09/15 02:15:18.132, 3, GPU-a481f1cc-7ac4-a6c3-b8a4-eed1d39e45aa, NVIDIA H100 80GB HBM3, 0 %, 1 MiB, 75.01 W, 26, 345 MHz
2026/09/15 02:15:18.138, 4, GPU-a60182ac-1fbd-0654-4298-7dfab8d789ca, NVIDIA H100 80GB HBM3, 0 %, 1 MiB, 72.28 W, 26, 345 MHz
2026/09/15 02:15:18.141, 5, GPU-11bb96fb-3b4c-98eb-f310-70437157969c, NVIDIA H100 80GB HBM3, 0 %, 1 MiB, 69.35 W, 26, 345 MHz
2026/09/15 02:15:18.144, 6, GPU-7d80084d-f83b-1a50-3007-35e8f2af67c2, NVIDIA H100 80GB HBM3, 0 %, 1 MiB, 70.94 W, 27, 345 MHz
2026/09/15 02:15:18.147, 7, GPU-69cdf81a-1c5b-4e7c-54e2-2dd45eb25e36, NVIDIA H100 80GB HBM3, 0 %, 1 MiB, 70.32 W, 26, 345 MHz
2026/09/15 02:15:19.149, 0, GPU-3d9bae9f-f6a5-a533-682a-2990f19ffa90, NVIDIA H100 80GB HBM3, 55 %, 23726 MiB, 184.72 W, 42, 1980 MHz
2026/09/15 02:15:19.152, 1, GPU-d67482aa-44bc-1a33-2545-de34f4bb6c82, NVIDIA H100 80GB HBM3, 0 %, 1 MiB, 70.78 W, 34, 345 MHz
2026/09/15 02:15:19.158, 2, GPU-6c47d827-68bc-9d8f-448e-55624a5f2f65, NVIDIA H100 80GB HBM3, 0 %, 1 MiB, 71.52 W, 26, 345 MHz
2026/09/15 02:15:19.161, 3, GPU-a481f1cc-7ac4-a6c3-b8a4-eed1d39e45aa, NVIDIA H100 80GB HBM3, 0 %, 1 MiB, 74.94 W, 26, 345 MHz
2026/09/15 02:15:19.165, 4, GPU-a60182ac-1fbd-0654-4298-7dfab8d789ca, NVIDIA H100 80GB HBM3, 0 %, 1 MiB, 72.29 W, 26, 345 MHz
2026/09/15 02:15:19.169, 5, GPU-11bb96fb-3b4c-98eb-f310-70437157969c, NVIDIA H100 80GB HBM3, 0 %, 1 MiB, 69.33 W, 26, 345 MHz
2026/09/15 02:15:19.171, 6, GPU-7d80084d-f83b-1a50-3007-35e8f2af67c2, NVIDIA H100 80GB HBM3, 0 %, 1 MiB, 70.94 W, 27, 345 MHz
2026/09/15 02:15:19.173, 7, GPU-69cdf81a-1c5b-4e7c-54e2-2dd45eb25e36, NVIDIA H100 80GB HBM3, 0 %, 1 MiB, 70.32 W, 26, 345 MHz
2026/09/15 02:15:20.177, 0, GPU-3d9bae9f-f6a5-a533-682a-2990f19ffa90, NVIDIA H100 80GB HBM3, 55 %, 23726 MiB, 192.43 W, 41, 1980 MHz
2026/09/15 02:15:20.194, 1, GPU-d67482aa-44bc-1a33-2545-de34f4bb6c82, NVIDIA H100 80GB HBM3, 0 %, 1 MiB, 70.78 W, 34, 345 MHz
2026/09/15 02:15:20.260, 2, GPU-6c47d827-68bc-9d8f-448e-55624a5f2f65, NVIDIA H100 80GB HBM3, 0 %, 1 MiB, 71.53 W, 26, 345 MHz
2026/09/15 02:15:20.294, 3, GPU-a481f1cc-7ac4-a6c3-b8a4-eed1d39e45aa, NVIDIA H100 80GB HBM3, 0 %, 1 MiB, 74.98 W, 26, 345 MHz
2026/09/15 02:15:20.339, 4, GPU-a60182ac-1fbd-0654-4298-7dfab8d789ca, NVIDIA H100 80GB HBM3, 0 %, 1 MiB, 72.38 W, 26, 345 MHz
2026/09/15 02:15:20.368, 5, GPU-11bb96fb-3b4c-98eb-f310-70437157969c, NVIDIA H100 80GB HBM3, 0 %, 1 MiB, 69.33 W, 26, 345 MHz
2026/09/15 02:15:20.398, 6, GPU-7d80084d-f83b-1a50-3007-35e8f2af67c2, NVIDIA H100 80GB HBM3, 0 %, 1 MiB, 70.93 W, 27, 345 MHz
2026/09/15 02:15:20.411, 7, GPU-69cdf81a-1c5b-4e7c-54e2-2dd45eb25e36, NVIDIA H100 80GB HBM3, 0 %, 1 MiB, 70.33 W, 26, 345 MHz
2026/09/15 02:15:21.422, 0, GPU-3d9bae9f-f6a5-a533-682a-2990f19ffa90, NVIDIA H100 80GB HBM3, 51 %, 23726 MiB, 185.66 W, 42, 1980 MHz
2026/09/15 02:15:21.424, 1, GPU-d67482aa-44bc-1a33-2545-de34f4bb6c82, NVIDIA H100 80GB HBM3, 0 %, 1 MiB, 70.80 W, 34, 345 MHz
2026/09/15 02:15:21.427, 2, GPU-6c47d827-68bc-9d8f-448e-55624a5f2f65, NVIDIA H100 80GB HBM3, 0 %, 1 MiB, 71.52 W, 26, 345 MHz
2026/09/15 02:15:21.429, 3, GPU-a481f1cc-7ac4-a6c3-b8a4-eed1d39e45aa, NVIDIA H100 80GB HBM3, 0 %, 1 MiB, 74.93 W, 26, 345 MHz
2026/09/15 02:15:21.437, 4, GPU-a60182ac-1fbd-0654-4298-7dfab8d789ca, NVIDIA H100 80GB HBM3, 0 %, 1 MiB, 72.30 W, 26, 345 MHz
2026/09/15 02:15:21.440, 5, GPU-11bb96fb-3b4c-98eb-f310-70437157969c, NVIDIA H100 80GB HBM3, 0 %, 1 MiB, 69.34 W, 26, 345 MHz
2026/09/15 02:15:21.443, 6, GPU-7d80084d-f83b-1a50-3007-35e8f2af67c2, NVIDIA H100 80GB HBM3, 0 %, 1 MiB, 70.92 W, 27, 345 MHz
2026/09/15 02:15:21.445, 7, GPU-69cdf81a-1c5b-4e7c-54e2-2dd45eb25e36, NVIDIA H100 80GB HBM3, 0 %, 1 MiB, 70.27 W, 26, 345 MHz
2026/09/15 02:15:22.448, 0, GPU-3d9bae9f-f6a5-a533-682a-2990f19ffa90, NVIDIA H100 80GB HBM3, 55 %, 23726 MiB, 194.58 W, 41, 1980 MHz
2026/09/15 02:15:22.450, 1, GPU-d67482aa-44bc-1a33-2545-de34f4bb6c82, NVIDIA H100 80GB HBM3, 0 %, 1 MiB, 70.78 W, 34, 345 MHz
2026/09/15 02:15:22.457, 2, GPU-6c47d827-68bc-9d8f-448e-55624a5f2f65, NVIDIA H100 80GB HBM3, 0 %, 1 MiB, 71.52 W, 26, 345 MHz
2026/09/15 02:15:22.459, 3, GPU-a481f1cc-7ac4-a6c3-b8a4-eed1d39e45aa, NVIDIA H100 80GB HBM3, 0 %, 1 MiB, 74.97 W, 26, 345 MHz
2026/09/15 02:15:22.461, 4, GPU-a60182ac-1fbd-0654-4298-7dfab8d789ca, NVIDIA H100 80GB HBM3, 0 %, 1 MiB, 72.34 W, 26, 345 MHz
2026/09/15 02:15:22.469, 5, GPU-11bb96fb-3b4c-98eb-f310-70437157969c, NVIDIA H100 80GB HBM3, 0 %, 1 MiB, 69.32 W, 26, 345 MHz
2026/09/15 02:15:22.471, 6, GPU-7d80084d-f83b-1a50-3007-35e8f2af67c2, NVIDIA H100 80GB HBM3, 0 %, 1 MiB, 70.90 W, 28, 345 MHz
2026/09/15 02:15:22.473, 7, GPU-69cdf81a-1c5b-4e7c-54e2-2dd45eb25e36, NVIDIA H100 80GB HBM3, 0 %, 1 MiB, 70.30 W, 26, 345 MHz
2026/09/15 02:15:23.476, 0, GPU-3d9bae9f-f6a5-a533-682a-2990f19ffa90, NVIDIA H100 80GB HBM3, 55 %, 23726 MiB, 188.06 W, 44, 1980 MHz
2026/09/15 02:15:23.477, 1, GPU-d67482aa-44bc-1a33-2545-de34f4bb6c82, NVIDIA H100 80GB HBM3, 0 %, 1 MiB, 70.81 W, 34, 345 MHz
2026/09/15 02:15:23.479, 2, GPU-6c47d827-68bc-9d8f-448e-55624a5f2f65, NVIDIA H100 80GB HBM3, 0 %, 1 MiB, 71.48 W, 26, 345 MHz
2026/09/15 02:15:23.481, 3, GPU-a481f1cc-7ac4-a6c3-b8a4-eed1d39e45aa, NVIDIA H100 80GB HBM3, 0 %, 1 MiB, 74.96 W, 26, 345 MHz
2026/09/15 02:15:23.483, 4, GPU-a60182ac-1fbd-0654-4298-7dfab8d789ca, NVIDIA H100 80GB HBM3, 0 %, 1 MiB, 72.43 W, 26, 345 MHz
2026/09/15 02:15:23.485, 5, GPU-11bb96fb-3b4c-98eb-f310-70437157969c, NVIDIA H100 80GB HBM3, 0 %, 1 MiB, 69.33 W, 26, 345 MHz
2026/09/15 02:15:23.488, 6, GPU-7d80084d-f83b-1a50-3007-35e8f2af67c2, NVIDIA H100 80GB HBM3, 0 %, 1 MiB, 70.85 W, 27, 345 MHz
2026/09/15 02:15:23.490, 7, GPU-69cdf81a-1c5b-4e7c-54e2-2dd45eb25e36, NVIDIA H100 80GB HBM3, 0 %, 1 MiB, 70.35 W, 26, 345 MHz
2026/09/15 02:15:24.493, 0, GPU-3d9bae9f-f6a5-a533-682a-2990f19ffa90, NVIDIA H100 80GB HBM3, 55 %, 23726 MiB, 188.58 W, 41, 1980 MHz
2026/09/15 02:15:24.505, 1, GPU-d67482aa-44bc-1a33-2545-de34f4bb6c82, NVIDIA H100 80GB HBM3, 0 %, 1 MiB, 70.78 W, 34, 345 MHz
2026/09/15 02:15:24.532, 2, GPU-6c47d827-68bc-9d8f-448e-55624a5f2f65, NVIDIA H100 80GB HBM3, 0 %, 1 MiB, 71.48 W, 26, 345 MHz
2026/09/15 02:15:24.559, 3, GPU-a481f1cc-7ac4-a6c3-b8a4-eed1d39e45aa, NVIDIA H100 80GB HBM3, 0 %, 1 MiB, 74.97 W, 26, 345 MHz
2026/09/15 02:15:24.611, 4, GPU-a60182ac-1fbd-0654-4298-7dfab8d789ca, NVIDIA H100 80GB HBM3, 0 %, 1 MiB, 72.26 W, 26, 345 MHz
2026/09/15 02:15:24.644, 5, GPU-11bb96fb-3b4c-98eb-f310-70437157969c, NVIDIA H100 80GB HBM3, 0 %, 1 MiB, 69.35 W, 26, 345 MHz
2026/09/15 02:15:24.647, 6, GPU-7d80084d-f83b-1a50-3007-35e8f2af67c2, NVIDIA H100 80GB HBM3, 0 %, 1 MiB, 70.89 W, 27, 345 MHz
2026/09/15 02:15:24.672, 7, GPU-69cdf81a-1c5b-4e7c-54e2-2dd45eb25e36, NVIDIA H100 80GB HBM3, 0 %, 1 MiB, 70.32 W, 26, 345 MHz
2026/09/15 02:15:25.676, 0, GPU-3d9bae9f-f6a5-a533-682a-2990f19ffa90, NVIDIA H100 80GB HBM3, 55 %, 23726 MiB, 187.57 W, 41, 1980 MHz
2026/09/15 02:15:25.678, 1, GPU-d67482aa-44bc-1a33-2545-de34f4bb6c82, NVIDIA H100 80GB HBM3, 0 %, 1 MiB, 70.80 W, 34, 345 MHz
2026/09/15 02:15:25.680, 2, GPU-6c47d827-68bc-9d8f-448e-55624a5f2f65, NVIDIA H100 80GB HBM3, 0 %, 1 MiB, 71.49 W, 26, 345 MHz
2026/09/15 02:15:25.681, 3, GPU-a481f1cc-7ac4-a6c3-b8a4-eed1d39e45aa, NVIDIA H100 80GB HBM3, 0 %, 1 MiB, 74.95 W, 26, 345 MHz
2026/09/15 02:15:25.683, 4, GPU-a60182ac-1fbd-0654-4298-7dfab8d789ca, NVIDIA H100 80GB HBM3, 0 %, 1 MiB, 72.37 W, 26, 345 MHz
2026/09/15 02:15:25.685, 5, GPU-11bb96fb-3b4c-98eb-f310-70437157969c, NVIDIA H100 80GB HBM3, 0 %, 1 MiB, 69.31 W, 26, 345 MHz
2026/09/15 02:15:25.690, 6, GPU-7d80084d-f83b-1a50-3007-35e8f2af67c2, NVIDIA H100 80GB HBM3, 0 %, 1 MiB, 70.93 W, 27, 345 MHz
2026/09/15 02:15:25.694, 7, GPU-69cdf81a-1c5b-4e7c-54e2-2dd45eb25e36, NVIDIA H100 80GB HBM3, 0 %, 1 MiB, 70.32 W, 26, 345 MHz
2026/09/15 02:15:26.698, 0, GPU-3d9bae9f-f6a5-a533-682a-2990f19ffa90, NVIDIA H100 80GB HBM3, 51 %, 23726 MiB, 191.88 W, 42, 1980 MHz
2026/09/15 02:15:26.700, 1, GPU-d67482aa-44bc-1a33-2545-de34f4bb6c82, NVIDIA H100 80GB HBM3, 0 %, 1 MiB, 70.87 W, 34, 345 MHz
2026/09/15 02:15:26.701, 2, GPU-6c47d827-68bc-9d8f-448e-55624a5f2f65, NVIDIA H100 80GB HBM3, 0 %, 1 MiB, 71.50 W, 26, 345 MHz
2026/09/15 02:15:26.709, 3, GPU-a481f1cc-7ac4-a6c3-b8a4-eed1d39e45aa, NVIDIA H100 80GB HBM3, 0 %, 1 MiB, 74.94 W, 26, 345 MHz
2026/09/15 02:15:26.710, 4, GPU-a60182ac-1fbd-0654-4298-7dfab8d789ca, NVIDIA H100 80GB HBM3, 0 %, 1 MiB, 72.23 W, 26, 345 MHz
2026/09/15 02:15:26.712, 5, GPU-11bb96fb-3b4c-98eb-f310-70437157969c, NVIDIA H100 80GB HBM3, 0 %, 1 MiB, 69.34 W, 26, 345 MHz
2026/09/15 02:15:26.713, 6, GPU-7d80084d-f83b-1a50-3007-35e8f2af67c2, NVIDIA H100 80GB HBM3, 0 %, 1 MiB, 70.86 W, 27, 345 MHz
2026/09/15 02:15:26.715, 7, GPU-69cdf81a-1c5b-4e7c-54e2-2dd45eb25e36, NVIDIA H100 80GB HBM3, 0 %, 1 MiB, 70.35 W, 26, 345 MHz
2026/09/15 02:15:27.719, 0, GPU-3d9bae9f-f6a5-a533-682a-2990f19ffa90, NVIDIA H100 80GB HBM3, 55 %, 23726 MiB, 183.79 W, 41, 1980 MHz
2026/09/15 02:15:27.722, 1, GPU-d67482aa-44bc-1a33-2545-de34f4bb6c82, NVIDIA H100 80GB HBM3, 0 %, 1 MiB, 70.81 W, 34, 345 MHz
2026/09/15 02:15:27.724, 2, GPU-6c47d827-68bc-9d8f-448e-55624a5f2f65, NVIDIA H100 80GB HBM3, 0 %, 1 MiB, 71.49 W, 26, 345 MHz
2026/09/15 02:15:27.725, 3, GPU-a481f1cc-7ac4-a6c3-b8a4-eed1d39e45aa, NVIDIA H100 80GB HBM3, 0 %, 1 MiB, 74.97 W, 26, 345 MHz
2026/09/15 02:15:27.727, 4, GPU-a60182ac-1fbd-0654-4298-7dfab8d789ca, NVIDIA H100 80GB HBM3, 0 %, 1 MiB, 72.34 W, 26, 345 MHz
2026/09/15 02:15:27.728, 5, GPU-11bb96fb-3b4c-98eb-f310-70437157969c, NVIDIA H100 80GB HBM3, 0 %, 1 MiB, 69.33 W, 26, 345 MHz
2026/09/15 02:15:27.730, 6, GPU-7d80084d-f83b-1a50-3007-35e8f2af67c2, NVIDIA H100 80GB HBM3, 0 %, 1 MiB, 70.85 W, 27, 345 MHz
2026/09/15 02:15:27.732, 7, GPU-69cdf81a-1c5b-4e7c-54e2-2dd45eb25e36, NVIDIA H100 80GB HBM3, 0 %, 1 MiB, 70.32 W, 26, 345 MHz
2026/09/15 02:15:28.735, 0, GPU-3d9bae9f-f6a5-a533-682a-2990f19ffa90, NVIDIA H100 80GB HBM3, 55 %, 23726 MiB, 193.46 W, 41, 1980 MHz
2026/09/15 02:15:28.761, 1, GPU-d67482aa-44bc-1a33-2545-de34f4bb6c82, NVIDIA H100 80GB HBM3, 0 %, 1 MiB, 70.83 W, 34, 345 MHz
2026/09/15 02:15:28.788, 2, GPU-6c47d827-68bc-9d8f-448e-55624a5f2f65, NVIDIA H100 80GB HBM3, 0 %, 1 MiB, 71.43 W, 26, 345 MHz
2026/09/15 02:15:28.818, 3, GPU-a481f1cc-7ac4-a6c3-b8a4-eed1d39e45aa, NVIDIA H100 80GB HBM3, 0 %, 1 MiB, 74.98 W, 26, 345 MHz
2026/09/15 02:15:28.845, 4, GPU-a60182ac-1fbd-0654-4298-7dfab8d789ca, NVIDIA H100 80GB HBM3, 0 %, 1 MiB, 72.34 W, 26, 345 MHz
2026/09/15 02:15:28.879, 5, GPU-11bb96fb-3b4c-98eb-f310-70437157969c, NVIDIA H100 80GB HBM3, 0 %, 1 MiB, 69.33 W, 26, 345 MHz
2026/09/15 02:15:28.911, 6, GPU-7d80084d-f83b-1a50-3007-35e8f2af67c2, NVIDIA H100 80GB HBM3, 0 %, 1 MiB, 70.92 W, 27, 345 MHz
2026/09/15 02:15:28.915, 7, GPU-69cdf81a-1c5b-4e7c-54e2-2dd45eb25e36, NVIDIA H100 80GB HBM3, 0 %, 1 MiB, 70.31 W, 26, 345 MHz
2026/09/15 02:15:29.921, 0, GPU-3d9bae9f-f6a5-a533-682a-2990f19ffa90, NVIDIA H100 80GB HBM3, 52 %, 23726 MiB, 189.42 W, 41, 1980 MHz
2026/09/15 02:15:29.924, 1, GPU-d67482aa-44bc-1a33-2545-de34f4bb6c82, NVIDIA H100 80GB HBM3, 0 %, 1 MiB, 70.82 W, 34, 345 MHz
2026/09/15 02:15:29.926, 2, GPU-6c47d827-68bc-9d8f-448e-55624a5f2f65, NVIDIA H100 80GB HBM3, 0 %, 1 MiB, 71.48 W, 26, 345 MHz
2026/09/15 02:15:29.928, 3, GPU-a481f1cc-7ac4-a6c3-b8a4-eed1d39e45aa, NVIDIA H100 80GB HBM3, 0 %, 1 MiB, 74.92 W, 26, 345 MHz
2026/09/15 02:15:29.938, 4, GPU-a60182ac-1fbd-0654-4298-7dfab8d789ca, NVIDIA H100 80GB HBM3, 0 %, 1 MiB, 72.18 W, 26, 345 MHz
2026/09/15 02:15:29.941, 5, GPU-11bb96fb-3b4c-98eb-f310-70437157969c, NVIDIA H100 80GB HBM3, 0 %, 1 MiB, 69.35 W, 26, 345 MHz
2026/09/15 02:15:29.945, 6, GPU-7d80084d-f83b-1a50-3007-35e8f2af67c2, NVIDIA H100 80GB HBM3, 0 %, 1 MiB, 70.86 W, 27, 345 MHz
2026/09/15 02:15:29.947, 7, GPU-69cdf81a-1c5b-4e7c-54e2-2dd45eb25e36, NVIDIA H100 80GB HBM3, 0 %, 1 MiB, 70.30 W, 26, 345 MHz
2026/09/15 02:15:30.950, 0, GPU-3d9bae9f-f6a5-a533-682a-2990f19ffa90, NVIDIA H100 80GB HBM3, 55 %, 23726 MiB, 185.26 W, 43, 1980 MHz
2026/09/15 02:15:30.953, 1, GPU-d67482aa-44bc-1a33-2545-de34f4bb6c82, NVIDIA H100 80GB HBM3, 0 %, 1 MiB, 70.80 W, 34, 345 MHz
2026/09/15 02:15:30.957, 2, GPU-6c47d827-68bc-9d8f-448e-55624a5f2f65, NVIDIA H100 80GB HBM3, 0 %, 1 MiB, 71.50 W, 26, 345 MHz
2026/09/15 02:15:30.959, 3, GPU-a481f1cc-7ac4-a6c3-b8a4-eed1d39e45aa, NVIDIA H100 80GB HBM3, 0 %, 1 MiB, 74.97 W, 26, 345 MHz
2026/09/15 02:15:30.960, 4, GPU-a60182ac-1fbd-0654-4298-7dfab8d789ca, NVIDIA H100 80GB HBM3, 0 %, 1 MiB, 72.33 W, 26, 345 MHz
2026/09/15 02:15:30.967, 5, GPU-11bb96fb-3b4c-98eb-f310-70437157969c, NVIDIA H100 80GB HBM3, 0 %, 1 MiB, 69.35 W, 26, 345 MHz
2026/09/15 02:15:30.968, 6, GPU-7d80084d-f83b-1a50-3007-35e8f2af67c2, NVIDIA H100 80GB HBM3, 0 %, 1 MiB, 70.90 W, 27, 345 MHz
2026/09/15 02:15:30.970, 7, GPU-69cdf81a-1c5b-4e7c-54e2-2dd45eb25e36, NVIDIA H100 80GB HBM3, 0 %, 1 MiB, 70.29 W, 26, 345 MHz
2026/09/15 02:15:31.971, 0, GPU-3d9bae9f-f6a5-a533-682a-2990f19ffa90, NVIDIA H100 80GB HBM3, 52 %, 23726 MiB, 191.43 W, 41, 1980 MHz
2026/09/15 02:15:31.973, 1, GPU-d67482aa-44bc-1a33-2545-de34f4bb6c82, NVIDIA H100 80GB HBM3, 0 %, 1 MiB, 70.85 W, 34, 345 MHz
2026/09/15 02:15:31.975, 2, GPU-6c47d827-68bc-9d8f-448e-55624a5f2f65, NVIDIA H100 80GB HBM3, 0 %, 1 MiB, 71.44 W, 26, 345 MHz
2026/09/15 02:15:31.977, 3, GPU-a481f1cc-7ac4-a6c3-b8a4-eed1d39e45aa, NVIDIA H100 80GB HBM3, 0 %, 1 MiB, 74.98 W, 26, 345 MHz
2026/09/15 02:15:31.978, 4, GPU-a60182ac-1fbd-0654-4298-7dfab8d789ca, NVIDIA H100 80GB HBM3, 0 %, 1 MiB, 72.20 W, 26, 345 MHz
2026/09/15 02:15:31.980, 5, GPU-11bb96fb-3b4c-98eb-f310-70437157969c, NVIDIA H100 80GB HBM3, 0 %, 1 MiB, 69.35 W, 26, 345 MHz
2026/09/15 02:15:31.982, 6, GPU-7d80084d-f83b-1a50-3007-35e8f2af67c2, NVIDIA H100 80GB HBM3, 0 %, 1 MiB, 70.93 W, 27, 345 MHz
2026/09/15 02:15:31.983, 7, GPU-69cdf81a-1c5b-4e7c-54e2-2dd45eb25e36, NVIDIA H100 80GB HBM3, 0 %, 1 MiB, 70.26 W, 26, 345 MHz
2026/09/15 02:15:32.985, 0, GPU-3d9bae9f-f6a5-a533-682a-2990f19ffa90, NVIDIA H100 80GB HBM3, 55 %, 23726 MiB, 180.05 W, 41, 1980 MHz
2026/09/15 02:15:32.997, 1, GPU-d67482aa-44bc-1a33-2545-de34f4bb6c82, NVIDIA H100 80GB HBM3, 0 %, 1 MiB, 70.82 W, 34, 345 MHz
2026/09/15 02:15:33.021, 2, GPU-6c47d827-68bc-9d8f-448e-55624a5f2f65, NVIDIA H100 80GB HBM3, 0 %, 1 MiB, 71.50 W, 26, 345 MHz
2026/09/15 02:15:33.049, 3, GPU-a481f1cc-7ac4-a6c3-b8a4-eed1d39e45aa, NVIDIA H100 80GB HBM3, 0 %, 1 MiB, 74.98 W, 26, 345 MHz
2026/09/15 02:15:33.073, 4, GPU-a60182ac-1fbd-0654-4298-7dfab8d789ca, NVIDIA H100 80GB HBM3, 0 %, 1 MiB, 72.26 W, 26, 345 MHz
2026/09/15 02:15:33.101, 5, GPU-11bb96fb-3b4c-98eb-f310-70437157969c, NVIDIA H100 80GB HBM3, 0 %, 1 MiB, 69.34 W, 26, 345 MHz
2026/09/15 02:15:33.136, 6, GPU-7d80084d-f83b-1a50-3007-35e8f2af67c2, NVIDIA H100 80GB HBM3, 0 %, 1 MiB, 70.92 W, 27, 345 MHz
2026/09/15 02:15:33.171, 7, GPU-69cdf81a-1c5b-4e7c-54e2-2dd45eb25e36, NVIDIA H100 80GB HBM3, 0 %, 1 MiB, 70.33 W, 26, 345 MHz
2026/09/15 02:15:34.199, 0, GPU-3d9bae9f-f6a5-a533-682a-2990f19ffa90, NVIDIA H100 80GB HBM3, 50 %, 23726 MiB, 185.67 W, 41, 1980 MHz
2026/09/15 02:15:34.201, 1, GPU-d67482aa-44bc-1a33-2545-de34f4bb6c82, NVIDIA H100 80GB HBM3, 0 %, 1 MiB, 70.83 W, 34, 345 MHz
2026/09/15 02:15:34.202, 2, GPU-6c47d827-68bc-9d8f-448e-55624a5f2f65, NVIDIA H100 80GB HBM3, 0 %, 1 MiB, 71.56 W, 26, 345 MHz
2026/09/15 02:15:34.209, 3, GPU-a481f1cc-7ac4-a6c3-b8a4-eed1d39e45aa, NVIDIA H100 80GB HBM3, 0 %, 1 MiB, 74.95 W, 26, 345 MHz
2026/09/15 02:15:34.210, 4, GPU-a60182ac-1fbd-0654-4298-7dfab8d789ca, NVIDIA H100 80GB HBM3, 0 %, 1 MiB, 72.33 W, 26, 345 MHz
2026/09/15 02:15:34.211, 5, GPU-11bb96fb-3b4c-98eb-f310-70437157969c, NVIDIA H100 80GB HBM3, 0 %, 1 MiB, 69.33 W, 26, 345 MHz
2026/09/15 02:15:34.213, 6, GPU-7d80084d-f83b-1a50-3007-35e8f2af67c2, NVIDIA H100 80GB HBM3, 0 %, 1 MiB, 70.92 W, 27, 345 MHz
2026/09/15 02:15:34.215, 7, GPU-69cdf81a-1c5b-4e7c-54e2-2dd45eb25e36, NVIDIA H100 80GB HBM3, 0 %, 1 MiB, 70.33 W, 26, 345 MHz
2026/09/15 02:15:35.222, 0, GPU-3d9bae9f-f6a5-a533-682a-2990f19ffa90, NVIDIA H100 80GB HBM3, 55 %, 23726 MiB, 196.20 W, 42, 1980 MHz
2026/09/15 02:15:35.225, 1, GPU-d67482aa-44bc-1a33-2545-de34f4bb6c82, NVIDIA H100 80GB HBM3, 0 %, 1 MiB, 70.81 W, 34, 345 MHz
2026/09/15 02:15:35.227, 2, GPU-6c47d827-68bc-9d8f-448e-55624a5f2f65, NVIDIA H100 80GB HBM3, 0 %, 1 MiB, 71.52 W, 26, 345 MHz
2026/09/15 02:15:35.228, 3, GPU-a481f1cc-7ac4-a6c3-b8a4-eed1d39e45aa, NVIDIA H100 80GB HBM3, 0 %, 1 MiB, 74.94 W, 26, 345 MHz
2026/09/15 02:15:35.236, 4, GPU-a60182ac-1fbd-0654-4298-7dfab8d789ca, NVIDIA H100 80GB HBM3, 0 %, 1 MiB, 72.17 W, 26, 345 MHz
2026/09/15 02:15:35.240, 5, GPU-11bb96fb-3b4c-98eb-f310-70437157969c, NVIDIA H100 80GB HBM3, 0 %, 1 MiB, 69.37 W, 26, 345 MHz
2026/09/15 02:15:35.242, 6, GPU-7d80084d-f83b-1a50-3007-35e8f2af67c2, NVIDIA H100 80GB HBM3, 0 %, 1 MiB, 70.88 W, 27, 345 MHz
2026/09/15 02:15:35.244, 7, GPU-69cdf81a-1c5b-4e7c-54e2-2dd45eb25e36, NVIDIA H100 80GB HBM3, 0 %, 1 MiB, 70.29 W, 26, 345 MHz
2026/09/15 02:15:36.245, 0, GPU-3d9bae9f-f6a5-a533-682a-2990f19ffa90, NVIDIA H100 80GB HBM3, 55 %, 23726 MiB, 183.35 W, 41, 1980 MHz
2026/09/15 02:15:36.247, 1, GPU-d67482aa-44bc-1a33-2545-de34f4bb6c82, NVIDIA H100 80GB HBM3, 0 %, 1 MiB, 70.82 W, 34, 345 MHz
2026/09/15 02:15:36.257, 2, GPU-6c47d827-68bc-9d8f-448e-55624a5f2f65, NVIDIA H100 80GB HBM3, 0 %, 1 MiB, 71.50 W, 26, 345 MHz
2026/09/15 02:15:36.259, 3, GPU-a481f1cc-7ac4-a6c3-b8a4-eed1d39e45aa, NVIDIA H100 80GB HBM3, 0 %, 1 MiB, 74.98 W, 26, 345 MHz
2026/09/15 02:15:36.260, 4, GPU-a60182ac-1fbd-0654-4298-7dfab8d789ca, NVIDIA H100 80GB HBM3, 0 %, 1 MiB, 72.35 W, 26, 345 MHz
2026/09/15 02:15:36.268, 5, GPU-11bb96fb-3b4c-98eb-f310-70437157969c, NVIDIA H100 80GB HBM3, 0 %, 1 MiB, 69.33 W, 26, 345 MHz
2026/09/15 02:15:36.269, 6, GPU-7d80084d-f83b-1a50-3007-35e8f2af67c2, NVIDIA H100 80GB HBM3, 0 %, 1 MiB, 70.87 W, 27, 345 MHz
2026/09/15 02:15:36.271, 7, GPU-69cdf81a-1c5b-4e7c-54e2-2dd45eb25e36, NVIDIA H100 80GB HBM3, 0 %, 1 MiB, 70.34 W, 26, 345 MHz
2026/09/15 02:15:37.275, 0, GPU-3d9bae9f-f6a5-a533-682a-2990f19ffa90, NVIDIA H100 80GB HBM3, 55 %, 23726 MiB, 192.74 W, 41, 1980 MHz
2026/09/15 02:15:37.303, 1, GPU-d67482aa-44bc-1a33-2545-de34f4bb6c82, NVIDIA H100 80GB HBM3, 0 %, 1 MiB, 70.80 W, 34, 345 MHz
2026/09/15 02:15:37.333, 2, GPU-6c47d827-68bc-9d8f-448e-55624a5f2f65, NVIDIA H100 80GB HBM3, 0 %, 1 MiB, 71.48 W, 26, 345 MHz
2026/09/15 02:15:37.363, 3, GPU-a481f1cc-7ac4-a6c3-b8a4-eed1d39e45aa, NVIDIA H100 80GB HBM3, 0 %, 1 MiB, 74.96 W, 26, 345 MHz
2026/09/15 02:15:37.392, 4, GPU-a60182ac-1fbd-0654-4298-7dfab8d789ca, NVIDIA H100 80GB HBM3, 0 %, 1 MiB, 72.33 W, 26, 345 MHz
2026/09/15 02:15:37.445, 5, GPU-11bb96fb-3b4c-98eb-f310-70437157969c, NVIDIA H100 80GB HBM3, 0 %, 1 MiB, 69.34 W, 26, 345 MHz
2026/09/15 02:15:37.473, 6, GPU-7d80084d-f83b-1a50-3007-35e8f2af67c2, NVIDIA H100 80GB HBM3, 0 %, 1 MiB, 70.93 W, 27, 345 MHz
2026/09/15 02:15:37.478, 7, GPU-69cdf81a-1c5b-4e7c-54e2-2dd45eb25e36, NVIDIA H100 80GB HBM3, 0 %, 1 MiB, 70.31 W, 26, 345 MHz
2026/09/15 02:15:38.480, 0, GPU-3d9bae9f-f6a5-a533-682a-2990f19ffa90, NVIDIA H100 80GB HBM3, 55 %, 23726 MiB, 185.75 W, 41, 1980 MHz
2026/09/15 02:15:38.483, 1, GPU-d67482aa-44bc-1a33-2545-de34f4bb6c82, NVIDIA H100 80GB HBM3, 0 %, 1 MiB, 70.83 W, 34, 345 MHz
2026/09/15 02:15:38.486, 2, GPU-6c47d827-68bc-9d8f-448e-55624a5f2f65, NVIDIA H100 80GB HBM3, 0 %, 1 MiB, 71.51 W, 26, 345 MHz
2026/09/15 02:15:38.489, 3, GPU-a481f1cc-7ac4-a6c3-b8a4-eed1d39e45aa, NVIDIA H100 80GB HBM3, 0 %, 1 MiB, 74.92 W, 26, 345 MHz
2026/09/15 02:15:38.492, 4, GPU-a60182ac-1fbd-0654-4298-7dfab8d789ca, NVIDIA H100 80GB HBM3, 0 %, 1 MiB, 72.18 W, 26, 345 MHz
2026/09/15 02:15:38.495, 5, GPU-11bb96fb-3b4c-98eb-f310-70437157969c, NVIDIA H100 80GB HBM3, 0 %, 1 MiB, 69.37 W, 26, 345 MHz
2026/09/15 02:15:38.498, 6, GPU-7d80084d-f83b-1a50-3007-35e8f2af67c2, NVIDIA H100 80GB HBM3, 0 %, 1 MiB, 70.87 W, 27, 345 MHz
2026/09/15 02:15:38.500, 7, GPU-69cdf81a-1c5b-4e7c-54e2-2dd45eb25e36, NVIDIA H100 80GB HBM3, 0 %, 1 MiB, 70.31 W, 26, 345 MHz
2026/09/15 02:15:39.503, 0, GPU-3d9bae9f-f6a5-a533-682a-2990f19ffa90, NVIDIA H100 80GB HBM3, 51 %, 23726 MiB, 192.92 W, 42, 1980 MHz
2026/09/15 02:15:39.506, 1, GPU-d67482aa-44bc-1a33-2545-de34f4bb6c82, NVIDIA H100 80GB HBM3, 0 %, 1 MiB, 70.84 W, 34, 345 MHz
2026/09/15 02:15:39.509, 2, GPU-6c47d827-68bc-9d8f-448e-55624a5f2f65, NVIDIA H100 80GB HBM3, 0 %, 1 MiB, 71.53 W, 26, 345 MHz
2026/09/15 02:15:39.510, 3, GPU-a481f1cc-7ac4-a6c3-b8a4-eed1d39e45aa, NVIDIA H100 80GB HBM3, 0 %, 1 MiB, 74.92 W, 26, 345 MHz
2026/09/15 02:15:39.513, 4, GPU-a60182ac-1fbd-0654-4298-7dfab8d789ca, NVIDIA H100 80GB HBM3, 0 %, 1 MiB, 72.40 W, 26, 345 MHz
2026/09/15 02:15:39.515, 5, GPU-11bb96fb-3b4c-98eb-f310-70437157969c, NVIDIA H100 80GB HBM3, 0 %, 1 MiB, 69.35 W, 26, 345 MHz
2026/09/15 02:15:39.517, 6, GPU-7d80084d-f83b-1a50-3007-35e8f2af67c2, NVIDIA H100 80GB HBM3, 0 %, 1 MiB, 70.93 W, 27, 345 MHz
2026/09/15 02:15:39.519, 7, GPU-69cdf81a-1c5b-4e7c-54e2-2dd45eb25e36, NVIDIA H100 80GB HBM3, 0 %, 1 MiB, 70.29 W, 26, 345 MHz
2026/09/15 02:15:40.523, 0, GPU-3d9bae9f-f6a5-a533-682a-2990f19ffa90, NVIDIA H100 80GB HBM3, 55 %, 23726 MiB, 182.71 W, 41, 1980 MHz
2026/09/15 02:15:40.526, 1, GPU-d67482aa-44bc-1a33-2545-de34f4bb6c82, NVIDIA H100 80GB HBM3, 0 %, 1 MiB, 70.83 W, 34, 345 MHz
2026/09/15 02:15:40.528, 2, GPU-6c47d827-68bc-9d8f-448e-55624a5f2f65, NVIDIA H100 80GB HBM3, 0 %, 1 MiB, 71.49 W, 26, 345 MHz
2026/09/15 02:15:40.531, 3, GPU-a481f1cc-7ac4-a6c3-b8a4-eed1d39e45aa, NVIDIA H100 80GB HBM3, 0 %, 1 MiB, 74.99 W, 26, 345 MHz
2026/09/15 02:15:40.538, 4, GPU-a60182ac-1fbd-0654-4298-7dfab8d789ca, NVIDIA H100 80GB HBM3, 0 %, 1 MiB, 72.16 W, 26, 345 MHz
2026/09/15 02:15:40.541, 5, GPU-11bb96fb-3b4c-98eb-f310-70437157969c, NVIDIA H100 80GB HBM3, 0 %, 1 MiB, 69.33 W, 26, 345 MHz
2026/09/15 02:15:40.544, 6, GPU-7d80084d-f83b-1a50-3007-35e8f2af67c2, NVIDIA H100 80GB HBM3, 0 %, 1 MiB, 70.91 W, 27, 345 MHz
2026/09/15 02:15:40.546, 7, GPU-69cdf81a-1c5b-4e7c-54e2-2dd45eb25e36, NVIDIA H100 80GB HBM3, 0 %, 1 MiB, 70.33 W, 26, 345 MHz
2026/09/15 02:15:41.569, 0, GPU-3d9bae9f-f6a5-a533-682a-2990f19ffa90, NVIDIA H100 80GB HBM3, 55 %, 23726 MiB, 191.99 W, 41, 1980 MHz
2026/09/15 02:15:41.587, 1, GPU-d67482aa-44bc-1a33-2545-de34f4bb6c82, NVIDIA H100 80GB HBM3, 0 %, 1 MiB, 70.87 W, 34, 345 MHz
2026/09/15 02:15:41.590, 2, GPU-6c47d827-68bc-9d8f-448e-55624a5f2f65, NVIDIA H100 80GB HBM3, 0 %, 1 MiB, 71.47 W, 26, 345 MHz
2026/09/15 02:15:41.615, 3, GPU-a481f1cc-7ac4-a6c3-b8a4-eed1d39e45aa, NVIDIA H100 80GB HBM3, 0 %, 1 MiB, 74.97 W, 26, 345 MHz
2026/09/15 02:15:41.647, 4, GPU-a60182ac-1fbd-0654-4298-7dfab8d789ca, NVIDIA H100 80GB HBM3, 0 %, 1 MiB, 72.32 W, 26, 345 MHz
2026/09/15 02:15:41.703, 5, GPU-11bb96fb-3b4c-98eb-f310-70437157969c, NVIDIA H100 80GB HBM3, 0 %, 1 MiB, 69.34 W, 26, 345 MHz
2026/09/15 02:15:41.735, 6, GPU-7d80084d-f83b-1a50-3007-35e8f2af67c2, NVIDIA H100 80GB HBM3, 0 %, 1 MiB, 70.92 W, 27, 345 MHz
2026/09/15 02:15:41.796, 7, GPU-69cdf81a-1c5b-4e7c-54e2-2dd45eb25e36, NVIDIA H100 80GB HBM3, 0 %, 1 MiB, 70.28 W, 26, 345 MHz
2026/09/15 02:15:42.799, 0, GPU-3d9bae9f-f6a5-a533-682a-2990f19ffa90, NVIDIA H100 80GB HBM3, 50 %, 23726 MiB, 187.49 W, 41, 1980 MHz
2026/09/15 02:15:42.801, 1, GPU-d67482aa-44bc-1a33-2545-de34f4bb6c82, NVIDIA H100 80GB HBM3, 0 %, 1 MiB, 70.85 W, 34, 345 MHz
2026/09/15 02:15:42.826, 2, GPU-6c47d827-68bc-9d8f-448e-55624a5f2f65, NVIDIA H100 80GB HBM3, 0 %, 1 MiB, 71.47 W, 26, 345 MHz
2026/09/15 02:15:42.840, 3, GPU-a481f1cc-7ac4-a6c3-b8a4-eed1d39e45aa, NVIDIA H100 80GB HBM3, 0 %, 1 MiB, 74.93 W, 26, 345 MHz
2026/09/15 02:15:42.845, 4, GPU-a60182ac-1fbd-0654-4298-7dfab8d789ca, NVIDIA H100 80GB HBM3, 0 %, 1 MiB, 72.38 W, 26, 345 MHz
2026/09/15 02:15:42.849, 5, GPU-11bb96fb-3b4c-98eb-f310-70437157969c, NVIDIA H100 80GB HBM3, 0 %, 1 MiB, 69.38 W, 26, 345 MHz
2026/09/15 02:15:42.852, 6, GPU-7d80084d-f83b-1a50-3007-35e8f2af67c2, NVIDIA H100 80GB HBM3, 0 %, 1 MiB, 70.92 W, 27, 345 MHz
2026/09/15 02:15:42.855, 7, GPU-69cdf81a-1c5b-4e7c-54e2-2dd45eb25e36, NVIDIA H100 80GB HBM3, 0 %, 1 MiB, 70.33 W, 26, 345 MHz
2026/09/15 02:15:43.865, 0, GPU-3d9bae9f-f6a5-a533-682a-2990f19ffa90, NVIDIA H100 80GB HBM3, 55 %, 23726 MiB, 186.08 W, 41, 1980 MHz
2026/09/15 02:15:43.871, 1, GPU-d67482aa-44bc-1a33-2545-de34f4bb6c82, NVIDIA H100 80GB HBM3, 0 %, 1 MiB, 70.92 W, 34, 345 MHz
2026/09/15 02:15:43.874, 2, GPU-6c47d827-68bc-9d8f-448e-55624a5f2f65, NVIDIA H100 80GB HBM3, 0 %, 1 MiB, 71.44 W, 26, 345 MHz
2026/09/15 02:15:43.877, 3, GPU-a481f1cc-7ac4-a6c3-b8a4-eed1d39e45aa, NVIDIA H100 80GB HBM3, 0 %, 1 MiB, 74.95 W, 26, 345 MHz
2026/09/15 02:15:43.880, 4, GPU-a60182ac-1fbd-0654-4298-7dfab8d789ca, NVIDIA H100 80GB HBM3, 0 %, 1 MiB, 72.16 W, 26, 345 MHz
2026/09/15 02:15:43.883, 5, GPU-11bb96fb-3b4c-98eb-f310-70437157969c, NVIDIA H100 80GB HBM3, 0 %, 1 MiB, 69.32 W, 26, 345 MHz
2026/09/15 02:15:43.888, 6, GPU-7d80084d-f83b-1a50-3007-35e8f2af67c2, NVIDIA H100 80GB HBM3, 0 %, 1 MiB, 70.90 W, 27, 345 MHz
2026/09/15 02:15:43.890, 7, GPU-69cdf81a-1c5b-4e7c-54e2-2dd45eb25e36, NVIDIA H100 80GB HBM3, 0 %, 1 MiB, 70.26 W, 26, 345 MHz
2026/09/15 02:15:44.893, 0, GPU-3d9bae9f-f6a5-a533-682a-2990f19ffa90, NVIDIA H100 80GB HBM3, 55 %, 23726 MiB, 191.98 W, 44, 1980 MHz
2026/09/15 02:15:44.897, 1, GPU-d67482aa-44bc-1a33-2545-de34f4bb6c82, NVIDIA H100 80GB HBM3, 0 %, 1 MiB, 70.84 W, 34, 345 MHz
2026/09/15 02:15:44.909, 2, GPU-6c47d827-68bc-9d8f-448e-55624a5f2f65, NVIDIA H100 80GB HBM3, 0 %, 1 MiB, 71.48 W, 26, 345 MHz
2026/09/15 02:15:44.920, 3, GPU-a481f1cc-7ac4-a6c3-b8a4-eed1d39e45aa, NVIDIA H100 80GB HBM3, 0 %, 1 MiB, 74.96 W, 26, 345 MHz
2026/09/15 02:15:44.922, 4, GPU-a60182ac-1fbd-0654-4298-7dfab8d789ca, NVIDIA H100 80GB HBM3, 0 %, 1 MiB, 72.36 W, 26, 345 MHz
2026/09/15 02:15:44.924, 5, GPU-11bb96fb-3b4c-98eb-f310-70437157969c, NVIDIA H100 80GB HBM3, 0 %, 1 MiB, 69.32 W, 26, 345 MHz
2026/09/15 02:15:44.927, 6, GPU-7d80084d-f83b-1a50-3007-35e8f2af67c2, NVIDIA H100 80GB HBM3, 0 %, 1 MiB, 70.86 W, 27, 345 MHz
2026/09/15 02:15:44.929, 7, GPU-69cdf81a-1c5b-4e7c-54e2-2dd45eb25e36, NVIDIA H100 80GB HBM3, 0 %, 1 MiB, 70.35 W, 26, 345 MHz
2026/09/15 02:15:45.931, 0, GPU-3d9bae9f-f6a5-a533-682a-2990f19ffa90, NVIDIA H100 80GB HBM3, 55 %, 23726 MiB, 185.15 W, 41, 1980 MHz
2026/09/15 02:15:45.963, 1, GPU-d67482aa-44bc-1a33-2545-de34f4bb6c82, NVIDIA H100 80GB HBM3, 0 %, 1 MiB, 70.87 W, 34, 345 MHz
2026/09/15 02:15:45.990, 2, GPU-6c47d827-68bc-9d8f-448e-55624a5f2f65, NVIDIA H100 80GB HBM3, 0 %, 1 MiB, 71.43 W, 26, 345 MHz
2026/09/15 02:15:45.993, 3, GPU-a481f1cc-7ac4-a6c3-b8a4-eed1d39e45aa, NVIDIA H100 80GB HBM3, 0 %, 1 MiB, 74.96 W, 26, 345 MHz
2026/09/15 02:15:46.021, 4, GPU-a60182ac-1fbd-0654-4298-7dfab8d789ca, NVIDIA H100 80GB HBM3, 0 %, 1 MiB, 72.25 W, 26, 345 MHz
2026/09/15 02:15:46.049, 5, GPU-11bb96fb-3b4c-98eb-f310-70437157969c, NVIDIA H100 80GB HBM3, 0 %, 1 MiB, 69.29 W, 26, 345 MHz
2026/09/15 02:15:46.085, 6, GPU-7d80084d-f83b-1a50-3007-35e8f2af67c2, NVIDIA H100 80GB HBM3, 0 %, 1 MiB, 70.89 W, 27, 345 MHz
2026/09/15 02:15:46.116, 7, GPU-69cdf81a-1c5b-4e7c-54e2-2dd45eb25e36, NVIDIA H100 80GB HBM3, 0 %, 1 MiB, 70.30 W, 26, 345 MHz
2026/09/15 02:15:47.122, 0, GPU-3d9bae9f-f6a5-a533-682a-2990f19ffa90, NVIDIA H100 80GB HBM3, 55 %, 23726 MiB, 184.37 W, 42, 1980 MHz
2026/09/15 02:15:47.125, 1, GPU-d67482aa-44bc-1a33-2545-de34f4bb6c82, NVIDIA H100 80GB HBM3, 0 %, 1 MiB, 70.86 W, 34, 345 MHz
2026/09/15 02:15:47.130, 2, GPU-6c47d827-68bc-9d8f-448e-55624a5f2f65, NVIDIA H100 80GB HBM3, 0 %, 1 MiB, 71.48 W, 26, 345 MHz
2026/09/15 02:15:47.133, 3, GPU-a481f1cc-7ac4-a6c3-b8a4-eed1d39e45aa, NVIDIA H100 80GB HBM3, 0 %, 1 MiB, 74.97 W, 26, 345 MHz
2026/09/15 02:15:47.139, 4, GPU-a60182ac-1fbd-0654-4298-7dfab8d789ca, NVIDIA H100 80GB HBM3, 0 %, 1 MiB, 72.14 W, 26, 345 MHz
2026/09/15 02:15:47.142, 5, GPU-11bb96fb-3b4c-98eb-f310-70437157969c, NVIDIA H100 80GB HBM3, 0 %, 1 MiB, 69.32 W, 26, 345 MHz
2026/09/15 02:15:47.147, 6, GPU-7d80084d-f83b-1a50-3007-35e8f2af67c2, NVIDIA H100 80GB HBM3, 0 %, 1 MiB, 70.84 W, 27, 345 MHz
2026/09/15 02:15:47.151, 7, GPU-69cdf81a-1c5b-4e7c-54e2-2dd45eb25e36, NVIDIA H100 80GB HBM3, 0 %, 1 MiB, 70.31 W, 26, 345 MHz
2026/09/15 02:15:48.156, 0, GPU-3d9bae9f-f6a5-a533-682a-2990f19ffa90, NVIDIA H100 80GB HBM3, 51 %, 23726 MiB, 190.62 W, 41, 1980 MHz
2026/09/15 02:15:48.158, 1, GPU-d67482aa-44bc-1a33-2545-de34f4bb6c82, NVIDIA H100 80GB HBM3, 0 %, 1 MiB, 70.84 W, 34, 345 MHz
2026/09/15 02:15:48.159, 2, GPU-6c47d827-68bc-9d8f-448e-55624a5f2f65, NVIDIA H100 80GB HBM3, 0 %, 1 MiB, 71.48 W, 26, 345 MHz
2026/09/15 02:15:48.161, 3, GPU-a481f1cc-7ac4-a6c3-b8a4-eed1d39e45aa, NVIDIA H100 80GB HBM3, 0 %, 1 MiB, 74.89 W, 26, 345 MHz
2026/09/15 02:15:48.164, 4, GPU-a60182ac-1fbd-0654-4298-7dfab8d789ca, NVIDIA H100 80GB HBM3, 0 %, 1 MiB, 72.33 W, 26, 345 MHz
2026/09/15 02:15:48.169, 5, GPU-11bb96fb-3b4c-98eb-f310-70437157969c, NVIDIA H100 80GB HBM3, 0 %, 1 MiB, 69.38 W, 26, 345 MHz
2026/09/15 02:15:48.171, 6, GPU-7d80084d-f83b-1a50-3007-35e8f2af67c2, NVIDIA H100 80GB HBM3, 0 %, 1 MiB, 70.88 W, 27, 345 MHz
2026/09/15 02:15:48.173, 7, GPU-69cdf81a-1c5b-4e7c-54e2-2dd45eb25e36, NVIDIA H100 80GB HBM3, 0 %, 1 MiB, 70.28 W, 26, 345 MHz
2026/09/15 02:15:49.177, 0, GPU-3d9bae9f-f6a5-a533-682a-2990f19ffa90, NVIDIA H100 80GB HBM3, 55 %, 23726 MiB, 184.28 W, 43, 1980 MHz
2026/09/15 02:15:49.180, 1, GPU-d67482aa-44bc-1a33-2545-de34f4bb6c82, NVIDIA H100 80GB HBM3, 0 %, 1 MiB, 70.89 W, 34, 345 MHz
2026/09/15 02:15:49.182, 2, GPU-6c47d827-68bc-9d8f-448e-55624a5f2f65, NVIDIA H100 80GB HBM3, 0 %, 1 MiB, 71.49 W, 26, 345 MHz
2026/09/15 02:15:49.184, 3, GPU-a481f1cc-7ac4-a6c3-b8a4-eed1d39e45aa, NVIDIA H100 80GB HBM3, 0 %, 1 MiB, 74.92 W, 26, 345 MHz
2026/09/15 02:15:49.187, 4, GPU-a60182ac-1fbd-0654-4298-7dfab8d789ca, NVIDIA H100 80GB HBM3, 0 %, 1 MiB, 72.11 W, 26, 345 MHz
2026/09/15 02:15:49.191, 5, GPU-11bb96fb-3b4c-98eb-f310-70437157969c, NVIDIA H100 80GB HBM3, 0 %, 1 MiB, 69.32 W, 26, 345 MHz
2026/09/15 02:15:49.195, 6, GPU-7d80084d-f83b-1a50-3007-35e8f2af67c2, NVIDIA H100 80GB HBM3, 0 %, 1 MiB, 70.89 W, 27, 345 MHz
2026/09/15 02:15:49.209, 7, GPU-69cdf81a-1c5b-4e7c-54e2-2dd45eb25e36, NVIDIA H100 80GB HBM3, 0 %, 1 MiB, 70.29 W, 26, 345 MHz
2026/09/15 02:15:50.223, 0, GPU-3d9bae9f-f6a5-a533-682a-2990f19ffa90, NVIDIA H100 80GB HBM3, 55 %, 23726 MiB, 184.33 W, 41, 1980 MHz
2026/09/15 02:15:50.246, 1, GPU-d67482aa-44bc-1a33-2545-de34f4bb6c82, NVIDIA H100 80GB HBM3, 0 %, 1 MiB, 70.84 W, 34, 345 MHz
2026/09/15 02:15:50.259, 2, GPU-6c47d827-68bc-9d8f-448e-55624a5f2f65, NVIDIA H100 80GB HBM3, 0 %, 1 MiB, 71.48 W, 26, 345 MHz
2026/09/15 02:15:50.288, 3, GPU-a481f1cc-7ac4-a6c3-b8a4-eed1d39e45aa, NVIDIA H100 80GB HBM3, 0 %, 1 MiB, 74.99 W, 26, 345 MHz
2026/09/15 02:15:50.316, 4, GPU-a60182ac-1fbd-0654-4298-7dfab8d789ca, NVIDIA H100 80GB HBM3, 0 %, 1 MiB, 72.22 W, 26, 345 MHz
2026/09/15 02:15:50.370, 5, GPU-11bb96fb-3b4c-98eb-f310-70437157969c, NVIDIA H100 80GB HBM3, 0 %, 1 MiB, 69.30 W, 26, 345 MHz
2026/09/15 02:15:50.407, 6, GPU-7d80084d-f83b-1a50-3007-35e8f2af67c2, NVIDIA H100 80GB HBM3, 0 %, 1 MiB, 70.86 W, 27, 345 MHz
2026/09/15 02:15:50.418, 7, GPU-69cdf81a-1c5b-4e7c-54e2-2dd45eb25e36, NVIDIA H100 80GB HBM3, 0 %, 1 MiB, 70.31 W, 26, 345 MHz
2026/09/15 02:15:51.422, 0, GPU-3d9bae9f-f6a5-a533-682a-2990f19ffa90, NVIDIA H100 80GB HBM3, 51 %, 23726 MiB, 183.13 W, 42, 1980 MHz
2026/09/15 02:15:51.427, 1, GPU-d67482aa-44bc-1a33-2545-de34f4bb6c82, NVIDIA H100 80GB HBM3, 0 %, 1 MiB, 70.83 W, 34, 345 MHz
2026/09/15 02:15:51.430, 2, GPU-6c47d827-68bc-9d8f-448e-55624a5f2f65, NVIDIA H100 80GB HBM3, 0 %, 1 MiB, 71.48 W, 26, 345 MHz
2026/09/15 02:15:51.432, 3, GPU-a481f1cc-7ac4-a6c3-b8a4-eed1d39e45aa, NVIDIA H100 80GB HBM3, 0 %, 1 MiB, 74.93 W, 26, 345 MHz
2026/09/15 02:15:51.438, 4, GPU-a60182ac-1fbd-0654-4298-7dfab8d789ca, NVIDIA H100 80GB HBM3, 0 %, 1 MiB, 72.36 W, 26, 345 MHz
2026/09/15 02:15:51.441, 5, GPU-11bb96fb-3b4c-98eb-f310-70437157969c, NVIDIA H100 80GB HBM3, 0 %, 1 MiB, 69.35 W, 26, 345 MHz
2026/09/15 02:15:51.444, 6, GPU-7d80084d-f83b-1a50-3007-35e8f2af67c2, NVIDIA H100 80GB HBM3, 0 %, 1 MiB, 70.92 W, 27, 345 MHz
2026/09/15 02:15:51.447, 7, GPU-69cdf81a-1c5b-4e7c-54e2-2dd45eb25e36, NVIDIA H100 80GB HBM3, 0 %, 1 MiB, 70.33 W, 26, 345 MHz
2026/09/15 02:15:52.449, 0, GPU-3d9bae9f-f6a5-a533-682a-2990f19ffa90, NVIDIA H100 80GB HBM3, 55 %, 23726 MiB, 190.48 W, 41, 1980 MHz
2026/09/15 02:15:52.453, 1, GPU-d67482aa-44bc-1a33-2545-de34f4bb6c82, NVIDIA H100 80GB HBM3, 0 %, 1 MiB, 70.84 W, 34, 345 MHz
2026/09/15 02:15:52.458, 2, GPU-6c47d827-68bc-9d8f-448e-55624a5f2f65, NVIDIA H100 80GB HBM3, 0 %, 1 MiB, 71.52 W, 26, 345 MHz
2026/09/15 02:15:52.461, 3, GPU-a481f1cc-7ac4-a6c3-b8a4-eed1d39e45aa, NVIDIA H100 80GB HBM3, 0 %, 1 MiB, 74.96 W, 26, 345 MHz
2026/09/15 02:15:52.465, 4, GPU-a60182ac-1fbd-0654-4298-7dfab8d789ca, NVIDIA H100 80GB HBM3, 0 %, 1 MiB, 72.17 W, 26, 345 MHz
2026/09/15 02:15:52.469, 5, GPU-11bb96fb-3b4c-98eb-f310-70437157969c, NVIDIA H100 80GB HBM3, 0 %, 1 MiB, 69.32 W, 26, 345 MHz
2026/09/15 02:15:52.471, 6, GPU-7d80084d-f83b-1a50-3007-35e8f2af67c2, NVIDIA H100 80GB HBM3, 0 %, 1 MiB, 70.88 W, 27, 345 MHz
2026/09/15 02:15:52.473, 7, GPU-69cdf81a-1c5b-4e7c-54e2-2dd45eb25e36, NVIDIA H100 80GB HBM3, 0 %, 1 MiB, 70.29 W, 26, 345 MHz
2026/09/15 02:15:53.476, 0, GPU-3d9bae9f-f6a5-a533-682a-2990f19ffa90, NVIDIA H100 80GB HBM3, 56 %, 23726 MiB, 190.01 W, 43, 1980 MHz
2026/09/15 02:15:53.479, 1, GPU-d67482aa-44bc-1a33-2545-de34f4bb6c82, NVIDIA H100 80GB HBM3, 0 %, 1 MiB, 70.82 W, 34, 345 MHz
2026/09/15 02:15:53.481, 2, GPU-6c47d827-68bc-9d8f-448e-55624a5f2f65, NVIDIA H100 80GB HBM3, 0 %, 1 MiB, 71.50 W, 26, 345 MHz
2026/09/15 02:15:53.483, 3, GPU-a481f1cc-7ac4-a6c3-b8a4-eed1d39e45aa, NVIDIA H100 80GB HBM3, 0 %, 1 MiB, 74.94 W, 26, 345 MHz
2026/09/15 02:15:53.486, 4, GPU-a60182ac-1fbd-0654-4298-7dfab8d789ca, NVIDIA H100 80GB HBM3, 0 %, 1 MiB, 72.37 W, 26, 345 MHz
2026/09/15 02:15:53.488, 5, GPU-11bb96fb-3b4c-98eb-f310-70437157969c, NVIDIA H100 80GB HBM3, 0 %, 1 MiB, 69.31 W, 26, 345 MHz
2026/09/15 02:15:53.490, 6, GPU-7d80084d-f83b-1a50-3007-35e8f2af67c2, NVIDIA H100 80GB HBM3, 0 %, 1 MiB, 70.85 W, 27, 345 MHz
2026/09/15 02:15:53.494, 7, GPU-69cdf81a-1c5b-4e7c-54e2-2dd45eb25e36, NVIDIA H100 80GB HBM3, 0 %, 1 MiB, 70.31 W, 26, 345 MHz
2026/09/15 02:15:54.497, 0, GPU-3d9bae9f-f6a5-a533-682a-2990f19ffa90, NVIDIA H100 80GB HBM3, 55 %, 23726 MiB, 189.38 W, 41, 1980 MHz
2026/09/15 02:15:54.499, 1, GPU-d67482aa-44bc-1a33-2545-de34f4bb6c82, NVIDIA H100 80GB HBM3, 0 %, 1 MiB, 70.82 W, 34, 345 MHz
2026/09/15 02:15:54.503, 2, GPU-6c47d827-68bc-9d8f-448e-55624a5f2f65, NVIDIA H100 80GB HBM3, 0 %, 1 MiB, 71.49 W, 26, 345 MHz
2026/09/15 02:15:54.510, 3, GPU-a481f1cc-7ac4-a6c3-b8a4-eed1d39e45aa, NVIDIA H100 80GB HBM3, 0 %, 1 MiB, 74.97 W, 26, 345 MHz
2026/09/15 02:15:54.546, 4, GPU-a60182ac-1fbd-0654-4298-7dfab8d789ca, NVIDIA H100 80GB HBM3, 0 %, 1 MiB, 72.21 W, 26, 345 MHz
2026/09/15 02:15:54.583, 5, GPU-11bb96fb-3b4c-98eb-f310-70437157969c, NVIDIA H100 80GB HBM3, 0 %, 1 MiB, 69.32 W, 26, 345 MHz
2026/09/15 02:15:54.610, 6, GPU-7d80084d-f83b-1a50-3007-35e8f2af67c2, NVIDIA H100 80GB HBM3, 0 %, 1 MiB, 70.85 W, 27, 345 MHz
2026/09/15 02:15:54.637, 7, GPU-69cdf81a-1c5b-4e7c-54e2-2dd45eb25e36, NVIDIA H100 80GB HBM3, 0 %, 1 MiB, 70.30 W, 26, 345 MHz
2026/09/15 02:15:55.664, 0, GPU-3d9bae9f-f6a5-a533-682a-2990f19ffa90, NVIDIA H100 80GB HBM3, 55 %, 23726 MiB, 173.40 W, 41, 1980 MHz
2026/09/15 02:15:55.666, 1, GPU-d67482aa-44bc-1a33-2545-de34f4bb6c82, NVIDIA H100 80GB HBM3, 0 %, 1 MiB, 70.86 W, 34, 345 MHz
2026/09/15 02:15:55.668, 2, GPU-6c47d827-68bc-9d8f-448e-55624a5f2f65, NVIDIA H100 80GB HBM3, 0 %, 1 MiB, 71.49 W, 26, 345 MHz
2026/09/15 02:15:55.669, 3, GPU-a481f1cc-7ac4-a6c3-b8a4-eed1d39e45aa, NVIDIA H100 80GB HBM3, 0 %, 1 MiB, 75.00 W, 26, 345 MHz
2026/09/15 02:15:55.671, 4, GPU-a60182ac-1fbd-0654-4298-7dfab8d789ca, NVIDIA H100 80GB HBM3, 0 %, 1 MiB, 72.39 W, 26, 345 MHz
2026/09/15 02:15:55.672, 5, GPU-11bb96fb-3b4c-98eb-f310-70437157969c, NVIDIA H100 80GB HBM3, 0 %, 1 MiB, 69.40 W, 26, 345 MHz
2026/09/15 02:15:55.675, 6, GPU-7d80084d-f83b-1a50-3007-35e8f2af67c2, NVIDIA H100 80GB HBM3, 0 %, 1 MiB, 70.87 W, 27, 345 MHz
2026/09/15 02:15:55.676, 7, GPU-69cdf81a-1c5b-4e7c-54e2-2dd45eb25e36, NVIDIA H100 80GB HBM3, 0 %, 1 MiB, 70.28 W, 26, 345 MHz
2026/09/15 02:15:56.678, 0, GPU-3d9bae9f-f6a5-a533-682a-2990f19ffa90, NVIDIA H100 80GB HBM3, 55 %, 23726 MiB, 182.05 W, 41, 1980 MHz
2026/09/15 02:15:56.680, 1, GPU-d67482aa-44bc-1a33-2545-de34f4bb6c82, NVIDIA H100 80GB HBM3, 0 %, 1 MiB, 70.89 W, 34, 345 MHz
2026/09/15 02:15:56.681, 2, GPU-6c47d827-68bc-9d8f-448e-55624a5f2f65, NVIDIA H100 80GB HBM3, 0 %, 1 MiB, 71.52 W, 26, 345 MHz
2026/09/15 02:15:56.683, 3, GPU-a481f1cc-7ac4-a6c3-b8a4-eed1d39e45aa, NVIDIA H100 80GB HBM3, 0 %, 1 MiB, 74.90 W, 26, 345 MHz
2026/09/15 02:15:56.685, 4, GPU-a60182ac-1fbd-0654-4298-7dfab8d789ca, NVIDIA H100 80GB HBM3, 0 %, 1 MiB, 72.28 W, 26, 345 MHz
2026/09/15 02:15:56.686, 5, GPU-11bb96fb-3b4c-98eb-f310-70437157969c, NVIDIA H100 80GB HBM3, 0 %, 1 MiB, 69.35 W, 26, 345 MHz
2026/09/15 02:15:56.687, 6, GPU-7d80084d-f83b-1a50-3007-35e8f2af67c2, NVIDIA H100 80GB HBM3, 0 %, 1 MiB, 70.92 W, 27, 345 MHz
2026/09/15 02:15:56.689, 7, GPU-69cdf81a-1c5b-4e7c-54e2-2dd45eb25e36, NVIDIA H100 80GB HBM3, 0 %, 1 MiB, 70.32 W, 26, 345 MHz
2026/09/15 02:15:57.690, 0, GPU-3d9bae9f-f6a5-a533-682a-2990f19ffa90, NVIDIA H100 80GB HBM3, 51 %, 23726 MiB, 193.21 W, 42, 1980 MHz
2026/09/15 02:15:57.693, 1, GPU-d67482aa-44bc-1a33-2545-de34f4bb6c82, NVIDIA H100 80GB HBM3, 0 %, 1 MiB, 70.86 W, 34, 345 MHz
2026/09/15 02:15:57.694, 2, GPU-6c47d827-68bc-9d8f-448e-55624a5f2f65, NVIDIA H100 80GB HBM3, 0 %, 1 MiB, 71.47 W, 26, 345 MHz
2026/09/15 02:15:57.696, 3, GPU-a481f1cc-7ac4-a6c3-b8a4-eed1d39e45aa, NVIDIA H100 80GB HBM3, 0 %, 1 MiB, 74.96 W, 26, 345 MHz
2026/09/15 02:15:57.697, 4, GPU-a60182ac-1fbd-0654-4298-7dfab8d789ca, NVIDIA H100 80GB HBM3, 0 %, 1 MiB, 72.23 W, 26, 345 MHz
2026/09/15 02:15:57.699, 5, GPU-11bb96fb-3b4c-98eb-f310-70437157969c, NVIDIA H100 80GB HBM3, 0 %, 1 MiB, 69.34 W, 26, 345 MHz
2026/09/15 02:15:57.707, 6, GPU-7d80084d-f83b-1a50-3007-35e8f2af67c2, NVIDIA H100 80GB HBM3, 0 %, 1 MiB, 70.92 W, 27, 345 MHz
2026/09/15 02:15:57.708, 7, GPU-69cdf81a-1c5b-4e7c-54e2-2dd45eb25e36, NVIDIA H100 80GB HBM3, 0 %, 1 MiB, 70.29 W, 26, 345 MHz
2026/09/15 02:15:58.718, 0, GPU-3d9bae9f-f6a5-a533-682a-2990f19ffa90, NVIDIA H100 80GB HBM3, 54 %, 23726 MiB, 184.28 W, 41, 1980 MHz
2026/09/15 02:15:58.724, 1, GPU-d67482aa-44bc-1a33-2545-de34f4bb6c82, NVIDIA H100 80GB HBM3, 0 %, 1 MiB, 70.88 W, 34, 345 MHz
2026/09/15 02:15:58.732, 2, GPU-6c47d827-68bc-9d8f-448e-55624a5f2f65, NVIDIA H100 80GB HBM3, 0 %, 1 MiB, 71.56 W, 26, 345 MHz
2026/09/15 02:15:58.747, 3, GPU-a481f1cc-7ac4-a6c3-b8a4-eed1d39e45aa, NVIDIA H100 80GB HBM3, 0 %, 1 MiB, 74.94 W, 26, 345 MHz
2026/09/15 02:15:58.760, 4, GPU-a60182ac-1fbd-0654-4298-7dfab8d789ca, NVIDIA H100 80GB HBM3, 0 %, 1 MiB, 72.34 W, 26, 345 MHz
2026/09/15 02:15:58.768, 5, GPU-11bb96fb-3b4c-98eb-f310-70437157969c, NVIDIA H100 80GB HBM3, 0 %, 1 MiB, 69.31 W, 26, 345 MHz
2026/09/15 02:15:58.769, 6, GPU-7d80084d-f83b-1a50-3007-35e8f2af67c2, NVIDIA H100 80GB HBM3, 0 %, 1 MiB, 70.89 W, 27, 345 MHz
2026/09/15 02:15:58.771, 7, GPU-69cdf81a-1c5b-4e7c-54e2-2dd45eb25e36, NVIDIA H100 80GB HBM3, 0 %, 1 MiB, 70.28 W, 26, 345 MHz
2026/09/15 02:15:59.773, 0, GPU-3d9bae9f-f6a5-a533-682a-2990f19ffa90, NVIDIA H100 80GB HBM3, 55 %, 23726 MiB, 190.92 W, 41, 1980 MHz
2026/09/15 02:15:59.776, 1, GPU-d67482aa-44bc-1a33-2545-de34f4bb6c82, NVIDIA H100 80GB HBM3, 0 %, 1 MiB, 70.84 W, 34, 345 MHz
2026/09/15 02:15:59.778, 2, GPU-6c47d827-68bc-9d8f-448e-55624a5f2f65, NVIDIA H100 80GB HBM3, 0 %, 1 MiB, 71.51 W, 26, 345 MHz
2026/09/15 02:15:59.780, 3, GPU-a481f1cc-7ac4-a6c3-b8a4-eed1d39e45aa, NVIDIA H100 80GB HBM3, 0 %, 1 MiB, 74.93 W, 26, 345 MHz
2026/09/15 02:15:59.781, 4, GPU-a60182ac-1fbd-0654-4298-7dfab8d789ca, NVIDIA H100 80GB HBM3, 0 %, 1 MiB, 72.15 W, 26, 345 MHz
2026/09/15 02:15:59.783, 5, GPU-11bb96fb-3b4c-98eb-f310-70437157969c, NVIDIA H100 80GB HBM3, 0 %, 1 MiB, 69.33 W, 26, 345 MHz
2026/09/15 02:15:59.784, 6, GPU-7d80084d-f83b-1a50-3007-35e8f2af67c2, NVIDIA H100 80GB HBM3, 0 %, 1 MiB, 70.88 W, 27, 345 MHz
2026/09/15 02:15:59.786, 7, GPU-69cdf81a-1c5b-4e7c-54e2-2dd45eb25e36, NVIDIA H100 80GB HBM3, 0 %, 1 MiB, 70.30 W, 26, 345 MHz
2026/09/15 02:16:00.787, 0, GPU-3d9bae9f-f6a5-a533-682a-2990f19ffa90, NVIDIA H100 80GB HBM3, 54 %, 23726 MiB, 182.38 W, 41, 1980 MHz
2026/09/15 02:16:00.790, 1, GPU-d67482aa-44bc-1a33-2545-de34f4bb6c82, NVIDIA H100 80GB HBM3, 0 %, 1 MiB, 70.89 W, 34, 345 MHz
2026/09/15 02:16:00.791, 2, GPU-6c47d827-68bc-9d8f-448e-55624a5f2f65, NVIDIA H100 80GB HBM3, 0 %, 1 MiB, 71.51 W, 26, 345 MHz
2026/09/15 02:16:00.793, 3, GPU-a481f1cc-7ac4-a6c3-b8a4-eed1d39e45aa, NVIDIA H100 80GB HBM3, 0 %, 1 MiB, 74.94 W, 26, 345 MHz
2026/09/15 02:16:00.794, 4, GPU-a60182ac-1fbd-0654-4298-7dfab8d789ca, NVIDIA H100 80GB HBM3, 0 %, 1 MiB, 72.39 W, 26, 345 MHz
2026/09/15 02:16:00.796, 5, GPU-11bb96fb-3b4c-98eb-f310-70437157969c, NVIDIA H100 80GB HBM3, 0 %, 1 MiB, 69.30 W, 26, 345 MHz
2026/09/15 02:16:00.797, 6, GPU-7d80084d-f83b-1a50-3007-35e8f2af67c2, NVIDIA H100 80GB HBM3, 0 %, 1 MiB, 70.92 W, 27, 345 MHz
2026/09/15 02:16:00.799, 7, GPU-69cdf81a-1c5b-4e7c-54e2-2dd45eb25e36, NVIDIA H100 80GB HBM3, 0 %, 1 MiB, 70.30 W, 26, 345 MHz
2026/09/15 02:16:01.800, 0, GPU-3d9bae9f-f6a5-a533-682a-2990f19ffa90, NVIDIA H100 80GB HBM3, 55 %, 23726 MiB, 192.41 W, 41, 1980 MHz
2026/09/15 02:16:01.812, 1, GPU-d67482aa-44bc-1a33-2545-de34f4bb6c82, NVIDIA H100 80GB HBM3, 0 %, 1 MiB, 70.85 W, 34, 345 MHz
2026/09/15 02:16:01.839, 2, GPU-6c47d827-68bc-9d8f-448e-55624a5f2f65, NVIDIA H100 80GB HBM3, 0 %, 1 MiB, 71.47 W, 26, 345 MHz
2026/09/15 02:16:01.867, 3, GPU-a481f1cc-7ac4-a6c3-b8a4-eed1d39e45aa, NVIDIA H100 80GB HBM3, 0 %, 1 MiB, 74.94 W, 26, 345 MHz
2026/09/15 02:16:01.895, 4, GPU-a60182ac-1fbd-0654-4298-7dfab8d789ca, NVIDIA H100 80GB HBM3, 0 %, 1 MiB, 72.20 W, 26, 345 MHz
2026/09/15 02:16:01.897, 5, GPU-11bb96fb-3b4c-98eb-f310-70437157969c, NVIDIA H100 80GB HBM3, 0 %, 1 MiB, 69.35 W, 26, 345 MHz
2026/09/15 02:16:01.907, 6, GPU-7d80084d-f83b-1a50-3007-35e8f2af67c2, NVIDIA H100 80GB HBM3, 0 %, 1 MiB, 70.93 W, 27, 345 MHz
2026/09/15 02:16:01.908, 7, GPU-69cdf81a-1c5b-4e7c-54e2-2dd45eb25e36, NVIDIA H100 80GB HBM3, 0 %, 1 MiB, 70.29 W, 26, 345 MHz
2026/09/15 02:16:02.919, 0, GPU-3d9bae9f-f6a5-a533-682a-2990f19ffa90, NVIDIA H100 80GB HBM3, 52 %, 23726 MiB, 192.88 W, 42, 1980 MHz
2026/09/15 02:16:02.924, 1, GPU-d67482aa-44bc-1a33-2545-de34f4bb6c82, NVIDIA H100 80GB HBM3, 0 %, 1 MiB, 70.87 W, 34, 345 MHz
2026/09/15 02:16:02.926, 2, GPU-6c47d827-68bc-9d8f-448e-55624a5f2f65, NVIDIA H100 80GB HBM3, 0 %, 1 MiB, 71.50 W, 26, 345 MHz
2026/09/15 02:16:02.927, 3, GPU-a481f1cc-7ac4-a6c3-b8a4-eed1d39e45aa, NVIDIA H100 80GB HBM3, 0 %, 1 MiB, 74.92 W, 26, 345 MHz
2026/09/15 02:16:02.936, 4, GPU-a60182ac-1fbd-0654-4298-7dfab8d789ca, NVIDIA H100 80GB HBM3, 0 %, 1 MiB, 72.30 W, 26, 345 MHz
2026/09/15 02:16:02.938, 5, GPU-11bb96fb-3b4c-98eb-f310-70437157969c, NVIDIA H100 80GB HBM3, 0 %, 1 MiB, 69.34 W, 26, 345 MHz
2026/09/15 02:16:02.940, 6, GPU-7d80084d-f83b-1a50-3007-35e8f2af67c2, NVIDIA H100 80GB HBM3, 0 %, 1 MiB, 70.97 W, 27, 345 MHz
2026/09/15 02:16:02.941, 7, GPU-69cdf81a-1c5b-4e7c-54e2-2dd45eb25e36, NVIDIA H100 80GB HBM3, 0 %, 1 MiB, 70.30 W, 26, 345 MHz
2026/09/15 02:16:03.943, 0, GPU-3d9bae9f-f6a5-a533-682a-2990f19ffa90, NVIDIA H100 80GB HBM3, 55 %, 23726 MiB, 184.09 W, 42, 1980 MHz
2026/09/15 02:16:03.944, 1, GPU-d67482aa-44bc-1a33-2545-de34f4bb6c82, NVIDIA H100 80GB HBM3, 0 %, 1 MiB, 70.88 W, 34, 345 MHz
2026/09/15 02:16:03.946, 2, GPU-6c47d827-68bc-9d8f-448e-55624a5f2f65, NVIDIA H100 80GB HBM3, 0 %, 1 MiB, 71.49 W, 26, 345 MHz
2026/09/15 02:16:03.948, 3, GPU-a481f1cc-7ac4-a6c3-b8a4-eed1d39e45aa, NVIDIA H100 80GB HBM3, 0 %, 1 MiB, 74.93 W, 26, 345 MHz
2026/09/15 02:16:03.949, 4, GPU-a60182ac-1fbd-0654-4298-7dfab8d789ca, NVIDIA H100 80GB HBM3, 0 %, 1 MiB, 72.25 W, 26, 345 MHz
2026/09/15 02:16:03.951, 5, GPU-11bb96fb-3b4c-98eb-f310-70437157969c, NVIDIA H100 80GB HBM3, 0 %, 1 MiB, 69.36 W, 26, 345 MHz
2026/09/15 02:16:03.953, 6, GPU-7d80084d-f83b-1a50-3007-35e8f2af67c2, NVIDIA H100 80GB HBM3, 0 %, 1 MiB, 70.84 W, 27, 345 MHz
2026/09/15 02:16:03.954, 7, GPU-69cdf81a-1c5b-4e7c-54e2-2dd45eb25e36, NVIDIA H100 80GB HBM3, 0 %, 1 MiB, 70.31 W, 26, 345 MHz
2026/09/15 02:16:04.956, 0, GPU-3d9bae9f-f6a5-a533-682a-2990f19ffa90, NVIDIA H100 80GB HBM3, 54 %, 23726 MiB, 196.49 W, 42, 1980 MHz
2026/09/15 02:16:04.958, 1, GPU-d67482aa-44bc-1a33-2545-de34f4bb6c82, NVIDIA H100 80GB HBM3, 0 %, 1 MiB, 70.88 W, 34, 345 MHz
2026/09/15 02:16:04.959, 2, GPU-6c47d827-68bc-9d8f-448e-55624a5f2f65, NVIDIA H100 80GB HBM3, 0 %, 1 MiB, 71.48 W, 26, 345 MHz
2026/09/15 02:16:04.960, 3, GPU-a481f1cc-7ac4-a6c3-b8a4-eed1d39e45aa, NVIDIA H100 80GB HBM3, 0 %, 1 MiB, 74.98 W, 26, 345 MHz
2026/09/15 02:16:04.962, 4, GPU-a60182ac-1fbd-0654-4298-7dfab8d789ca, NVIDIA H100 80GB HBM3, 0 %, 1 MiB, 72.33 W, 26, 345 MHz
2026/09/15 02:16:04.967, 5, GPU-11bb96fb-3b4c-98eb-f310-70437157969c, NVIDIA H100 80GB HBM3, 0 %, 1 MiB, 69.35 W, 26, 345 MHz
2026/09/15 02:16:04.968, 6, GPU-7d80084d-f83b-1a50-3007-35e8f2af67c2, NVIDIA H100 80GB HBM3, 0 %, 1 MiB, 70.90 W, 27, 345 MHz
2026/09/15 02:16:04.970, 7, GPU-69cdf81a-1c5b-4e7c-54e2-2dd45eb25e36, NVIDIA H100 80GB HBM3, 0 %, 1 MiB, 70.35 W, 26, 345 MHz
2026/09/15 02:16:05.975, 0, GPU-3d9bae9f-f6a5-a533-682a-2990f19ffa90, NVIDIA H100 80GB HBM3, 55 %, 23726 MiB, 183.40 W, 42, 1980 MHz
2026/09/15 02:16:05.977, 1, GPU-d67482aa-44bc-1a33-2545-de34f4bb6c82, NVIDIA H100 80GB HBM3, 0 %, 1 MiB, 70.91 W, 34, 345 MHz
2026/09/15 02:16:05.978, 2, GPU-6c47d827-68bc-9d8f-448e-55624a5f2f65, NVIDIA H100 80GB HBM3, 0 %, 1 MiB, 71.49 W, 26, 345 MHz
2026/09/15 02:16:05.980, 3, GPU-a481f1cc-7ac4-a6c3-b8a4-eed1d39e45aa, NVIDIA H100 80GB HBM3, 0 %, 1 MiB, 74.99 W, 26, 345 MHz
2026/09/15 02:16:05.981, 4, GPU-a60182ac-1fbd-0654-4298-7dfab8d789ca, NVIDIA H100 80GB HBM3, 0 %, 1 MiB, 72.39 W, 26, 345 MHz
2026/09/15 02:16:05.983, 5, GPU-11bb96fb-3b4c-98eb-f310-70437157969c, NVIDIA H100 80GB HBM3, 0 %, 1 MiB, 69.31 W, 26, 345 MHz
2026/09/15 02:16:05.985, 6, GPU-7d80084d-f83b-1a50-3007-35e8f2af67c2, NVIDIA H100 80GB HBM3, 0 %, 1 MiB, 70.88 W, 27, 345 MHz
2026/09/15 02:16:05.986, 7, GPU-69cdf81a-1c5b-4e7c-54e2-2dd45eb25e36, NVIDIA H100 80GB HBM3, 0 %, 1 MiB, 70.31 W, 26, 345 MHz
2026/09/15 02:16:06.988, 0, GPU-3d9bae9f-f6a5-a533-682a-2990f19ffa90, NVIDIA H100 80GB HBM3, 54 %, 23726 MiB, 195.02 W, 42, 1980 MHz
2026/09/15 02:16:06.990, 1, GPU-d67482aa-44bc-1a33-2545-de34f4bb6c82, NVIDIA H100 80GB HBM3, 0 %, 1 MiB, 70.87 W, 34, 345 MHz
2026/09/15 02:16:06.991, 2, GPU-6c47d827-68bc-9d8f-448e-55624a5f2f65, NVIDIA H100 80GB HBM3, 0 %, 1 MiB, 71.47 W, 26, 345 MHz
2026/09/15 02:16:06.993, 3, GPU-a481f1cc-7ac4-a6c3-b8a4-eed1d39e45aa, NVIDIA H100 80GB HBM3, 0 %, 1 MiB, 74.94 W, 26, 345 MHz
2026/09/15 02:16:06.994, 4, GPU-a60182ac-1fbd-0654-4298-7dfab8d789ca, NVIDIA H100 80GB HBM3, 0 %, 1 MiB, 72.23 W, 26, 345 MHz
2026/09/15 02:16:06.997, 5, GPU-11bb96fb-3b4c-98eb-f310-70437157969c, NVIDIA H100 80GB HBM3, 0 %, 1 MiB, 69.33 W, 26, 345 MHz
2026/09/15 02:16:07.009, 6, GPU-7d80084d-f83b-1a50-3007-35e8f2af67c2, NVIDIA H100 80GB HBM3, 0 %, 1 MiB, 70.89 W, 27, 345 MHz
2026/09/15 02:16:07.011, 7, GPU-69cdf81a-1c5b-4e7c-54e2-2dd45eb25e36, NVIDIA H100 80GB HBM3, 0 %, 1 MiB, 70.34 W, 26, 345 MHz
2026/09/15 02:16:08.021, 0, GPU-3d9bae9f-f6a5-a533-682a-2990f19ffa90, NVIDIA H100 80GB HBM3, 49 %, 23726 MiB, 186.87 W, 42, 1980 MHz
2026/09/15 02:16:08.024, 1, GPU-d67482aa-44bc-1a33-2545-de34f4bb6c82, NVIDIA H100 80GB HBM3, 0 %, 1 MiB, 70.87 W, 34, 345 MHz
2026/09/15 02:16:08.026, 2, GPU-6c47d827-68bc-9d8f-448e-55624a5f2f65, NVIDIA H100 80GB HBM3, 0 %, 1 MiB, 71.46 W, 26, 345 MHz
2026/09/15 02:16:08.027, 3, GPU-a481f1cc-7ac4-a6c3-b8a4-eed1d39e45aa, NVIDIA H100 80GB HBM3, 0 %, 1 MiB, 75.01 W, 26, 345 MHz
2026/09/15 02:16:08.036, 4, GPU-a60182ac-1fbd-0654-4298-7dfab8d789ca, NVIDIA H100 80GB HBM3, 0 %, 1 MiB, 72.36 W, 26, 345 MHz
2026/09/15 02:16:08.039, 5, GPU-11bb96fb-3b4c-98eb-f310-70437157969c, NVIDIA H100 80GB HBM3, 0 %, 1 MiB, 69.32 W, 26, 345 MHz
2026/09/15 02:16:08.040, 6, GPU-7d80084d-f83b-1a50-3007-35e8f2af67c2, NVIDIA H100 80GB HBM3, 0 %, 1 MiB, 70.85 W, 27, 345 MHz
2026/09/15 02:16:08.041, 7, GPU-69cdf81a-1c5b-4e7c-54e2-2dd45eb25e36, NVIDIA H100 80GB HBM3, 0 %, 1 MiB, 70.35 W, 26, 345 MHz
2026/09/15 02:16:09.044, 0, GPU-3d9bae9f-f6a5-a533-682a-2990f19ffa90, NVIDIA H100 80GB HBM3, 55 %, 23726 MiB, 189.90 W, 42, 1980 MHz
2026/09/15 02:16:09.058, 1, GPU-d67482aa-44bc-1a33-2545-de34f4bb6c82, NVIDIA H100 80GB HBM3, 0 %, 1 MiB, 70.86 W, 34, 345 MHz
2026/09/15 02:16:09.083, 2, GPU-6c47d827-68bc-9d8f-448e-55624a5f2f65, NVIDIA H100 80GB HBM3, 0 %, 1 MiB, 71.50 W, 26, 345 MHz
2026/09/15 02:16:09.085, 3, GPU-a481f1cc-7ac4-a6c3-b8a4-eed1d39e45aa, NVIDIA H100 80GB HBM3, 0 %, 1 MiB, 74.95 W, 26, 345 MHz
2026/09/15 02:16:09.088, 4, GPU-a60182ac-1fbd-0654-4298-7dfab8d789ca, NVIDIA H100 80GB HBM3, 0 %, 1 MiB, 72.17 W, 26, 345 MHz
2026/09/15 02:16:09.090, 5, GPU-11bb96fb-3b4c-98eb-f310-70437157969c, NVIDIA H100 80GB HBM3, 0 %, 1 MiB, 69.36 W, 26, 345 MHz
2026/09/15 02:16:09.092, 6, GPU-7d80084d-f83b-1a50-3007-35e8f2af67c2, NVIDIA H100 80GB HBM3, 0 %, 1 MiB, 70.89 W, 27, 345 MHz
2026/09/15 02:16:09.094, 7, GPU-69cdf81a-1c5b-4e7c-54e2-2dd45eb25e36, NVIDIA H100 80GB HBM3, 0 %, 1 MiB, 70.32 W, 26, 345 MHz
2026/09/15 02:16:10.097, 0, GPU-3d9bae9f-f6a5-a533-682a-2990f19ffa90, NVIDIA H100 80GB HBM3, 54 %, 23726 MiB, 190.20 W, 44, 1980 MHz
2026/09/15 02:16:10.100, 1, GPU-d67482aa-44bc-1a33-2545-de34f4bb6c82, NVIDIA H100 80GB HBM3, 0 %, 1 MiB, 70.87 W, 34, 345 MHz
2026/09/15 02:16:10.101, 2, GPU-6c47d827-68bc-9d8f-448e-55624a5f2f65, NVIDIA H100 80GB HBM3, 0 %, 1 MiB, 71.49 W, 26, 345 MHz
2026/09/15 02:16:10.110, 3, GPU-a481f1cc-7ac4-a6c3-b8a4-eed1d39e45aa, NVIDIA H100 80GB HBM3, 0 %, 1 MiB, 74.91 W, 26, 345 MHz
2026/09/15 02:16:10.112, 4, GPU-a60182ac-1fbd-0654-4298-7dfab8d789ca, NVIDIA H100 80GB HBM3, 0 %, 1 MiB, 72.31 W, 26, 345 MHz
2026/09/15 02:16:10.115, 5, GPU-11bb96fb-3b4c-98eb-f310-70437157969c, NVIDIA H100 80GB HBM3, 0 %, 1 MiB, 69.37 W, 26, 345 MHz
2026/09/15 02:16:10.117, 6, GPU-7d80084d-f83b-1a50-3007-35e8f2af67c2, NVIDIA H100 80GB HBM3, 0 %, 1 MiB, 70.92 W, 28, 345 MHz
2026/09/15 02:16:10.119, 7, GPU-69cdf81a-1c5b-4e7c-54e2-2dd45eb25e36, NVIDIA H100 80GB HBM3, 0 %, 1 MiB, 70.28 W, 26, 345 MHz
2026/09/15 02:16:11.122, 0, GPU-3d9bae9f-f6a5-a533-682a-2990f19ffa90, NVIDIA H100 80GB HBM3, 54 %, 23726 MiB, 185.27 W, 41, 1980 MHz
2026/09/15 02:16:11.124, 1, GPU-d67482aa-44bc-1a33-2545-de34f4bb6c82, NVIDIA H100 80GB HBM3, 0 %, 1 MiB, 70.86 W, 35, 345 MHz
2026/09/15 02:16:11.128, 2, GPU-6c47d827-68bc-9d8f-448e-55624a5f2f65, NVIDIA H100 80GB HBM3, 0 %, 1 MiB, 71.49 W, 26, 345 MHz
2026/09/15 02:16:11.130, 3, GPU-a481f1cc-7ac4-a6c3-b8a4-eed1d39e45aa, NVIDIA H100 80GB HBM3, 0 %, 1 MiB, 74.99 W, 26, 345 MHz
2026/09/15 02:16:11.138, 4, GPU-a60182ac-1fbd-0654-4298-7dfab8d789ca, NVIDIA H100 80GB HBM3, 0 %, 1 MiB, 72.22 W, 26, 345 MHz
2026/09/15 02:16:11.141, 5, GPU-11bb96fb-3b4c-98eb-f310-70437157969c, NVIDIA H100 80GB HBM3, 0 %, 1 MiB, 69.33 W, 26, 345 MHz
2026/09/15 02:16:11.143, 6, GPU-7d80084d-f83b-1a50-3007-35e8f2af67c2, NVIDIA H100 80GB HBM3, 0 %, 1 MiB, 70.90 W, 27, 345 MHz
2026/09/15 02:16:11.146, 7, GPU-69cdf81a-1c5b-4e7c-54e2-2dd45eb25e36, NVIDIA H100 80GB HBM3, 0 %, 1 MiB, 70.31 W, 26, 345 MHz
2026/09/15 02:16:12.151, 0, GPU-3d9bae9f-f6a5-a533-682a-2990f19ffa90, NVIDIA H100 80GB HBM3, 55 %, 23726 MiB, 190.03 W, 44, 1980 MHz
2026/09/15 02:16:12.154, 1, GPU-d67482aa-44bc-1a33-2545-de34f4bb6c82, NVIDIA H100 80GB HBM3, 0 %, 1 MiB, 70.88 W, 35, 345 MHz
2026/09/15 02:16:12.158, 2, GPU-6c47d827-68bc-9d8f-448e-55624a5f2f65, NVIDIA H100 80GB HBM3, 0 %, 1 MiB, 71.47 W, 26, 345 MHz
2026/09/15 02:16:12.161, 3, GPU-a481f1cc-7ac4-a6c3-b8a4-eed1d39e45aa, NVIDIA H100 80GB HBM3, 0 %, 1 MiB, 74.93 W, 26, 345 MHz
2026/09/15 02:16:12.163, 4, GPU-a60182ac-1fbd-0654-4298-7dfab8d789ca, NVIDIA H100 80GB HBM3, 0 %, 1 MiB, 72.36 W, 26, 345 MHz
2026/09/15 02:16:12.168, 5, GPU-11bb96fb-3b4c-98eb-f310-70437157969c, NVIDIA H100 80GB HBM3, 0 %, 1 MiB, 69.31 W, 26, 345 MHz
2026/09/15 02:16:12.171, 6, GPU-7d80084d-f83b-1a50-3007-35e8f2af67c2, NVIDIA H100 80GB HBM3, 0 %, 1 MiB, 70.87 W, 28, 345 MHz
2026/09/15 02:16:12.173, 7, GPU-69cdf81a-1c5b-4e7c-54e2-2dd45eb25e36, NVIDIA H100 80GB HBM3, 0 %, 1 MiB, 70.39 W, 26, 345 MHz
2026/09/15 02:16:13.176, 0, GPU-3d9bae9f-f6a5-a533-682a-2990f19ffa90, NVIDIA H100 80GB HBM3, 51 %, 23726 MiB, 186.95 W, 41, 1980 MHz
2026/09/15 02:16:13.178, 1, GPU-d67482aa-44bc-1a33-2545-de34f4bb6c82, NVIDIA H100 80GB HBM3, 0 %, 1 MiB, 70.90 W, 35, 345 MHz
2026/09/15 02:16:13.180, 2, GPU-6c47d827-68bc-9d8f-448e-55624a5f2f65, NVIDIA H100 80GB HBM3, 0 %, 1 MiB, 71.50 W, 26, 345 MHz
2026/09/15 02:16:13.209, 3, GPU-a481f1cc-7ac4-a6c3-b8a4-eed1d39e45aa, NVIDIA H100 80GB HBM3, 0 %, 1 MiB, 74.99 W, 26, 345 MHz
2026/09/15 02:16:13.237, 4, GPU-a60182ac-1fbd-0654-4298-7dfab8d789ca, NVIDIA H100 80GB HBM3, 0 %, 1 MiB, 72.34 W, 26, 345 MHz
2026/09/15 02:16:13.268, 5, GPU-11bb96fb-3b4c-98eb-f310-70437157969c, NVIDIA H100 80GB HBM3, 0 %, 1 MiB, 69.38 W, 26, 345 MHz
2026/09/15 02:16:13.293, 6, GPU-7d80084d-f83b-1a50-3007-35e8f2af67c2, NVIDIA H100 80GB HBM3, 0 %, 1 MiB, 70.91 W, 28, 345 MHz
2026/09/15 02:16:13.324, 7, GPU-69cdf81a-1c5b-4e7c-54e2-2dd45eb25e36, NVIDIA H100 80GB HBM3, 0 %, 1 MiB, 70.33 W, 26, 345 MHz
2026/09/15 02:16:14.327, 0, GPU-3d9bae9f-f6a5-a533-682a-2990f19ffa90, NVIDIA H100 80GB HBM3, 55 %, 23726 MiB, 186.21 W, 41, 1980 MHz
2026/09/15 02:16:14.331, 1, GPU-d67482aa-44bc-1a33-2545-de34f4bb6c82, NVIDIA H100 80GB HBM3, 0 %, 1 MiB, 70.90 W, 35, 345 MHz
2026/09/15 02:16:14.333, 2, GPU-6c47d827-68bc-9d8f-448e-55624a5f2f65, NVIDIA H100 80GB HBM3, 0 %, 1 MiB, 71.48 W, 26, 345 MHz
2026/09/15 02:16:14.335, 3, GPU-a481f1cc-7ac4-a6c3-b8a4-eed1d39e45aa, NVIDIA H100 80GB HBM3, 0 %, 1 MiB, 75.01 W, 26, 345 MHz
2026/09/15 02:16:14.338, 4, GPU-a60182ac-1fbd-0654-4298-7dfab8d789ca, NVIDIA H100 80GB HBM3, 0 %, 1 MiB, 72.20 W, 26, 345 MHz
2026/09/15 02:16:14.341, 5, GPU-11bb96fb-3b4c-98eb-f310-70437157969c, NVIDIA H100 80GB HBM3, 0 %, 1 MiB, 69.36 W, 26, 345 MHz
2026/09/15 02:16:14.343, 6, GPU-7d80084d-f83b-1a50-3007-35e8f2af67c2, NVIDIA H100 80GB HBM3, 0 %, 1 MiB, 70.89 W, 28, 345 MHz
2026/09/15 02:16:14.346, 7, GPU-69cdf81a-1c5b-4e7c-54e2-2dd45eb25e36, NVIDIA H100 80GB HBM3, 0 %, 1 MiB, 70.36 W, 26, 345 MHz
2026/09/15 02:16:15.348, 0, GPU-3d9bae9f-f6a5-a533-682a-2990f19ffa90, NVIDIA H100 80GB HBM3, 55 %, 23726 MiB, 193.50 W, 42, 1980 MHz
2026/09/15 02:16:15.352, 1, GPU-d67482aa-44bc-1a33-2545-de34f4bb6c82, NVIDIA H100 80GB HBM3, 0 %, 1 MiB, 70.89 W, 35, 345 MHz
2026/09/15 02:16:15.357, 2, GPU-6c47d827-68bc-9d8f-448e-55624a5f2f65, NVIDIA H100 80GB HBM3, 0 %, 1 MiB, 71.50 W, 26, 345 MHz
2026/09/15 02:16:15.361, 3, GPU-a481f1cc-7ac4-a6c3-b8a4-eed1d39e45aa, NVIDIA H100 80GB HBM3, 0 %, 1 MiB, 75.03 W, 26, 345 MHz
2026/09/15 02:16:15.364, 4, GPU-a60182ac-1fbd-0654-4298-7dfab8d789ca, NVIDIA H100 80GB HBM3, 0 %, 1 MiB, 72.48 W, 26, 345 MHz
2026/09/15 02:16:15.368, 5, GPU-11bb96fb-3b4c-98eb-f310-70437157969c, NVIDIA H100 80GB HBM3, 0 %, 1 MiB, 69.35 W, 26, 345 MHz
2026/09/15 02:16:15.371, 6, GPU-7d80084d-f83b-1a50-3007-35e8f2af67c2, NVIDIA H100 80GB HBM3, 0 %, 1 MiB, 70.92 W, 28, 345 MHz
2026/09/15 02:16:15.373, 7, GPU-69cdf81a-1c5b-4e7c-54e2-2dd45eb25e36, NVIDIA H100 80GB HBM3, 0 %, 1 MiB, 70.30 W, 26, 345 MHz
2026/09/15 02:16:16.376, 0, GPU-3d9bae9f-f6a5-a533-682a-2990f19ffa90, NVIDIA H100 80GB HBM3, 52 %, 23726 MiB, 186.97 W, 41, 1980 MHz
2026/09/15 02:16:16.379, 1, GPU-d67482aa-44bc-1a33-2545-de34f4bb6c82, NVIDIA H100 80GB HBM3, 0 %, 1 MiB, 70.88 W, 35, 345 MHz
2026/09/15 02:16:16.381, 2, GPU-6c47d827-68bc-9d8f-448e-55624a5f2f65, NVIDIA H100 80GB HBM3, 0 %, 1 MiB, 71.50 W, 26, 345 MHz
2026/09/15 02:16:16.383, 3, GPU-a481f1cc-7ac4-a6c3-b8a4-eed1d39e45aa, NVIDIA H100 80GB HBM3, 0 %, 1 MiB, 74.95 W, 26, 345 MHz
2026/09/15 02:16:16.386, 4, GPU-a60182ac-1fbd-0654-4298-7dfab8d789ca, NVIDIA H100 80GB HBM3, 0 %, 1 MiB, 72.22 W, 26, 345 MHz
2026/09/15 02:16:16.388, 5, GPU-11bb96fb-3b4c-98eb-f310-70437157969c, NVIDIA H100 80GB HBM3, 0 %, 1 MiB, 69.35 W, 26, 345 MHz
2026/09/15 02:16:16.390, 6, GPU-7d80084d-f83b-1a50-3007-35e8f2af67c2, NVIDIA H100 80GB HBM3, 0 %, 1 MiB, 70.93 W, 27, 345 MHz
2026/09/15 02:16:16.393, 7, GPU-69cdf81a-1c5b-4e7c-54e2-2dd45eb25e36, NVIDIA H100 80GB HBM3, 0 %, 1 MiB, 70.33 W, 26, 345 MHz
2026/09/15 02:16:17.396, 0, GPU-3d9bae9f-f6a5-a533-682a-2990f19ffa90, NVIDIA H100 80GB HBM3, 55 %, 23726 MiB, 192.63 W, 42, 1980 MHz
2026/09/15 02:16:17.399, 1, GPU-d67482aa-44bc-1a33-2545-de34f4bb6c82, NVIDIA H100 80GB HBM3, 0 %, 1 MiB, 70.87 W, 35, 345 MHz
2026/09/15 02:16:17.402, 2, GPU-6c47d827-68bc-9d8f-448e-55624a5f2f65, NVIDIA H100 80GB HBM3, 0 %, 1 MiB, 71.49 W, 26, 345 MHz
2026/09/15 02:16:17.409, 3, GPU-a481f1cc-7ac4-a6c3-b8a4-eed1d39e45aa, NVIDIA H100 80GB HBM3, 0 %, 1 MiB, 74.98 W, 26, 345 MHz
2026/09/15 02:16:17.411, 4, GPU-a60182ac-1fbd-0654-4298-7dfab8d789ca, NVIDIA H100 80GB HBM3, 0 %, 1 MiB, 72.48 W, 26, 345 MHz
2026/09/15 02:16:17.421, 5, GPU-11bb96fb-3b4c-98eb-f310-70437157969c, NVIDIA H100 80GB HBM3, 0 %, 1 MiB, 69.34 W, 26, 345 MHz
2026/09/15 02:16:17.430, 6, GPU-7d80084d-f83b-1a50-3007-35e8f2af67c2, NVIDIA H100 80GB HBM3, 0 %, 1 MiB, 70.90 W, 28, 345 MHz
2026/09/15 02:16:17.446, 7, GPU-69cdf81a-1c5b-4e7c-54e2-2dd45eb25e36, NVIDIA H100 80GB HBM3, 0 %, 1 MiB, 70.33 W, 26, 345 MHz
2026/09/15 02:16:18.452, 0, GPU-3d9bae9f-f6a5-a533-682a-2990f19ffa90, NVIDIA H100 80GB HBM3, 55 %, 23726 MiB, 187.87 W, 41, 1980 MHz
2026/09/15 02:16:18.454, 1, GPU-d67482aa-44bc-1a33-2545-de34f4bb6c82, NVIDIA H100 80GB HBM3, 0 %, 1 MiB, 70.88 W, 35, 345 MHz
2026/09/15 02:16:18.457, 2, GPU-6c47d827-68bc-9d8f-448e-55624a5f2f65, NVIDIA H100 80GB HBM3, 0 %, 1 MiB, 71.48 W, 26, 345 MHz
2026/09/15 02:16:18.460, 3, GPU-a481f1cc-7ac4-a6c3-b8a4-eed1d39e45aa, NVIDIA H100 80GB HBM3, 0 %, 1 MiB, 75.00 W, 26, 345 MHz
2026/09/15 02:16:18.462, 4, GPU-a60182ac-1fbd-0654-4298-7dfab8d789ca, NVIDIA H100 80GB HBM3, 0 %, 1 MiB, 72.19 W, 26, 345 MHz
2026/09/15 02:16:18.468, 5, GPU-11bb96fb-3b4c-98eb-f310-70437157969c, NVIDIA H100 80GB HBM3, 0 %, 1 MiB, 69.39 W, 26, 345 MHz
2026/09/15 02:16:18.470, 6, GPU-7d80084d-f83b-1a50-3007-35e8f2af67c2, NVIDIA H100 80GB HBM3, 0 %, 1 MiB, 70.87 W, 27, 345 MHz
2026/09/15 02:16:18.472, 7, GPU-69cdf81a-1c5b-4e7c-54e2-2dd45eb25e36, NVIDIA H100 80GB HBM3, 0 %, 1 MiB, 70.31 W, 26, 345 MHz
2026/09/15 02:16:19.475, 0, GPU-3d9bae9f-f6a5-a533-682a-2990f19ffa90, NVIDIA H100 80GB HBM3, 55 %, 23726 MiB, 186.09 W, 41, 1980 MHz
2026/09/15 02:16:19.477, 1, GPU-d67482aa-44bc-1a33-2545-de34f4bb6c82, NVIDIA H100 80GB HBM3, 0 %, 1 MiB, 70.87 W, 35, 345 MHz
2026/09/15 02:16:19.478, 2, GPU-6c47d827-68bc-9d8f-448e-55624a5f2f65, NVIDIA H100 80GB HBM3, 0 %, 1 MiB, 71.52 W, 26, 345 MHz
2026/09/15 02:16:19.481, 3, GPU-a481f1cc-7ac4-a6c3-b8a4-eed1d39e45aa, NVIDIA H100 80GB HBM3, 0 %, 1 MiB, 74.93 W, 26, 345 MHz
2026/09/15 02:16:19.483, 4, GPU-a60182ac-1fbd-0654-4298-7dfab8d789ca, NVIDIA H100 80GB HBM3, 0 %, 1 MiB, 72.38 W, 26, 345 MHz
2026/09/15 02:16:19.486, 5, GPU-11bb96fb-3b4c-98eb-f310-70437157969c, NVIDIA H100 80GB HBM3, 0 %, 1 MiB, 69.32 W, 26, 345 MHz
2026/09/15 02:16:19.488, 6, GPU-7d80084d-f83b-1a50-3007-35e8f2af67c2, NVIDIA H100 80GB HBM3, 0 %, 1 MiB, 70.94 W, 27, 345 MHz
2026/09/15 02:16:19.490, 7, GPU-69cdf81a-1c5b-4e7c-54e2-2dd45eb25e36, NVIDIA H100 80GB HBM3, 0 %, 1 MiB, 70.29 W, 26, 345 MHz
2026/09/15 02:16:20.493, 0, GPU-3d9bae9f-f6a5-a533-682a-2990f19ffa90, NVIDIA H100 80GB HBM3, 52 %, 23726 MiB, 195.28 W, 42, 1980 MHz
2026/09/15 02:16:20.503, 1, GPU-d67482aa-44bc-1a33-2545-de34f4bb6c82, NVIDIA H100 80GB HBM3, 0 %, 1 MiB, 70.84 W, 35, 345 MHz
2026/09/15 02:16:20.533, 2, GPU-6c47d827-68bc-9d8f-448e-55624a5f2f65, NVIDIA H100 80GB HBM3, 0 %, 1 MiB, 71.48 W, 26, 345 MHz
2026/09/15 02:16:20.536, 3, GPU-a481f1cc-7ac4-a6c3-b8a4-eed1d39e45aa, NVIDIA H100 80GB HBM3, 0 %, 1 MiB, 74.96 W, 26, 345 MHz
2026/09/15 02:16:20.539, 4, GPU-a60182ac-1fbd-0654-4298-7dfab8d789ca, NVIDIA H100 80GB HBM3, 0 %, 1 MiB, 72.25 W, 26, 345 MHz
2026/09/15 02:16:20.541, 5, GPU-11bb96fb-3b4c-98eb-f310-70437157969c, NVIDIA H100 80GB HBM3, 0 %, 1 MiB, 69.35 W, 26, 345 MHz
2026/09/15 02:16:20.544, 6, GPU-7d80084d-f83b-1a50-3007-35e8f2af67c2, NVIDIA H100 80GB HBM3, 0 %, 1 MiB, 70.92 W, 28, 345 MHz
2026/09/15 02:16:20.546, 7, GPU-69cdf81a-1c5b-4e7c-54e2-2dd45eb25e36, NVIDIA H100 80GB HBM3, 0 %, 1 MiB, 70.31 W, 26, 345 MHz
2026/09/15 02:16:21.548, 0, GPU-3d9bae9f-f6a5-a533-682a-2990f19ffa90, NVIDIA H100 80GB HBM3, 55 %, 23726 MiB, 187.85 W, 41, 1980 MHz
2026/09/15 02:16:21.550, 1, GPU-d67482aa-44bc-1a33-2545-de34f4bb6c82, NVIDIA H100 80GB HBM3, 0 %, 1 MiB, 70.90 W, 35, 345 MHz
2026/09/15 02:16:21.557, 2, GPU-6c47d827-68bc-9d8f-448e-55624a5f2f65, NVIDIA H100 80GB HBM3, 0 %, 1 MiB, 71.49 W, 26, 345 MHz
2026/09/15 02:16:21.559, 3, GPU-a481f1cc-7ac4-a6c3-b8a4-eed1d39e45aa, NVIDIA H100 80GB HBM3, 0 %, 1 MiB, 75.01 W, 26, 345 MHz
2026/09/15 02:16:21.561, 4, GPU-a60182ac-1fbd-0654-4298-7dfab8d789ca, NVIDIA H100 80GB HBM3, 0 %, 1 MiB, 72.24 W, 26, 345 MHz
2026/09/15 02:16:21.567, 5, GPU-11bb96fb-3b4c-98eb-f310-70437157969c, NVIDIA H100 80GB HBM3, 0 %, 1 MiB, 69.33 W, 26, 345 MHz
2026/09/15 02:16:21.570, 6, GPU-7d80084d-f83b-1a50-3007-35e8f2af67c2, NVIDIA H100 80GB HBM3, 0 %, 1 MiB, 70.86 W, 27, 345 MHz
2026/09/15 02:16:21.572, 7, GPU-69cdf81a-1c5b-4e7c-54e2-2dd45eb25e36, NVIDIA H100 80GB HBM3, 0 %, 1 MiB, 70.34 W, 26, 345 MHz
2026/09/15 02:16:22.574, 0, GPU-3d9bae9f-f6a5-a533-682a-2990f19ffa90, NVIDIA H100 80GB HBM3, 55 %, 23726 MiB, 192.29 W, 42, 1980 MHz
2026/09/15 02:16:22.576, 1, GPU-d67482aa-44bc-1a33-2545-de34f4bb6c82, NVIDIA H100 80GB HBM3, 0 %, 1 MiB, 70.90 W, 35, 345 MHz
2026/09/15 02:16:22.578, 2, GPU-6c47d827-68bc-9d8f-448e-55624a5f2f65, NVIDIA H100 80GB HBM3, 0 %, 1 MiB, 71.53 W, 26, 345 MHz
2026/09/15 02:16:22.580, 3, GPU-a481f1cc-7ac4-a6c3-b8a4-eed1d39e45aa, NVIDIA H100 80GB HBM3, 0 %, 1 MiB, 74.97 W, 26, 345 MHz
2026/09/15 02:16:22.582, 4, GPU-a60182ac-1fbd-0654-4298-7dfab8d789ca, NVIDIA H100 80GB HBM3, 0 %, 1 MiB, 72.34 W, 26, 345 MHz
2026/09/15 02:16:22.584, 5, GPU-11bb96fb-3b4c-98eb-f310-70437157969c, NVIDIA H100 80GB HBM3, 0 %, 1 MiB, 69.36 W, 26, 345 MHz
2026/09/15 02:16:22.587, 6, GPU-7d80084d-f83b-1a50-3007-35e8f2af67c2, NVIDIA H100 80GB HBM3, 0 %, 1 MiB, 70.87 W, 28, 345 MHz
2026/09/15 02:16:22.589, 7, GPU-69cdf81a-1c5b-4e7c-54e2-2dd45eb25e36, NVIDIA H100 80GB HBM3, 0 %, 1 MiB, 70.34 W, 26, 345 MHz
2026/09/15 02:16:23.591, 0, GPU-3d9bae9f-f6a5-a533-682a-2990f19ffa90, NVIDIA H100 80GB HBM3, 55 %, 23726 MiB, 185.55 W, 41, 1980 MHz
2026/09/15 02:16:23.594, 1, GPU-d67482aa-44bc-1a33-2545-de34f4bb6c82, NVIDIA H100 80GB HBM3, 0 %, 1 MiB, 70.89 W, 35, 345 MHz
2026/09/15 02:16:23.596, 2, GPU-6c47d827-68bc-9d8f-448e-55624a5f2f65, NVIDIA H100 80GB HBM3, 0 %, 1 MiB, 71.53 W, 26, 345 MHz
2026/09/15 02:16:23.608, 3, GPU-a481f1cc-7ac4-a6c3-b8a4-eed1d39e45aa, NVIDIA H100 80GB HBM3, 0 %, 1 MiB, 74.98 W, 26, 345 MHz
2026/09/15 02:16:23.610, 4, GPU-a60182ac-1fbd-0654-4298-7dfab8d789ca, NVIDIA H100 80GB HBM3, 0 %, 1 MiB, 72.27 W, 26, 345 MHz
2026/09/15 02:16:23.612, 5, GPU-11bb96fb-3b4c-98eb-f310-70437157969c, NVIDIA H100 80GB HBM3, 0 %, 1 MiB, 69.36 W, 26, 345 MHz
2026/09/15 02:16:23.615, 6, GPU-7d80084d-f83b-1a50-3007-35e8f2af67c2, NVIDIA H100 80GB HBM3, 0 %, 1 MiB, 70.91 W, 27, 345 MHz
2026/09/15 02:16:23.617, 7, GPU-69cdf81a-1c5b-4e7c-54e2-2dd45eb25e36, NVIDIA H100 80GB HBM3, 0 %, 1 MiB, 70.34 W, 26, 345 MHz
2026/09/15 02:16:24.621, 0, GPU-3d9bae9f-f6a5-a533-682a-2990f19ffa90, NVIDIA H100 80GB HBM3, 55 %, 23726 MiB, 187.46 W, 41, 1980 MHz
2026/09/15 02:16:24.644, 1, GPU-d67482aa-44bc-1a33-2545-de34f4bb6c82, NVIDIA H100 80GB HBM3, 0 %, 1 MiB, 70.87 W, 35, 345 MHz
2026/09/15 02:16:24.672, 2, GPU-6c47d827-68bc-9d8f-448e-55624a5f2f65, NVIDIA H100 80GB HBM3, 0 %, 1 MiB, 71.50 W, 26, 345 MHz
2026/09/15 02:16:24.709, 3, GPU-a481f1cc-7ac4-a6c3-b8a4-eed1d39e45aa, NVIDIA H100 80GB HBM3, 0 %, 1 MiB, 74.99 W, 26, 345 MHz
2026/09/15 02:16:24.738, 4, GPU-a60182ac-1fbd-0654-4298-7dfab8d789ca, NVIDIA H100 80GB HBM3, 0 %, 1 MiB, 72.35 W, 26, 345 MHz
2026/09/15 02:16:24.768, 5, GPU-11bb96fb-3b4c-98eb-f310-70437157969c, NVIDIA H100 80GB HBM3, 0 %, 1 MiB, 69.33 W, 26, 345 MHz
2026/09/15 02:16:24.796, 6, GPU-7d80084d-f83b-1a50-3007-35e8f2af67c2, NVIDIA H100 80GB HBM3, 0 %, 1 MiB, 70.88 W, 27, 345 MHz
2026/09/15 02:16:24.799, 7, GPU-69cdf81a-1c5b-4e7c-54e2-2dd45eb25e36, NVIDIA H100 80GB HBM3, 0 %, 1 MiB, 70.37 W, 26, 345 MHz
2026/09/15 02:16:25.801, 0, GPU-3d9bae9f-f6a5-a533-682a-2990f19ffa90, NVIDIA H100 80GB HBM3, 55 %, 23726 MiB, 185.29 W, 41, 1980 MHz
2026/09/15 02:16:25.804, 1, GPU-d67482aa-44bc-1a33-2545-de34f4bb6c82, NVIDIA H100 80GB HBM3, 0 %, 1 MiB, 70.84 W, 35, 345 MHz
2026/09/15 02:16:25.807, 2, GPU-6c47d827-68bc-9d8f-448e-55624a5f2f65, NVIDIA H100 80GB HBM3, 0 %, 1 MiB, 71.49 W, 26, 345 MHz
2026/09/15 02:16:25.810, 3, GPU-a481f1cc-7ac4-a6c3-b8a4-eed1d39e45aa, NVIDIA H100 80GB HBM3, 0 %, 1 MiB, 74.97 W, 26, 345 MHz
2026/09/15 02:16:25.813, 4, GPU-a60182ac-1fbd-0654-4298-7dfab8d789ca, NVIDIA H100 80GB HBM3, 0 %, 1 MiB, 72.22 W, 26, 345 MHz
2026/09/15 02:16:25.815, 5, GPU-11bb96fb-3b4c-98eb-f310-70437157969c, NVIDIA H100 80GB HBM3, 0 %, 1 MiB, 69.35 W, 26, 345 MHz
2026/09/15 02:16:25.817, 6, GPU-7d80084d-f83b-1a50-3007-35e8f2af67c2, NVIDIA H100 80GB HBM3, 0 %, 1 MiB, 70.93 W, 28, 345 MHz
2026/09/15 02:16:25.819, 7, GPU-69cdf81a-1c5b-4e7c-54e2-2dd45eb25e36, NVIDIA H100 80GB HBM3, 0 %, 1 MiB, 70.32 W, 26, 345 MHz
2026/09/15 02:16:26.822, 0, GPU-3d9bae9f-f6a5-a533-682a-2990f19ffa90, NVIDIA H100 80GB HBM3, 56 %, 23726 MiB, 192.50 W, 43, 1980 MHz
2026/09/15 02:16:26.826, 1, GPU-d67482aa-44bc-1a33-2545-de34f4bb6c82, NVIDIA H100 80GB HBM3, 0 %, 1 MiB, 70.87 W, 34, 345 MHz
2026/09/15 02:16:26.829, 2, GPU-6c47d827-68bc-9d8f-448e-55624a5f2f65, NVIDIA H100 80GB HBM3, 0 %, 1 MiB, 71.52 W, 26, 345 MHz
2026/09/15 02:16:26.831, 3, GPU-a481f1cc-7ac4-a6c3-b8a4-eed1d39e45aa, NVIDIA H100 80GB HBM3, 0 %, 1 MiB, 74.91 W, 26, 345 MHz
2026/09/15 02:16:26.838, 4, GPU-a60182ac-1fbd-0654-4298-7dfab8d789ca, NVIDIA H100 80GB HBM3, 0 %, 1 MiB, 72.33 W, 26, 345 MHz
2026/09/15 02:16:26.840, 5, GPU-11bb96fb-3b4c-98eb-f310-70437157969c, NVIDIA H100 80GB HBM3, 0 %, 1 MiB, 69.35 W, 26, 345 MHz
2026/09/15 02:16:26.842, 6, GPU-7d80084d-f83b-1a50-3007-35e8f2af67c2, NVIDIA H100 80GB HBM3, 0 %, 1 MiB, 70.91 W, 27, 345 MHz
2026/09/15 02:16:26.845, 7, GPU-69cdf81a-1c5b-4e7c-54e2-2dd45eb25e36, NVIDIA H100 80GB HBM3, 0 %, 1 MiB, 70.33 W, 26, 345 MHz
2026/09/15 02:16:27.847, 0, GPU-3d9bae9f-f6a5-a533-682a-2990f19ffa90, NVIDIA H100 80GB HBM3, 55 %, 23726 MiB, 183.08 W, 41, 1980 MHz
2026/09/15 02:16:27.850, 1, GPU-d67482aa-44bc-1a33-2545-de34f4bb6c82, NVIDIA H100 80GB HBM3, 0 %, 1 MiB, 70.82 W, 35, 345 MHz
2026/09/15 02:16:27.857, 2, GPU-6c47d827-68bc-9d8f-448e-55624a5f2f65, NVIDIA H100 80GB HBM3, 0 %, 1 MiB, 71.52 W, 26, 345 MHz
2026/09/15 02:16:27.859, 3, GPU-a481f1cc-7ac4-a6c3-b8a4-eed1d39e45aa, NVIDIA H100 80GB HBM3, 0 %, 1 MiB, 74.94 W, 26, 345 MHz
2026/09/15 02:16:27.861, 4, GPU-a60182ac-1fbd-0654-4298-7dfab8d789ca, NVIDIA H100 80GB HBM3, 0 %, 1 MiB, 72.35 W, 26, 345 MHz
2026/09/15 02:16:27.869, 5, GPU-11bb96fb-3b4c-98eb-f310-70437157969c, NVIDIA H100 80GB HBM3, 0 %, 1 MiB, 69.35 W, 26, 345 MHz
2026/09/15 02:16:27.895, 6, GPU-7d80084d-f83b-1a50-3007-35e8f2af67c2, NVIDIA H100 80GB HBM3, 0 %, 1 MiB, 70.91 W, 27, 345 MHz
2026/09/15 02:16:27.897, 7, GPU-69cdf81a-1c5b-4e7c-54e2-2dd45eb25e36, NVIDIA H100 80GB HBM3, 0 %, 1 MiB, 70.30 W, 26, 345 MHz
2026/09/15 02:16:28.900, 0, GPU-3d9bae9f-f6a5-a533-682a-2990f19ffa90, NVIDIA H100 80GB HBM3, 53 %, 23726 MiB, 192.39 W, 41, 1980 MHz
2026/09/15 02:16:28.935, 1, GPU-d67482aa-44bc-1a33-2545-de34f4bb6c82, NVIDIA H100 80GB HBM3, 0 %, 1 MiB, 70.91 W, 35, 345 MHz
2026/09/15 02:16:28.960, 2, GPU-6c47d827-68bc-9d8f-448e-55624a5f2f65, NVIDIA H100 80GB HBM3, 0 %, 1 MiB, 71.48 W, 26, 345 MHz
2026/09/15 02:16:29.029, 3, GPU-a481f1cc-7ac4-a6c3-b8a4-eed1d39e45aa, NVIDIA H100 80GB HBM3, 0 %, 1 MiB, 74.94 W, 26, 345 MHz
2026/09/15 02:16:29.067, 4, GPU-a60182ac-1fbd-0654-4298-7dfab8d789ca, NVIDIA H100 80GB HBM3, 0 %, 1 MiB, 72.19 W, 26, 345 MHz
2026/09/15 02:16:29.095, 5, GPU-11bb96fb-3b4c-98eb-f310-70437157969c, NVIDIA H100 80GB HBM3, 0 %, 1 MiB, 69.36 W, 26, 345 MHz
2026/09/15 02:16:29.098, 6, GPU-7d80084d-f83b-1a50-3007-35e8f2af67c2, NVIDIA H100 80GB HBM3, 0 %, 1 MiB, 70.95 W, 27, 345 MHz
2026/09/15 02:16:29.100, 7, GPU-69cdf81a-1c5b-4e7c-54e2-2dd45eb25e36, NVIDIA H100 80GB HBM3, 0 %, 1 MiB, 70.32 W, 26, 345 MHz
2026/09/15 02:16:30.102, 0, GPU-3d9bae9f-f6a5-a533-682a-2990f19ffa90, NVIDIA H100 80GB HBM3, 55 %, 23726 MiB, 184.30 W, 41, 1980 MHz
2026/09/15 02:16:30.105, 1, GPU-d67482aa-44bc-1a33-2545-de34f4bb6c82, NVIDIA H100 80GB HBM3, 0 %, 1 MiB, 70.87 W, 35, 345 MHz
2026/09/15 02:16:30.107, 2, GPU-6c47d827-68bc-9d8f-448e-55624a5f2f65, NVIDIA H100 80GB HBM3, 0 %, 1 MiB, 71.52 W, 26, 345 MHz
2026/09/15 02:16:30.109, 3, GPU-a481f1cc-7ac4-a6c3-b8a4-eed1d39e45aa, NVIDIA H100 80GB HBM3, 0 %, 1 MiB, 74.96 W, 26, 345 MHz
2026/09/15 02:16:30.111, 4, GPU-a60182ac-1fbd-0654-4298-7dfab8d789ca, NVIDIA H100 80GB HBM3, 0 %, 1 MiB, 72.40 W, 26, 345 MHz
2026/09/15 02:16:30.114, 5, GPU-11bb96fb-3b4c-98eb-f310-70437157969c, NVIDIA H100 80GB HBM3, 0 %, 1 MiB, 69.31 W, 26, 345 MHz
2026/09/15 02:16:30.117, 6, GPU-7d80084d-f83b-1a50-3007-35e8f2af67c2, NVIDIA H100 80GB HBM3, 0 %, 1 MiB, 70.88 W, 27, 345 MHz
2026/09/15 02:16:30.119, 7, GPU-69cdf81a-1c5b-4e7c-54e2-2dd45eb25e36, NVIDIA H100 80GB HBM3, 0 %, 1 MiB, 70.32 W, 26, 345 MHz
2026/09/15 02:16:31.121, 0, GPU-3d9bae9f-f6a5-a533-682a-2990f19ffa90, NVIDIA H100 80GB HBM3, 55 %, 23726 MiB, 192.78 W, 42, 1980 MHz
2026/09/15 02:16:31.125, 1, GPU-d67482aa-44bc-1a33-2545-de34f4bb6c82, NVIDIA H100 80GB HBM3, 0 %, 1 MiB, 70.87 W, 35, 345 MHz
2026/09/15 02:16:31.128, 2, GPU-6c47d827-68bc-9d8f-448e-55624a5f2f65, NVIDIA H100 80GB HBM3, 0 %, 1 MiB, 71.50 W, 26, 345 MHz
2026/09/15 02:16:31.130, 3, GPU-a481f1cc-7ac4-a6c3-b8a4-eed1d39e45aa, NVIDIA H100 80GB HBM3, 0 %, 1 MiB, 74.93 W, 26, 345 MHz
2026/09/15 02:16:31.138, 4, GPU-a60182ac-1fbd-0654-4298-7dfab8d789ca, NVIDIA H100 80GB HBM3, 0 %, 1 MiB, 72.34 W, 26, 345 MHz
2026/09/15 02:16:31.141, 5, GPU-11bb96fb-3b4c-98eb-f310-70437157969c, NVIDIA H100 80GB HBM3, 0 %, 1 MiB, 69.33 W, 26, 345 MHz
2026/09/15 02:16:31.143, 6, GPU-7d80084d-f83b-1a50-3007-35e8f2af67c2, NVIDIA H100 80GB HBM3, 0 %, 1 MiB, 70.92 W, 27, 345 MHz
2026/09/15 02:16:31.146, 7, GPU-69cdf81a-1c5b-4e7c-54e2-2dd45eb25e36, NVIDIA H100 80GB HBM3, 0 %, 1 MiB, 70.30 W, 26, 345 MHz
2026/09/15 02:16:32.149, 0, GPU-3d9bae9f-f6a5-a533-682a-2990f19ffa90, NVIDIA H100 80GB HBM3, 55 %, 23726 MiB, 186.14 W, 41, 1980 MHz
2026/09/15 02:16:32.153, 1, GPU-d67482aa-44bc-1a33-2545-de34f4bb6c82, NVIDIA H100 80GB HBM3, 0 %, 1 MiB, 70.86 W, 35, 345 MHz
2026/09/15 02:16:32.157, 2, GPU-6c47d827-68bc-9d8f-448e-55624a5f2f65, NVIDIA H100 80GB HBM3, 0 %, 1 MiB, 71.50 W, 26, 345 MHz
2026/09/15 02:16:32.160, 3, GPU-a481f1cc-7ac4-a6c3-b8a4-eed1d39e45aa, NVIDIA H100 80GB HBM3, 0 %, 1 MiB, 74.92 W, 26, 345 MHz
2026/09/15 02:16:32.163, 4, GPU-a60182ac-1fbd-0654-4298-7dfab8d789ca, NVIDIA H100 80GB HBM3, 0 %, 1 MiB, 72.37 W, 26, 345 MHz
2026/09/15 02:16:32.168, 5, GPU-11bb96fb-3b4c-98eb-f310-70437157969c, NVIDIA H100 80GB HBM3, 0 %, 1 MiB, 69.36 W, 26, 345 MHz
2026/09/15 02:16:32.171, 6, GPU-7d80084d-f83b-1a50-3007-35e8f2af67c2, NVIDIA H100 80GB HBM3, 0 %, 1 MiB, 70.90 W, 27, 345 MHz
2026/09/15 02:16:32.173, 7, GPU-69cdf81a-1c5b-4e7c-54e2-2dd45eb25e36, NVIDIA H100 80GB HBM3, 0 %, 1 MiB, 70.30 W, 26, 345 MHz
2026/09/15 02:16:33.176, 0, GPU-3d9bae9f-f6a5-a533-682a-2990f19ffa90, NVIDIA H100 80GB HBM3, 55 %, 23726 MiB, 197.82 W, 42, 1980 MHz
2026/09/15 02:16:33.183, 1, GPU-d67482aa-44bc-1a33-2545-de34f4bb6c82, NVIDIA H100 80GB HBM3, 0 %, 1 MiB, 70.85 W, 35, 345 MHz
2026/09/15 02:16:33.212, 2, GPU-6c47d827-68bc-9d8f-448e-55624a5f2f65, NVIDIA H100 80GB HBM3, 0 %, 1 MiB, 71.47 W, 26, 345 MHz
2026/09/15 02:16:33.242, 3, GPU-a481f1cc-7ac4-a6c3-b8a4-eed1d39e45aa, NVIDIA H100 80GB HBM3, 0 %, 1 MiB, 74.92 W, 26, 345 MHz
2026/09/15 02:16:33.273, 4, GPU-a60182ac-1fbd-0654-4298-7dfab8d789ca, NVIDIA H100 80GB HBM3, 0 %, 1 MiB, 72.39 W, 26, 345 MHz
2026/09/15 02:16:33.301, 5, GPU-11bb96fb-3b4c-98eb-f310-70437157969c, NVIDIA H100 80GB HBM3, 0 %, 1 MiB, 69.31 W, 26, 345 MHz
2026/09/15 02:16:33.334, 6, GPU-7d80084d-f83b-1a50-3007-35e8f2af67c2, NVIDIA H100 80GB HBM3, 0 %, 1 MiB, 70.93 W, 28, 345 MHz
2026/09/15 02:16:33.372, 7, GPU-69cdf81a-1c5b-4e7c-54e2-2dd45eb25e36, NVIDIA H100 80GB HBM3, 0 %, 1 MiB, 70.29 W, 26, 345 MHz
2026/09/15 02:16:34.397, 0, GPU-3d9bae9f-f6a5-a533-682a-2990f19ffa90, NVIDIA H100 80GB HBM3, 51 %, 23726 MiB, 184.65 W, 41, 1980 MHz
2026/09/15 02:16:34.399, 1, GPU-d67482aa-44bc-1a33-2545-de34f4bb6c82, NVIDIA H100 80GB HBM3, 0 %, 1 MiB, 70.89 W, 35, 345 MHz
2026/09/15 02:16:34.401, 2, GPU-6c47d827-68bc-9d8f-448e-55624a5f2f65, NVIDIA H100 80GB HBM3, 0 %, 1 MiB, 71.51 W, 26, 345 MHz
2026/09/15 02:16:34.409, 3, GPU-a481f1cc-7ac4-a6c3-b8a4-eed1d39e45aa, NVIDIA H100 80GB HBM3, 0 %, 1 MiB, 74.94 W, 26, 345 MHz
2026/09/15 02:16:34.411, 4, GPU-a60182ac-1fbd-0654-4298-7dfab8d789ca, NVIDIA H100 80GB HBM3, 0 %, 1 MiB, 72.20 W, 26, 345 MHz
2026/09/15 02:16:34.413, 5, GPU-11bb96fb-3b4c-98eb-f310-70437157969c, NVIDIA H100 80GB HBM3, 0 %, 1 MiB, 69.32 W, 26, 345 MHz
2026/09/15 02:16:34.416, 6, GPU-7d80084d-f83b-1a50-3007-35e8f2af67c2, NVIDIA H100 80GB HBM3, 0 %, 1 MiB, 70.96 W, 27, 345 MHz
2026/09/15 02:16:34.418, 7, GPU-69cdf81a-1c5b-4e7c-54e2-2dd45eb25e36, NVIDIA H100 80GB HBM3, 0 %, 1 MiB, 70.29 W, 26, 345 MHz
2026/09/15 02:16:35.421, 0, GPU-3d9bae9f-f6a5-a533-682a-2990f19ffa90, NVIDIA H100 80GB HBM3, 55 %, 23726 MiB, 197.43 W, 42, 1980 MHz
2026/09/15 02:16:35.424, 1, GPU-d67482aa-44bc-1a33-2545-de34f4bb6c82, NVIDIA H100 80GB HBM3, 0 %, 1 MiB, 70.89 W, 35, 345 MHz
2026/09/15 02:16:35.426, 2, GPU-6c47d827-68bc-9d8f-448e-55624a5f2f65, NVIDIA H100 80GB HBM3, 0 %, 1 MiB, 71.47 W, 26, 345 MHz
2026/09/15 02:16:35.429, 3, GPU-a481f1cc-7ac4-a6c3-b8a4-eed1d39e45aa, NVIDIA H100 80GB HBM3, 0 %, 1 MiB, 74.95 W, 26, 345 MHz
2026/09/15 02:16:35.436, 4, GPU-a60182ac-1fbd-0654-4298-7dfab8d789ca, NVIDIA H100 80GB HBM3, 0 %, 1 MiB, 72.35 W, 26, 345 MHz
2026/09/15 02:16:35.440, 5, GPU-11bb96fb-3b4c-98eb-f310-70437157969c, NVIDIA H100 80GB HBM3, 0 %, 1 MiB, 69.33 W, 26, 345 MHz
2026/09/15 02:16:35.442, 6, GPU-7d80084d-f83b-1a50-3007-35e8f2af67c2, NVIDIA H100 80GB HBM3, 0 %, 1 MiB, 70.92 W, 27, 345 MHz
2026/09/15 02:16:35.446, 7, GPU-69cdf81a-1c5b-4e7c-54e2-2dd45eb25e36, NVIDIA H100 80GB HBM3, 0 %, 1 MiB, 70.33 W, 26, 345 MHz
2026/09/15 02:16:36.464, 0, GPU-3d9bae9f-f6a5-a533-682a-2990f19ffa90, NVIDIA H100 80GB HBM3, 56 %, 23726 MiB, 187.99 W, 43, 1980 MHz
2026/09/15 02:16:36.465, 1, GPU-d67482aa-44bc-1a33-2545-de34f4bb6c82, NVIDIA H100 80GB HBM3, 0 %, 1 MiB, 70.88 W, 35, 345 MHz
2026/09/15 02:16:36.468, 2, GPU-6c47d827-68bc-9d8f-448e-55624a5f2f65, NVIDIA H100 80GB HBM3, 0 %, 1 MiB, 71.49 W, 26, 345 MHz
2026/09/15 02:16:36.470, 3, GPU-a481f1cc-7ac4-a6c3-b8a4-eed1d39e45aa, NVIDIA H100 80GB HBM3, 0 %, 1 MiB, 74.94 W, 26, 345 MHz
2026/09/15 02:16:36.472, 4, GPU-a60182ac-1fbd-0654-4298-7dfab8d789ca, NVIDIA H100 80GB HBM3, 0 %, 1 MiB, 72.36 W, 26, 345 MHz
2026/09/15 02:16:36.475, 5, GPU-11bb96fb-3b4c-98eb-f310-70437157969c, NVIDIA H100 80GB HBM3, 0 %, 1 MiB, 69.33 W, 26, 345 MHz
2026/09/15 02:16:36.477, 6, GPU-7d80084d-f83b-1a50-3007-35e8f2af67c2, NVIDIA H100 80GB HBM3, 0 %, 1 MiB, 70.87 W, 27, 345 MHz
2026/09/15 02:16:36.480, 7, GPU-69cdf81a-1c5b-4e7c-54e2-2dd45eb25e36, NVIDIA H100 80GB HBM3, 0 %, 1 MiB, 70.33 W, 26, 345 MHz
2026/09/15 02:16:37.483, 0, GPU-3d9bae9f-f6a5-a533-682a-2990f19ffa90, NVIDIA H100 80GB HBM3, 55 %, 23726 MiB, 190.79 W, 41, 1980 MHz
2026/09/15 02:16:37.485, 1, GPU-d67482aa-44bc-1a33-2545-de34f4bb6c82, NVIDIA H100 80GB HBM3, 0 %, 1 MiB, 70.88 W, 35, 345 MHz
2026/09/15 02:16:37.487, 2, GPU-6c47d827-68bc-9d8f-448e-55624a5f2f65, NVIDIA H100 80GB HBM3, 0 %, 1 MiB, 71.50 W, 26, 345 MHz
2026/09/15 02:16:37.488, 3, GPU-a481f1cc-7ac4-a6c3-b8a4-eed1d39e45aa, NVIDIA H100 80GB HBM3, 0 %, 1 MiB, 74.96 W, 26, 345 MHz
2026/09/15 02:16:37.490, 4, GPU-a60182ac-1fbd-0654-4298-7dfab8d789ca, NVIDIA H100 80GB HBM3, 0 %, 1 MiB, 72.38 W, 26, 345 MHz
2026/09/15 02:16:37.491, 5, GPU-11bb96fb-3b4c-98eb-f310-70437157969c, NVIDIA H100 80GB HBM3, 0 %, 1 MiB, 69.33 W, 26, 345 MHz
2026/09/15 02:16:37.494, 6, GPU-7d80084d-f83b-1a50-3007-35e8f2af67c2, NVIDIA H100 80GB HBM3, 0 %, 1 MiB, 70.86 W, 27, 345 MHz
2026/09/15 02:16:37.497, 7, GPU-69cdf81a-1c5b-4e7c-54e2-2dd45eb25e36, NVIDIA H100 80GB HBM3, 0 %, 1 MiB, 70.31 W, 26, 345 MHz
2026/09/15 02:16:38.509, 0, GPU-3d9bae9f-f6a5-a533-682a-2990f19ffa90, NVIDIA H100 80GB HBM3, 55 %, 23726 MiB, 185.88 W, 44, 1980 MHz
2026/09/15 02:16:38.511, 1, GPU-d67482aa-44bc-1a33-2545-de34f4bb6c82, NVIDIA H100 80GB HBM3, 0 %, 1 MiB, 70.90 W, 35, 345 MHz
2026/09/15 02:16:38.513, 2, GPU-6c47d827-68bc-9d8f-448e-55624a5f2f65, NVIDIA H100 80GB HBM3, 0 %, 1 MiB, 71.50 W, 26, 345 MHz
2026/09/15 02:16:38.514, 3, GPU-a481f1cc-7ac4-a6c3-b8a4-eed1d39e45aa, NVIDIA H100 80GB HBM3, 0 %, 1 MiB, 74.98 W, 26, 345 MHz
2026/09/15 02:16:38.516, 4, GPU-a60182ac-1fbd-0654-4298-7dfab8d789ca, NVIDIA H100 80GB HBM3, 0 %, 1 MiB, 72.38 W, 26, 345 MHz
2026/09/15 02:16:38.520, 5, GPU-11bb96fb-3b4c-98eb-f310-70437157969c, NVIDIA H100 80GB HBM3, 0 %, 1 MiB, 69.34 W, 26, 345 MHz
2026/09/15 02:16:38.521, 6, GPU-7d80084d-f83b-1a50-3007-35e8f2af67c2, NVIDIA H100 80GB HBM3, 0 %, 1 MiB, 70.90 W, 27, 345 MHz
2026/09/15 02:16:38.523, 7, GPU-69cdf81a-1c5b-4e7c-54e2-2dd45eb25e36, NVIDIA H100 80GB HBM3, 0 %, 1 MiB, 70.37 W, 26, 345 MHz
2026/09/15 02:16:39.528, 0, GPU-3d9bae9f-f6a5-a533-682a-2990f19ffa90, NVIDIA H100 80GB HBM3, 55 %, 23726 MiB, 196.52 W, 41, 1980 MHz
2026/09/15 02:16:39.530, 1, GPU-d67482aa-44bc-1a33-2545-de34f4bb6c82, NVIDIA H100 80GB HBM3, 0 %, 1 MiB, 70.86 W, 35, 345 MHz
2026/09/15 02:16:39.531, 2, GPU-6c47d827-68bc-9d8f-448e-55624a5f2f65, NVIDIA H100 80GB HBM3, 0 %, 1 MiB, 71.50 W, 26, 345 MHz
2026/09/15 02:16:39.533, 3, GPU-a481f1cc-7ac4-a6c3-b8a4-eed1d39e45aa, NVIDIA H100 80GB HBM3, 0 %, 1 MiB, 74.94 W, 26, 345 MHz
2026/09/15 02:16:39.537, 4, GPU-a60182ac-1fbd-0654-4298-7dfab8d789ca, NVIDIA H100 80GB HBM3, 0 %, 1 MiB, 72.32 W, 26, 345 MHz
2026/09/15 02:16:39.538, 5, GPU-11bb96fb-3b4c-98eb-f310-70437157969c, NVIDIA H100 80GB HBM3, 0 %, 1 MiB, 69.35 W, 26, 345 MHz
2026/09/15 02:16:39.540, 6, GPU-7d80084d-f83b-1a50-3007-35e8f2af67c2, NVIDIA H100 80GB HBM3, 0 %, 1 MiB, 70.86 W, 27, 345 MHz
2026/09/15 02:16:39.542, 7, GPU-69cdf81a-1c5b-4e7c-54e2-2dd45eb25e36, NVIDIA H100 80GB HBM3, 0 %, 1 MiB, 70.34 W, 26, 345 MHz
2026/09/15 02:16:40.543, 0, GPU-3d9bae9f-f6a5-a533-682a-2990f19ffa90, NVIDIA H100 80GB HBM3, 55 %, 23726 MiB, 192.44 W, 42, 1980 MHz
2026/09/15 02:16:40.571, 1, GPU-d67482aa-44bc-1a33-2545-de34f4bb6c82, NVIDIA H100 80GB HBM3, 0 %, 1 MiB, 70.90 W, 35, 345 MHz
2026/09/15 02:16:40.572, 2, GPU-6c47d827-68bc-9d8f-448e-55624a5f2f65, NVIDIA H100 80GB HBM3, 0 %, 1 MiB, 71.48 W, 26, 345 MHz
2026/09/15 02:16:40.574, 3, GPU-a481f1cc-7ac4-a6c3-b8a4-eed1d39e45aa, NVIDIA H100 80GB HBM3, 0 %, 1 MiB, 74.97 W, 26, 345 MHz
2026/09/15 02:16:40.576, 4, GPU-a60182ac-1fbd-0654-4298-7dfab8d789ca, NVIDIA H100 80GB HBM3, 0 %, 1 MiB, 72.46 W, 26, 345 MHz
2026/09/15 02:16:40.578, 5, GPU-11bb96fb-3b4c-98eb-f310-70437157969c, NVIDIA H100 80GB HBM3, 0 %, 1 MiB, 69.36 W, 26, 345 MHz
2026/09/15 02:16:40.579, 6, GPU-7d80084d-f83b-1a50-3007-35e8f2af67c2, NVIDIA H100 80GB HBM3, 0 %, 1 MiB, 70.85 W, 27, 345 MHz
2026/09/15 02:16:40.581, 7, GPU-69cdf81a-1c5b-4e7c-54e2-2dd45eb25e36, NVIDIA H100 80GB HBM3, 0 %, 1 MiB, 70.34 W, 26, 345 MHz
2026/09/15 02:16:41.582, 0, GPU-3d9bae9f-f6a5-a533-682a-2990f19ffa90, NVIDIA H100 80GB HBM3, 29 %, 23726 MiB, 200.26 W, 44, 1980 MHz
2026/09/15 02:16:41.584, 1, GPU-d67482aa-44bc-1a33-2545-de34f4bb6c82, NVIDIA H100 80GB HBM3, 0 %, 1 MiB, 70.89 W, 35, 345 MHz
2026/09/15 02:16:41.586, 2, GPU-6c47d827-68bc-9d8f-448e-55624a5f2f65, NVIDIA H100 80GB HBM3, 0 %, 1 MiB, 71.50 W, 26, 345 MHz
2026/09/15 02:16:41.588, 3, GPU-a481f1cc-7ac4-a6c3-b8a4-eed1d39e45aa, NVIDIA H100 80GB HBM3, 0 %, 1 MiB, 75.02 W, 26, 345 MHz
2026/09/15 02:16:41.589, 4, GPU-a60182ac-1fbd-0654-4298-7dfab8d789ca, NVIDIA H100 80GB HBM3, 0 %, 1 MiB, 72.26 W, 26, 345 MHz
2026/09/15 02:16:41.591, 5, GPU-11bb96fb-3b4c-98eb-f310-70437157969c, NVIDIA H100 80GB HBM3, 0 %, 1 MiB, 69.36 W, 26, 345 MHz
2026/09/15 02:16:41.592, 6, GPU-7d80084d-f83b-1a50-3007-35e8f2af67c2, NVIDIA H100 80GB HBM3, 0 %, 1 MiB, 70.87 W, 27, 345 MHz
2026/09/15 02:16:41.594, 7, GPU-69cdf81a-1c5b-4e7c-54e2-2dd45eb25e36, NVIDIA H100 80GB HBM3, 0 %, 1 MiB, 70.33 W, 26, 345 MHz
2026/09/15 02:16:42.595, 0, GPU-3d9bae9f-f6a5-a533-682a-2990f19ffa90, NVIDIA H100 80GB HBM3, 67 %, 23726 MiB, 215.99 W, 45, 1980 MHz
2026/09/15 02:16:42.597, 1, GPU-d67482aa-44bc-1a33-2545-de34f4bb6c82, NVIDIA H100 80GB HBM3, 0 %, 1 MiB, 70.86 W, 35, 345 MHz
2026/09/15 02:16:42.599, 2, GPU-6c47d827-68bc-9d8f-448e-55624a5f2f65, NVIDIA H100 80GB HBM3, 0 %, 1 MiB, 71.53 W, 26, 345 MHz
2026/09/15 02:16:42.608, 3, GPU-a481f1cc-7ac4-a6c3-b8a4-eed1d39e45aa, NVIDIA H100 80GB HBM3, 0 %, 1 MiB, 75.00 W, 26, 345 MHz
2026/09/15 02:16:42.609, 4, GPU-a60182ac-1fbd-0654-4298-7dfab8d789ca, NVIDIA H100 80GB HBM3, 0 %, 1 MiB, 72.45 W, 26, 345 MHz
2026/09/15 02:16:42.611, 5, GPU-11bb96fb-3b4c-98eb-f310-70437157969c, NVIDIA H100 80GB HBM3, 0 %, 1 MiB, 69.33 W, 26, 345 MHz
2026/09/15 02:16:42.612, 6, GPU-7d80084d-f83b-1a50-3007-35e8f2af67c2, NVIDIA H100 80GB HBM3, 0 %, 1 MiB, 70.93 W, 27, 345 MHz
2026/09/15 02:16:42.614, 7, GPU-69cdf81a-1c5b-4e7c-54e2-2dd45eb25e36, NVIDIA H100 80GB HBM3, 0 %, 1 MiB, 70.30 W, 26, 345 MHz
2026/09/15 02:16:43.620, 0, GPU-3d9bae9f-f6a5-a533-682a-2990f19ffa90, NVIDIA H100 80GB HBM3, 68 %, 23726 MiB, 284.23 W, 46, 1980 MHz
2026/09/15 02:16:43.624, 1, GPU-d67482aa-44bc-1a33-2545-de34f4bb6c82, NVIDIA H100 80GB HBM3, 0 %, 1 MiB, 70.86 W, 35, 345 MHz
2026/09/15 02:16:43.626, 2, GPU-6c47d827-68bc-9d8f-448e-55624a5f2f65, NVIDIA H100 80GB HBM3, 0 %, 1 MiB, 71.47 W, 26, 345 MHz
2026/09/15 02:16:43.627, 3, GPU-a481f1cc-7ac4-a6c3-b8a4-eed1d39e45aa, NVIDIA H100 80GB HBM3, 0 %, 1 MiB, 75.02 W, 26, 345 MHz
2026/09/15 02:16:43.636, 4, GPU-a60182ac-1fbd-0654-4298-7dfab8d789ca, NVIDIA H100 80GB HBM3, 0 %, 1 MiB, 72.23 W, 26, 345 MHz
2026/09/15 02:16:43.638, 5, GPU-11bb96fb-3b4c-98eb-f310-70437157969c, NVIDIA H100 80GB HBM3, 0 %, 1 MiB, 69.29 W, 26, 345 MHz
2026/09/15 02:16:43.639, 6, GPU-7d80084d-f83b-1a50-3007-35e8f2af67c2, NVIDIA H100 80GB HBM3, 0 %, 1 MiB, 70.90 W, 27, 345 MHz
2026/09/15 02:16:43.641, 7, GPU-69cdf81a-1c5b-4e7c-54e2-2dd45eb25e36, NVIDIA H100 80GB HBM3, 0 %, 1 MiB, 70.36 W, 26, 345 MHz
2026/09/15 02:16:44.642, 0, GPU-3d9bae9f-f6a5-a533-682a-2990f19ffa90, NVIDIA H100 80GB HBM3, 67 %, 23726 MiB, 286.65 W, 44, 1980 MHz
2026/09/15 02:16:44.644, 1, GPU-d67482aa-44bc-1a33-2545-de34f4bb6c82, NVIDIA H100 80GB HBM3, 0 %, 1 MiB, 70.87 W, 35, 345 MHz
2026/09/15 02:16:44.646, 2, GPU-6c47d827-68bc-9d8f-448e-55624a5f2f65, NVIDIA H100 80GB HBM3, 0 %, 1 MiB, 71.47 W, 26, 345 MHz
2026/09/15 02:16:44.647, 3, GPU-a481f1cc-7ac4-a6c3-b8a4-eed1d39e45aa, NVIDIA H100 80GB HBM3, 0 %, 1 MiB, 74.93 W, 26, 345 MHz
2026/09/15 02:16:44.649, 4, GPU-a60182ac-1fbd-0654-4298-7dfab8d789ca, NVIDIA H100 80GB HBM3, 0 %, 1 MiB, 72.40 W, 26, 345 MHz
2026/09/15 02:16:44.651, 5, GPU-11bb96fb-3b4c-98eb-f310-70437157969c, NVIDIA H100 80GB HBM3, 0 %, 1 MiB, 69.35 W, 26, 345 MHz
2026/09/15 02:16:44.653, 6, GPU-7d80084d-f83b-1a50-3007-35e8f2af67c2, NVIDIA H100 80GB HBM3, 0 %, 1 MiB, 70.84 W, 27, 345 MHz
2026/09/15 02:16:44.662, 7, GPU-69cdf81a-1c5b-4e7c-54e2-2dd45eb25e36, NVIDIA H100 80GB HBM3, 0 %, 1 MiB, 70.33 W, 26, 345 MHz
2026/09/15 02:16:45.664, 0, GPU-3d9bae9f-f6a5-a533-682a-2990f19ffa90, NVIDIA H100 80GB HBM3, 67 %, 23726 MiB, 289.57 W, 45, 1980 MHz
2026/09/15 02:16:45.666, 1, GPU-d67482aa-44bc-1a33-2545-de34f4bb6c82, NVIDIA H100 80GB HBM3, 0 %, 1 MiB, 70.92 W, 35, 345 MHz
2026/09/15 02:16:45.668, 2, GPU-6c47d827-68bc-9d8f-448e-55624a5f2f65, NVIDIA H100 80GB HBM3, 0 %, 1 MiB, 71.47 W, 26, 345 MHz
2026/09/15 02:16:45.669, 3, GPU-a481f1cc-7ac4-a6c3-b8a4-eed1d39e45aa, NVIDIA H100 80GB HBM3, 0 %, 1 MiB, 74.96 W, 26, 345 MHz
2026/09/15 02:16:45.671, 4, GPU-a60182ac-1fbd-0654-4298-7dfab8d789ca, NVIDIA H100 80GB HBM3, 0 %, 1 MiB, 72.22 W, 26, 345 MHz
2026/09/15 02:16:45.673, 5, GPU-11bb96fb-3b4c-98eb-f310-70437157969c, NVIDIA H100 80GB HBM3, 0 %, 1 MiB, 69.37 W, 26, 345 MHz
2026/09/15 02:16:45.674, 6, GPU-7d80084d-f83b-1a50-3007-35e8f2af67c2, NVIDIA H100 80GB HBM3, 0 %, 1 MiB, 70.89 W, 27, 345 MHz
2026/09/15 02:16:45.676, 7, GPU-69cdf81a-1c5b-4e7c-54e2-2dd45eb25e36, NVIDIA H100 80GB HBM3, 0 %, 1 MiB, 70.29 W, 26, 345 MHz
2026/09/15 02:16:46.677, 0, GPU-3d9bae9f-f6a5-a533-682a-2990f19ffa90, NVIDIA H100 80GB HBM3, 65 %, 23726 MiB, 277.73 W, 45, 1980 MHz
2026/09/15 02:16:46.679, 1, GPU-d67482aa-44bc-1a33-2545-de34f4bb6c82, NVIDIA H100 80GB HBM3, 0 %, 1 MiB, 70.89 W, 35, 345 MHz
2026/09/15 02:16:46.681, 2, GPU-6c47d827-68bc-9d8f-448e-55624a5f2f65, NVIDIA H100 80GB HBM3, 0 %, 1 MiB, 71.50 W, 26, 345 MHz
2026/09/15 02:16:46.682, 3, GPU-a481f1cc-7ac4-a6c3-b8a4-eed1d39e45aa, NVIDIA H100 80GB HBM3, 0 %, 1 MiB, 74.95 W, 26, 345 MHz
2026/09/15 02:16:46.684, 4, GPU-a60182ac-1fbd-0654-4298-7dfab8d789ca, NVIDIA H100 80GB HBM3, 0 %, 1 MiB, 72.40 W, 26, 345 MHz
2026/09/15 02:16:46.686, 5, GPU-11bb96fb-3b4c-98eb-f310-70437157969c, NVIDIA H100 80GB HBM3, 0 %, 1 MiB, 69.32 W, 26, 345 MHz
2026/09/15 02:16:46.687, 6, GPU-7d80084d-f83b-1a50-3007-35e8f2af67c2, NVIDIA H100 80GB HBM3, 0 %, 1 MiB, 70.89 W, 27, 345 MHz
2026/09/15 02:16:46.689, 7, GPU-69cdf81a-1c5b-4e7c-54e2-2dd45eb25e36, NVIDIA H100 80GB HBM3, 0 %, 1 MiB, 70.34 W, 26, 345 MHz
2026/09/15 02:16:47.694, 0, GPU-3d9bae9f-f6a5-a533-682a-2990f19ffa90, NVIDIA H100 80GB HBM3, 65 %, 23726 MiB, 284.63 W, 46, 1980 MHz
2026/09/15 02:16:47.724, 1, GPU-d67482aa-44bc-1a33-2545-de34f4bb6c82, NVIDIA H100 80GB HBM3, 0 %, 1 MiB, 70.90 W, 35, 345 MHz
2026/09/15 02:16:47.726, 2, GPU-6c47d827-68bc-9d8f-448e-55624a5f2f65, NVIDIA H100 80GB HBM3, 0 %, 1 MiB, 71.50 W, 26, 345 MHz
2026/09/15 02:16:47.727, 3, GPU-a481f1cc-7ac4-a6c3-b8a4-eed1d39e45aa, NVIDIA H100 80GB HBM3, 0 %, 1 MiB, 74.93 W, 26, 345 MHz
2026/09/15 02:16:47.737, 4, GPU-a60182ac-1fbd-0654-4298-7dfab8d789ca, NVIDIA H100 80GB HBM3, 0 %, 1 MiB, 72.26 W, 26, 345 MHz
2026/09/15 02:16:47.739, 5, GPU-11bb96fb-3b4c-98eb-f310-70437157969c, NVIDIA H100 80GB HBM3, 0 %, 1 MiB, 69.35 W, 26, 345 MHz
2026/09/15 02:16:47.740, 6, GPU-7d80084d-f83b-1a50-3007-35e8f2af67c2, NVIDIA H100 80GB HBM3, 0 %, 1 MiB, 70.89 W, 27, 345 MHz
2026/09/15 02:16:47.742, 7, GPU-69cdf81a-1c5b-4e7c-54e2-2dd45eb25e36, NVIDIA H100 80GB HBM3, 0 %, 1 MiB, 70.26 W, 26, 345 MHz
2026/09/15 02:16:48.744, 0, GPU-3d9bae9f-f6a5-a533-682a-2990f19ffa90, NVIDIA H100 80GB HBM3, 66 %, 23726 MiB, 284.80 W, 44, 1980 MHz
2026/09/15 02:16:48.745, 1, GPU-d67482aa-44bc-1a33-2545-de34f4bb6c82, NVIDIA H100 80GB HBM3, 0 %, 1 MiB, 70.89 W, 35, 345 MHz
2026/09/15 02:16:48.748, 2, GPU-6c47d827-68bc-9d8f-448e-55624a5f2f65, NVIDIA H100 80GB HBM3, 0 %, 1 MiB, 71.51 W, 26, 345 MHz
2026/09/15 02:16:48.749, 3, GPU-a481f1cc-7ac4-a6c3-b8a4-eed1d39e45aa, NVIDIA H100 80GB HBM3, 0 %, 1 MiB, 74.96 W, 26, 345 MHz
2026/09/15 02:16:48.751, 4, GPU-a60182ac-1fbd-0654-4298-7dfab8d789ca, NVIDIA H100 80GB HBM3, 0 %, 1 MiB, 72.33 W, 26, 345 MHz
2026/09/15 02:16:48.752, 5, GPU-11bb96fb-3b4c-98eb-f310-70437157969c, NVIDIA H100 80GB HBM3, 0 %, 1 MiB, 69.34 W, 26, 345 MHz
2026/09/15 02:16:48.754, 6, GPU-7d80084d-f83b-1a50-3007-35e8f2af67c2, NVIDIA H100 80GB HBM3, 0 %, 1 MiB, 70.87 W, 27, 345 MHz
2026/09/15 02:16:48.762, 7, GPU-69cdf81a-1c5b-4e7c-54e2-2dd45eb25e36, NVIDIA H100 80GB HBM3, 0 %, 1 MiB, 70.30 W, 26, 345 MHz
2026/09/15 02:16:49.763, 0, GPU-3d9bae9f-f6a5-a533-682a-2990f19ffa90, NVIDIA H100 80GB HBM3, 57 %, 23726 MiB, 260.56 W, 45, 1980 MHz
2026/09/15 02:16:49.766, 1, GPU-d67482aa-44bc-1a33-2545-de34f4bb6c82, NVIDIA H100 80GB HBM3, 0 %, 1 MiB, 70.88 W, 35, 345 MHz
2026/09/15 02:16:49.767, 2, GPU-6c47d827-68bc-9d8f-448e-55624a5f2f65, NVIDIA H100 80GB HBM3, 0 %, 1 MiB, 71.49 W, 26, 345 MHz
2026/09/15 02:16:49.769, 3, GPU-a481f1cc-7ac4-a6c3-b8a4-eed1d39e45aa, NVIDIA H100 80GB HBM3, 0 %, 1 MiB, 74.95 W, 26, 345 MHz
2026/09/15 02:16:49.771, 4, GPU-a60182ac-1fbd-0654-4298-7dfab8d789ca, NVIDIA H100 80GB HBM3, 0 %, 1 MiB, 72.27 W, 26, 345 MHz
2026/09/15 02:16:49.772, 5, GPU-11bb96fb-3b4c-98eb-f310-70437157969c, NVIDIA H100 80GB HBM3, 0 %, 1 MiB, 69.34 W, 26, 345 MHz
2026/09/15 02:16:49.774, 6, GPU-7d80084d-f83b-1a50-3007-35e8f2af67c2, NVIDIA H100 80GB HBM3, 0 %, 1 MiB, 70.89 W, 27, 345 MHz
2026/09/15 02:16:49.776, 7, GPU-69cdf81a-1c5b-4e7c-54e2-2dd45eb25e36, NVIDIA H100 80GB HBM3, 0 %, 1 MiB, 70.32 W, 26, 345 MHz
2026/09/15 02:16:50.777, 0, GPU-3d9bae9f-f6a5-a533-682a-2990f19ffa90, NVIDIA H100 80GB HBM3, 66 %, 23726 MiB, 284.50 W, 46, 1980 MHz
2026/09/15 02:16:50.780, 1, GPU-d67482aa-44bc-1a33-2545-de34f4bb6c82, NVIDIA H100 80GB HBM3, 0 %, 1 MiB, 70.85 W, 35, 345 MHz
2026/09/15 02:16:50.781, 2, GPU-6c47d827-68bc-9d8f-448e-55624a5f2f65, NVIDIA H100 80GB HBM3, 0 %, 1 MiB, 71.49 W, 26, 345 MHz
2026/09/15 02:16:50.783, 3, GPU-a481f1cc-7ac4-a6c3-b8a4-eed1d39e45aa, NVIDIA H100 80GB HBM3, 0 %, 1 MiB, 74.97 W, 26, 345 MHz
2026/09/15 02:16:50.785, 4, GPU-a60182ac-1fbd-0654-4298-7dfab8d789ca, NVIDIA H100 80GB HBM3, 0 %, 1 MiB, 72.30 W, 26, 345 MHz
2026/09/15 02:16:50.786, 5, GPU-11bb96fb-3b4c-98eb-f310-70437157969c, NVIDIA H100 80GB HBM3, 0 %, 1 MiB, 69.31 W, 26, 345 MHz
2026/09/15 02:16:50.788, 6, GPU-7d80084d-f83b-1a50-3007-35e8f2af67c2, NVIDIA H100 80GB HBM3, 0 %, 1 MiB, 70.89 W, 27, 345 MHz
2026/09/15 02:16:50.789, 7, GPU-69cdf81a-1c5b-4e7c-54e2-2dd45eb25e36, NVIDIA H100 80GB HBM3, 0 %, 1 MiB, 70.31 W, 26, 345 MHz
2026/09/15 02:16:51.791, 0, GPU-3d9bae9f-f6a5-a533-682a-2990f19ffa90, NVIDIA H100 80GB HBM3, 66 %, 23726 MiB, 284.93 W, 45, 1980 MHz
2026/09/15 02:16:51.812, 1, GPU-d67482aa-44bc-1a33-2545-de34f4bb6c82, NVIDIA H100 80GB HBM3, 0 %, 1 MiB, 70.87 W, 35, 345 MHz
2026/09/15 02:16:51.869, 2, GPU-6c47d827-68bc-9d8f-448e-55624a5f2f65, NVIDIA H100 80GB HBM3, 0 %, 1 MiB, 71.48 W, 26, 345 MHz
2026/09/15 02:16:51.895, 3, GPU-a481f1cc-7ac4-a6c3-b8a4-eed1d39e45aa, NVIDIA H100 80GB HBM3, 0 %, 1 MiB, 74.90 W, 26, 345 MHz
2026/09/15 02:16:51.961, 4, GPU-a60182ac-1fbd-0654-4298-7dfab8d789ca, NVIDIA H100 80GB HBM3, 0 %, 1 MiB, 72.45 W, 26, 345 MHz
2026/09/15 02:16:51.968, 5, GPU-11bb96fb-3b4c-98eb-f310-70437157969c, NVIDIA H100 80GB HBM3, 0 %, 1 MiB, 69.32 W, 26, 345 MHz
2026/09/15 02:16:51.995, 6, GPU-7d80084d-f83b-1a50-3007-35e8f2af67c2, NVIDIA H100 80GB HBM3, 0 %, 1 MiB, 70.89 W, 27, 345 MHz
2026/09/15 02:16:51.996, 7, GPU-69cdf81a-1c5b-4e7c-54e2-2dd45eb25e36, NVIDIA H100 80GB HBM3, 0 %, 1 MiB, 70.34 W, 26, 345 MHz
2026/09/15 02:16:52.998, 0, GPU-3d9bae9f-f6a5-a533-682a-2990f19ffa90, NVIDIA H100 80GB HBM3, 68 %, 23726 MiB, 282.02 W, 45, 1980 MHz
2026/09/15 02:16:53.000, 1, GPU-d67482aa-44bc-1a33-2545-de34f4bb6c82, NVIDIA H100 80GB HBM3, 0 %, 1 MiB, 70.93 W, 35, 345 MHz
2026/09/15 02:16:53.002, 2, GPU-6c47d827-68bc-9d8f-448e-55624a5f2f65, NVIDIA H100 80GB HBM3, 0 %, 1 MiB, 71.46 W, 26, 345 MHz
2026/09/15 02:16:53.008, 3, GPU-a481f1cc-7ac4-a6c3-b8a4-eed1d39e45aa, NVIDIA H100 80GB HBM3, 0 %, 1 MiB, 74.98 W, 26, 345 MHz
2026/09/15 02:16:53.010, 4, GPU-a60182ac-1fbd-0654-4298-7dfab8d789ca, NVIDIA H100 80GB HBM3, 0 %, 1 MiB, 72.28 W, 26, 345 MHz
2026/09/15 02:16:53.011, 5, GPU-11bb96fb-3b4c-98eb-f310-70437157969c, NVIDIA H100 80GB HBM3, 0 %, 1 MiB, 69.35 W, 26, 345 MHz
2026/09/15 02:16:53.013, 6, GPU-7d80084d-f83b-1a50-3007-35e8f2af67c2, NVIDIA H100 80GB HBM3, 0 %, 1 MiB, 70.88 W, 27, 345 MHz
2026/09/15 02:16:53.014, 7, GPU-69cdf81a-1c5b-4e7c-54e2-2dd45eb25e36, NVIDIA H100 80GB HBM3, 0 %, 1 MiB, 70.31 W, 26, 345 MHz
2026/09/15 02:16:54.021, 0, GPU-3d9bae9f-f6a5-a533-682a-2990f19ffa90, NVIDIA H100 80GB HBM3, 67 %, 23726 MiB, 282.32 W, 46, 1980 MHz
2026/09/15 02:16:54.024, 1, GPU-d67482aa-44bc-1a33-2545-de34f4bb6c82, NVIDIA H100 80GB HBM3, 0 %, 1 MiB, 70.92 W, 35, 345 MHz
2026/09/15 02:16:54.026, 2, GPU-6c47d827-68bc-9d8f-448e-55624a5f2f65, NVIDIA H100 80GB HBM3, 0 %, 1 MiB, 71.49 W, 26, 345 MHz
2026/09/15 02:16:54.027, 3, GPU-a481f1cc-7ac4-a6c3-b8a4-eed1d39e45aa, NVIDIA H100 80GB HBM3, 0 %, 1 MiB, 74.97 W, 26, 345 MHz
2026/09/15 02:16:54.036, 4, GPU-a60182ac-1fbd-0654-4298-7dfab8d789ca, NVIDIA H100 80GB HBM3, 0 %, 1 MiB, 72.36 W, 26, 345 MHz
2026/09/15 02:16:54.038, 5, GPU-11bb96fb-3b4c-98eb-f310-70437157969c, NVIDIA H100 80GB HBM3, 0 %, 1 MiB, 69.33 W, 26, 345 MHz
2026/09/15 02:16:54.039, 6, GPU-7d80084d-f83b-1a50-3007-35e8f2af67c2, NVIDIA H100 80GB HBM3, 0 %, 1 MiB, 70.85 W, 27, 345 MHz
2026/09/15 02:16:54.041, 7, GPU-69cdf81a-1c5b-4e7c-54e2-2dd45eb25e36, NVIDIA H100 80GB HBM3, 0 %, 1 MiB, 70.28 W, 26, 345 MHz
2026/09/15 02:16:55.043, 0, GPU-3d9bae9f-f6a5-a533-682a-2990f19ffa90, NVIDIA H100 80GB HBM3, 64 %, 23726 MiB, 284.38 W, 46, 1980 MHz
2026/09/15 02:16:55.045, 1, GPU-d67482aa-44bc-1a33-2545-de34f4bb6c82, NVIDIA H100 80GB HBM3, 0 %, 1 MiB, 70.95 W, 35, 345 MHz
2026/09/15 02:16:55.047, 2, GPU-6c47d827-68bc-9d8f-448e-55624a5f2f65, NVIDIA H100 80GB HBM3, 0 %, 1 MiB, 71.46 W, 26, 345 MHz
2026/09/15 02:16:55.048, 3, GPU-a481f1cc-7ac4-a6c3-b8a4-eed1d39e45aa, NVIDIA H100 80GB HBM3, 0 %, 1 MiB, 74.96 W, 26, 345 MHz
2026/09/15 02:16:55.050, 4, GPU-a60182ac-1fbd-0654-4298-7dfab8d789ca, NVIDIA H100 80GB HBM3, 0 %, 1 MiB, 72.25 W, 26, 345 MHz
2026/09/15 02:16:55.051, 5, GPU-11bb96fb-3b4c-98eb-f310-70437157969c, NVIDIA H100 80GB HBM3, 0 %, 1 MiB, 69.33 W, 26, 345 MHz
2026/09/15 02:16:55.053, 6, GPU-7d80084d-f83b-1a50-3007-35e8f2af67c2, NVIDIA H100 80GB HBM3, 0 %, 1 MiB, 70.86 W, 27, 345 MHz
2026/09/15 02:16:55.062, 7, GPU-69cdf81a-1c5b-4e7c-54e2-2dd45eb25e36, NVIDIA H100 80GB HBM3, 0 %, 1 MiB, 70.31 W, 26, 345 MHz
2026/09/15 02:16:56.064, 0, GPU-3d9bae9f-f6a5-a533-682a-2990f19ffa90, NVIDIA H100 80GB HBM3, 66 %, 23726 MiB, 282.50 W, 45, 1980 MHz
2026/09/15 02:16:56.081, 1, GPU-d67482aa-44bc-1a33-2545-de34f4bb6c82, NVIDIA H100 80GB HBM3, 0 %, 1 MiB, 70.90 W, 35, 345 MHz
2026/09/15 02:16:56.106, 2, GPU-6c47d827-68bc-9d8f-448e-55624a5f2f65, NVIDIA H100 80GB HBM3, 0 %, 1 MiB, 71.48 W, 26, 345 MHz
2026/09/15 02:16:56.108, 3, GPU-a481f1cc-7ac4-a6c3-b8a4-eed1d39e45aa, NVIDIA H100 80GB HBM3, 0 %, 1 MiB, 74.92 W, 26, 345 MHz
2026/09/15 02:16:56.161, 4, GPU-a60182ac-1fbd-0654-4298-7dfab8d789ca, NVIDIA H100 80GB HBM3, 0 %, 1 MiB, 72.25 W, 26, 345 MHz
2026/09/15 02:16:56.168, 5, GPU-11bb96fb-3b4c-98eb-f310-70437157969c, NVIDIA H100 80GB HBM3, 0 %, 1 MiB, 69.38 W, 26, 345 MHz
2026/09/15 02:16:56.191, 6, GPU-7d80084d-f83b-1a50-3007-35e8f2af67c2, NVIDIA H100 80GB HBM3, 0 %, 1 MiB, 70.83 W, 27, 345 MHz
2026/09/15 02:16:56.214, 7, GPU-69cdf81a-1c5b-4e7c-54e2-2dd45eb25e36, NVIDIA H100 80GB HBM3, 0 %, 1 MiB, 70.29 W, 26, 345 MHz
2026/09/15 02:16:57.246, 0, GPU-3d9bae9f-f6a5-a533-682a-2990f19ffa90, NVIDIA H100 80GB HBM3, 24 %, 23726 MiB, 235.63 W, 44, 1980 MHz
2026/09/15 02:16:57.248, 1, GPU-d67482aa-44bc-1a33-2545-de34f4bb6c82, NVIDIA H100 80GB HBM3, 0 %, 1 MiB, 70.91 W, 35, 345 MHz
2026/09/15 02:16:57.257, 2, GPU-6c47d827-68bc-9d8f-448e-55624a5f2f65, NVIDIA H100 80GB HBM3, 0 %, 1 MiB, 71.51 W, 26, 345 MHz
2026/09/15 02:16:57.259, 3, GPU-a481f1cc-7ac4-a6c3-b8a4-eed1d39e45aa, NVIDIA H100 80GB HBM3, 0 %, 1 MiB, 74.98 W, 26, 345 MHz
2026/09/15 02:16:57.260, 4, GPU-a60182ac-1fbd-0654-4298-7dfab8d789ca, NVIDIA H100 80GB HBM3, 0 %, 1 MiB, 72.34 W, 26, 345 MHz
2026/09/15 02:16:57.268, 5, GPU-11bb96fb-3b4c-98eb-f310-70437157969c, NVIDIA H100 80GB HBM3, 0 %, 1 MiB, 69.38 W, 26, 345 MHz
2026/09/15 02:16:57.269, 6, GPU-7d80084d-f83b-1a50-3007-35e8f2af67c2, NVIDIA H100 80GB HBM3, 0 %, 1 MiB, 70.90 W, 27, 345 MHz
2026/09/15 02:16:57.271, 7, GPU-69cdf81a-1c5b-4e7c-54e2-2dd45eb25e36, NVIDIA H100 80GB HBM3, 0 %, 1 MiB, 70.34 W, 26, 345 MHz
2026/09/15 02:16:58.273, 0, GPU-3d9bae9f-f6a5-a533-682a-2990f19ffa90, NVIDIA H100 80GB HBM3, 67 %, 23726 MiB, 277.52 W, 46, 1980 MHz
2026/09/15 02:16:58.275, 1, GPU-d67482aa-44bc-1a33-2545-de34f4bb6c82, NVIDIA H100 80GB HBM3, 0 %, 1 MiB, 70.94 W, 35, 345 MHz
2026/09/15 02:16:58.277, 2, GPU-6c47d827-68bc-9d8f-448e-55624a5f2f65, NVIDIA H100 80GB HBM3, 0 %, 1 MiB, 71.48 W, 26, 345 MHz
2026/09/15 02:16:58.279, 3, GPU-a481f1cc-7ac4-a6c3-b8a4-eed1d39e45aa, NVIDIA H100 80GB HBM3, 0 %, 1 MiB, 74.92 W, 26, 345 MHz
2026/09/15 02:16:58.281, 4, GPU-a60182ac-1fbd-0654-4298-7dfab8d789ca, NVIDIA H100 80GB HBM3, 0 %, 1 MiB, 72.19 W, 26, 345 MHz
2026/09/15 02:16:58.282, 5, GPU-11bb96fb-3b4c-98eb-f310-70437157969c, NVIDIA H100 80GB HBM3, 0 %, 1 MiB, 69.33 W, 26, 345 MHz
2026/09/15 02:16:58.284, 6, GPU-7d80084d-f83b-1a50-3007-35e8f2af67c2, NVIDIA H100 80GB HBM3, 0 %, 1 MiB, 70.93 W, 27, 345 MHz
2026/09/15 02:16:58.286, 7, GPU-69cdf81a-1c5b-4e7c-54e2-2dd45eb25e36, NVIDIA H100 80GB HBM3, 0 %, 1 MiB, 70.27 W, 26, 345 MHz
2026/09/15 02:16:59.287, 0, GPU-3d9bae9f-f6a5-a533-682a-2990f19ffa90, NVIDIA H100 80GB HBM3, 68 %, 23726 MiB, 284.83 W, 47, 1980 MHz
2026/09/15 02:16:59.290, 1, GPU-d67482aa-44bc-1a33-2545-de34f4bb6c82, NVIDIA H100 80GB HBM3, 0 %, 1 MiB, 70.89 W, 35, 345 MHz
2026/09/15 02:16:59.291, 2, GPU-6c47d827-68bc-9d8f-448e-55624a5f2f65, NVIDIA H100 80GB HBM3, 0 %, 1 MiB, 71.43 W, 26, 345 MHz
2026/09/15 02:16:59.293, 3, GPU-a481f1cc-7ac4-a6c3-b8a4-eed1d39e45aa, NVIDIA H100 80GB HBM3, 0 %, 1 MiB, 74.97 W, 26, 345 MHz
2026/09/15 02:16:59.295, 4, GPU-a60182ac-1fbd-0654-4298-7dfab8d789ca, NVIDIA H100 80GB HBM3, 0 %, 1 MiB, 72.40 W, 26, 345 MHz
2026/09/15 02:16:59.297, 5, GPU-11bb96fb-3b4c-98eb-f310-70437157969c, NVIDIA H100 80GB HBM3, 0 %, 1 MiB, 69.36 W, 26, 345 MHz
2026/09/15 02:16:59.298, 6, GPU-7d80084d-f83b-1a50-3007-35e8f2af67c2, NVIDIA H100 80GB HBM3, 0 %, 1 MiB, 70.87 W, 27, 345 MHz
2026/09/15 02:16:59.300, 7, GPU-69cdf81a-1c5b-4e7c-54e2-2dd45eb25e36, NVIDIA H100 80GB HBM3, 0 %, 1 MiB, 70.32 W, 26, 345 MHz
2026/09/15 02:17:00.301, 0, GPU-3d9bae9f-f6a5-a533-682a-2990f19ffa90, NVIDIA H100 80GB HBM3, 67 %, 23726 MiB, 278.45 W, 46, 1980 MHz
2026/09/15 02:17:00.304, 1, GPU-d67482aa-44bc-1a33-2545-de34f4bb6c82, NVIDIA H100 80GB HBM3, 0 %, 1 MiB, 70.90 W, 35, 345 MHz
2026/09/15 02:17:00.306, 2, GPU-6c47d827-68bc-9d8f-448e-55624a5f2f65, NVIDIA H100 80GB HBM3, 0 %, 1 MiB, 71.50 W, 26, 345 MHz
2026/09/15 02:17:00.308, 3, GPU-a481f1cc-7ac4-a6c3-b8a4-eed1d39e45aa, NVIDIA H100 80GB HBM3, 0 %, 1 MiB, 74.92 W, 26, 345 MHz
2026/09/15 02:17:00.309, 4, GPU-a60182ac-1fbd-0654-4298-7dfab8d789ca, NVIDIA H100 80GB HBM3, 0 %, 1 MiB, 72.19 W, 26, 345 MHz
2026/09/15 02:17:00.310, 5, GPU-11bb96fb-3b4c-98eb-f310-70437157969c, NVIDIA H100 80GB HBM3, 0 %, 1 MiB, 69.33 W, 26, 345 MHz
2026/09/15 02:17:00.312, 6, GPU-7d80084d-f83b-1a50-3007-35e8f2af67c2, NVIDIA H100 80GB HBM3, 0 %, 1 MiB, 70.86 W, 27, 345 MHz
2026/09/15 02:17:00.313, 7, GPU-69cdf81a-1c5b-4e7c-54e2-2dd45eb25e36, NVIDIA H100 80GB HBM3, 0 %, 1 MiB, 70.29 W, 26, 345 MHz
2026/09/15 02:17:01.318, 0, GPU-3d9bae9f-f6a5-a533-682a-2990f19ffa90, NVIDIA H100 80GB HBM3, 66 %, 23726 MiB, 280.78 W, 45, 1980 MHz
2026/09/15 02:17:01.323, 1, GPU-d67482aa-44bc-1a33-2545-de34f4bb6c82, NVIDIA H100 80GB HBM3, 0 %, 1 MiB, 70.92 W, 35, 345 MHz
2026/09/15 02:17:01.325, 2, GPU-6c47d827-68bc-9d8f-448e-55624a5f2f65, NVIDIA H100 80GB HBM3, 0 %, 1 MiB, 71.50 W, 26, 345 MHz
2026/09/15 02:17:01.327, 3, GPU-a481f1cc-7ac4-a6c3-b8a4-eed1d39e45aa, NVIDIA H100 80GB HBM3, 0 %, 1 MiB, 74.92 W, 26, 345 MHz
2026/09/15 02:17:01.336, 4, GPU-a60182ac-1fbd-0654-4298-7dfab8d789ca, NVIDIA H100 80GB HBM3, 0 %, 1 MiB, 72.40 W, 26, 345 MHz
2026/09/15 02:17:01.340, 5, GPU-11bb96fb-3b4c-98eb-f310-70437157969c, NVIDIA H100 80GB HBM3, 0 %, 1 MiB, 69.37 W, 26, 345 MHz
2026/09/15 02:17:01.341, 6, GPU-7d80084d-f83b-1a50-3007-35e8f2af67c2, NVIDIA H100 80GB HBM3, 0 %, 1 MiB, 70.91 W, 27, 345 MHz
2026/09/15 02:17:01.343, 7, GPU-69cdf81a-1c5b-4e7c-54e2-2dd45eb25e36, NVIDIA H100 80GB HBM3, 0 %, 1 MiB, 70.32 W, 26, 345 MHz
2026/09/15 02:17:02.345, 0, GPU-3d9bae9f-f6a5-a533-682a-2990f19ffa90, NVIDIA H100 80GB HBM3, 65 %, 23726 MiB, 282.57 W, 45, 1980 MHz
2026/09/15 02:17:02.347, 1, GPU-d67482aa-44bc-1a33-2545-de34f4bb6c82, NVIDIA H100 80GB HBM3, 0 %, 1 MiB, 70.90 W, 35, 345 MHz
2026/09/15 02:17:02.356, 2, GPU-6c47d827-68bc-9d8f-448e-55624a5f2f65, NVIDIA H100 80GB HBM3, 0 %, 1 MiB, 71.50 W, 26, 345 MHz
2026/09/15 02:17:02.358, 3, GPU-a481f1cc-7ac4-a6c3-b8a4-eed1d39e45aa, NVIDIA H100 80GB HBM3, 0 %, 1 MiB, 74.93 W, 26, 345 MHz
2026/09/15 02:17:02.359, 4, GPU-a60182ac-1fbd-0654-4298-7dfab8d789ca, NVIDIA H100 80GB HBM3, 0 %, 1 MiB, 72.33 W, 26, 345 MHz
2026/09/15 02:17:02.366, 5, GPU-11bb96fb-3b4c-98eb-f310-70437157969c, NVIDIA H100 80GB HBM3, 0 %, 1 MiB, 69.33 W, 26, 345 MHz
2026/09/15 02:17:02.368, 6, GPU-7d80084d-f83b-1a50-3007-35e8f2af67c2, NVIDIA H100 80GB HBM3, 0 %, 1 MiB, 70.90 W, 27, 345 MHz
2026/09/15 02:17:02.369, 7, GPU-69cdf81a-1c5b-4e7c-54e2-2dd45eb25e36, NVIDIA H100 80GB HBM3, 0 %, 1 MiB, 70.28 W, 26, 345 MHz
2026/09/15 02:17:03.374, 0, GPU-3d9bae9f-f6a5-a533-682a-2990f19ffa90, NVIDIA H100 80GB HBM3, 66 %, 23726 MiB, 289.09 W, 46, 1980 MHz
2026/09/15 02:17:03.393, 1, GPU-d67482aa-44bc-1a33-2545-de34f4bb6c82, NVIDIA H100 80GB HBM3, 0 %, 1 MiB, 70.96 W, 35, 345 MHz
2026/09/15 02:17:03.426, 2, GPU-6c47d827-68bc-9d8f-448e-55624a5f2f65, NVIDIA H100 80GB HBM3, 0 %, 1 MiB, 71.47 W, 26, 345 MHz
2026/09/15 02:17:03.451, 3, GPU-a481f1cc-7ac4-a6c3-b8a4-eed1d39e45aa, NVIDIA H100 80GB HBM3, 0 %, 1 MiB, 74.88 W, 26, 345 MHz
2026/09/15 02:17:03.477, 4, GPU-a60182ac-1fbd-0654-4298-7dfab8d789ca, NVIDIA H100 80GB HBM3, 0 %, 1 MiB, 72.18 W, 26, 345 MHz
2026/09/15 02:17:03.479, 5, GPU-11bb96fb-3b4c-98eb-f310-70437157969c, NVIDIA H100 80GB HBM3, 0 %, 1 MiB, 69.30 W, 26, 345 MHz
2026/09/15 02:17:03.481, 6, GPU-7d80084d-f83b-1a50-3007-35e8f2af67c2, NVIDIA H100 80GB HBM3, 0 %, 1 MiB, 70.92 W, 27, 345 MHz
2026/09/15 02:17:03.483, 7, GPU-69cdf81a-1c5b-4e7c-54e2-2dd45eb25e36, NVIDIA H100 80GB HBM3, 0 %, 1 MiB, 70.30 W, 26, 345 MHz
2026/09/15 02:17:04.484, 0, GPU-3d9bae9f-f6a5-a533-682a-2990f19ffa90, NVIDIA H100 80GB HBM3, 38 %, 23726 MiB, 265.91 W, 43, 1980 MHz
2026/09/15 02:17:04.486, 1, GPU-d67482aa-44bc-1a33-2545-de34f4bb6c82, NVIDIA H100 80GB HBM3, 0 %, 1 MiB, 70.98 W, 35, 345 MHz
2026/09/15 02:17:04.488, 2, GPU-6c47d827-68bc-9d8f-448e-55624a5f2f65, NVIDIA H100 80GB HBM3, 0 %, 1 MiB, 71.48 W, 26, 345 MHz
2026/09/15 02:17:04.489, 3, GPU-a481f1cc-7ac4-a6c3-b8a4-eed1d39e45aa, NVIDIA H100 80GB HBM3, 0 %, 1 MiB, 74.87 W, 26, 345 MHz
2026/09/15 02:17:04.491, 4, GPU-a60182ac-1fbd-0654-4298-7dfab8d789ca, NVIDIA H100 80GB HBM3, 0 %, 1 MiB, 72.46 W, 26, 345 MHz
2026/09/15 02:17:04.493, 5, GPU-11bb96fb-3b4c-98eb-f310-70437157969c, NVIDIA H100 80GB HBM3, 0 %, 1 MiB, 69.33 W, 26, 345 MHz
2026/09/15 02:17:04.494, 6, GPU-7d80084d-f83b-1a50-3007-35e8f2af67c2, NVIDIA H100 80GB HBM3, 0 %, 1 MiB, 70.87 W, 27, 345 MHz
2026/09/15 02:17:04.496, 7, GPU-69cdf81a-1c5b-4e7c-54e2-2dd45eb25e36, NVIDIA H100 80GB HBM3, 0 %, 1 MiB, 70.30 W, 26, 345 MHz
2026/09/15 02:17:05.497, 0, GPU-3d9bae9f-f6a5-a533-682a-2990f19ffa90, NVIDIA H100 80GB HBM3, 67 %, 23726 MiB, 279.23 W, 45, 1980 MHz
2026/09/15 02:17:05.499, 1, GPU-d67482aa-44bc-1a33-2545-de34f4bb6c82, NVIDIA H100 80GB HBM3, 0 %, 1 MiB, 70.92 W, 35, 345 MHz
2026/09/15 02:17:05.501, 2, GPU-6c47d827-68bc-9d8f-448e-55624a5f2f65, NVIDIA H100 80GB HBM3, 0 %, 1 MiB, 71.51 W, 26, 345 MHz
2026/09/15 02:17:05.508, 3, GPU-a481f1cc-7ac4-a6c3-b8a4-eed1d39e45aa, NVIDIA H100 80GB HBM3, 0 %, 1 MiB, 74.91 W, 26, 345 MHz
2026/09/15 02:17:05.510, 4, GPU-a60182ac-1fbd-0654-4298-7dfab8d789ca, NVIDIA H100 80GB HBM3, 0 %, 1 MiB, 72.20 W, 26, 345 MHz
2026/09/15 02:17:05.511, 5, GPU-11bb96fb-3b4c-98eb-f310-70437157969c, NVIDIA H100 80GB HBM3, 0 %, 1 MiB, 69.30 W, 26, 345 MHz
2026/09/15 02:17:05.513, 6, GPU-7d80084d-f83b-1a50-3007-35e8f2af67c2, NVIDIA H100 80GB HBM3, 0 %, 1 MiB, 70.88 W, 27, 345 MHz
2026/09/15 02:17:05.514, 7, GPU-69cdf81a-1c5b-4e7c-54e2-2dd45eb25e36, NVIDIA H100 80GB HBM3, 0 %, 1 MiB, 70.34 W, 26, 345 MHz
2026/09/15 02:17:06.518, 0, GPU-3d9bae9f-f6a5-a533-682a-2990f19ffa90, NVIDIA H100 80GB HBM3, 67 %, 23726 MiB, 280.74 W, 46, 1980 MHz
2026/09/15 02:17:06.524, 1, GPU-d67482aa-44bc-1a33-2545-de34f4bb6c82, NVIDIA H100 80GB HBM3, 0 %, 1 MiB, 70.94 W, 35, 345 MHz
2026/09/15 02:17:06.526, 2, GPU-6c47d827-68bc-9d8f-448e-55624a5f2f65, NVIDIA H100 80GB HBM3, 0 %, 1 MiB, 71.52 W, 26, 345 MHz
2026/09/15 02:17:06.527, 3, GPU-a481f1cc-7ac4-a6c3-b8a4-eed1d39e45aa, NVIDIA H100 80GB HBM3, 0 %, 1 MiB, 74.93 W, 26, 345 MHz
2026/09/15 02:17:06.536, 4, GPU-a60182ac-1fbd-0654-4298-7dfab8d789ca, NVIDIA H100 80GB HBM3, 0 %, 1 MiB, 72.50 W, 26, 345 MHz
2026/09/15 02:17:06.538, 5, GPU-11bb96fb-3b4c-98eb-f310-70437157969c, NVIDIA H100 80GB HBM3, 0 %, 1 MiB, 69.35 W, 26, 345 MHz
2026/09/15 02:17:06.540, 6, GPU-7d80084d-f83b-1a50-3007-35e8f2af67c2, NVIDIA H100 80GB HBM3, 0 %, 1 MiB, 70.92 W, 27, 345 MHz
2026/09/15 02:17:06.541, 7, GPU-69cdf81a-1c5b-4e7c-54e2-2dd45eb25e36, NVIDIA H100 80GB HBM3, 0 %, 1 MiB, 70.30 W, 26, 345 MHz
2026/09/15 02:17:07.543, 0, GPU-3d9bae9f-f6a5-a533-682a-2990f19ffa90, NVIDIA H100 80GB HBM3, 67 %, 23726 MiB, 286.43 W, 46, 1980 MHz
2026/09/15 02:17:07.545, 1, GPU-d67482aa-44bc-1a33-2545-de34f4bb6c82, NVIDIA H100 80GB HBM3, 0 %, 1 MiB, 70.94 W, 35, 345 MHz
2026/09/15 02:17:07.547, 2, GPU-6c47d827-68bc-9d8f-448e-55624a5f2f65, NVIDIA H100 80GB HBM3, 0 %, 1 MiB, 71.46 W, 26, 345 MHz
2026/09/15 02:17:07.548, 3, GPU-a481f1cc-7ac4-a6c3-b8a4-eed1d39e45aa, NVIDIA H100 80GB HBM3, 0 %, 1 MiB, 74.99 W, 26, 345 MHz
2026/09/15 02:17:07.574, 4, GPU-a60182ac-1fbd-0654-4298-7dfab8d789ca, NVIDIA H100 80GB HBM3, 0 %, 1 MiB, 72.35 W, 26, 345 MHz
2026/09/15 02:17:07.599, 5, GPU-11bb96fb-3b4c-98eb-f310-70437157969c, NVIDIA H100 80GB HBM3, 0 %, 1 MiB, 69.32 W, 26, 345 MHz
2026/09/15 02:17:07.634, 6, GPU-7d80084d-f83b-1a50-3007-35e8f2af67c2, NVIDIA H100 80GB HBM3, 0 %, 1 MiB, 70.92 W, 27, 345 MHz
2026/09/15 02:17:07.662, 7, GPU-69cdf81a-1c5b-4e7c-54e2-2dd45eb25e36, NVIDIA H100 80GB HBM3, 0 %, 1 MiB, 70.29 W, 26, 345 MHz
2026/09/15 02:17:08.696, 0, GPU-3d9bae9f-f6a5-a533-682a-2990f19ffa90, NVIDIA H100 80GB HBM3, 69 %, 23726 MiB, 280.44 W, 45, 1980 MHz
2026/09/15 02:17:08.698, 1, GPU-d67482aa-44bc-1a33-2545-de34f4bb6c82, NVIDIA H100 80GB HBM3, 0 %, 1 MiB, 70.92 W, 35, 345 MHz
2026/09/15 02:17:08.700, 2, GPU-6c47d827-68bc-9d8f-448e-55624a5f2f65, NVIDIA H100 80GB HBM3, 0 %, 1 MiB, 71.45 W, 26, 345 MHz
2026/09/15 02:17:08.708, 3, GPU-a481f1cc-7ac4-a6c3-b8a4-eed1d39e45aa, NVIDIA H100 80GB HBM3, 0 %, 1 MiB, 74.98 W, 26, 345 MHz
2026/09/15 02:17:08.710, 4, GPU-a60182ac-1fbd-0654-4298-7dfab8d789ca, NVIDIA H100 80GB HBM3, 0 %, 1 MiB, 72.32 W, 26, 345 MHz
2026/09/15 02:17:08.711, 5, GPU-11bb96fb-3b4c-98eb-f310-70437157969c, NVIDIA H100 80GB HBM3, 0 %, 1 MiB, 69.37 W, 26, 345 MHz
2026/09/15 02:17:08.713, 6, GPU-7d80084d-f83b-1a50-3007-35e8f2af67c2, NVIDIA H100 80GB HBM3, 0 %, 1 MiB, 70.89 W, 27, 345 MHz
2026/09/15 02:17:08.714, 7, GPU-69cdf81a-1c5b-4e7c-54e2-2dd45eb25e36, NVIDIA H100 80GB HBM3, 0 %, 1 MiB, 70.29 W, 26, 345 MHz
2026/09/15 02:17:09.718, 0, GPU-3d9bae9f-f6a5-a533-682a-2990f19ffa90, NVIDIA H100 80GB HBM3, 68 %, 23726 MiB, 280.11 W, 45, 1980 MHz
2026/09/15 02:17:09.723, 1, GPU-d67482aa-44bc-1a33-2545-de34f4bb6c82, NVIDIA H100 80GB HBM3, 0 %, 1 MiB, 70.96 W, 35, 345 MHz
2026/09/15 02:17:09.725, 2, GPU-6c47d827-68bc-9d8f-448e-55624a5f2f65, NVIDIA H100 80GB HBM3, 0 %, 1 MiB, 71.50 W, 26, 345 MHz
2026/09/15 02:17:09.727, 3, GPU-a481f1cc-7ac4-a6c3-b8a4-eed1d39e45aa, NVIDIA H100 80GB HBM3, 0 %, 1 MiB, 74.90 W, 26, 345 MHz
2026/09/15 02:17:09.737, 4, GPU-a60182ac-1fbd-0654-4298-7dfab8d789ca, NVIDIA H100 80GB HBM3, 0 %, 1 MiB, 72.40 W, 26, 345 MHz
2026/09/15 02:17:09.740, 5, GPU-11bb96fb-3b4c-98eb-f310-70437157969c, NVIDIA H100 80GB HBM3, 0 %, 1 MiB, 69.36 W, 26, 345 MHz
2026/09/15 02:17:09.741, 6, GPU-7d80084d-f83b-1a50-3007-35e8f2af67c2, NVIDIA H100 80GB HBM3, 0 %, 1 MiB, 70.86 W, 27, 345 MHz
2026/09/15 02:17:09.744, 7, GPU-69cdf81a-1c5b-4e7c-54e2-2dd45eb25e36, NVIDIA H100 80GB HBM3, 0 %, 1 MiB, 70.35 W, 26, 345 MHz
2026/09/15 02:17:10.745, 0, GPU-3d9bae9f-f6a5-a533-682a-2990f19ffa90, NVIDIA H100 80GB HBM3, 67 %, 23726 MiB, 284.41 W, 45, 1980 MHz
2026/09/15 02:17:10.748, 1, GPU-d67482aa-44bc-1a33-2545-de34f4bb6c82, NVIDIA H100 80GB HBM3, 0 %, 1 MiB, 70.98 W, 35, 345 MHz
2026/09/15 02:17:10.755, 2, GPU-6c47d827-68bc-9d8f-448e-55624a5f2f65, NVIDIA H100 80GB HBM3, 0 %, 1 MiB, 71.46 W, 26, 345 MHz
2026/09/15 02:17:10.757, 3, GPU-a481f1cc-7ac4-a6c3-b8a4-eed1d39e45aa, NVIDIA H100 80GB HBM3, 0 %, 1 MiB, 74.94 W, 26, 345 MHz
2026/09/15 02:17:10.759, 4, GPU-a60182ac-1fbd-0654-4298-7dfab8d789ca, NVIDIA H100 80GB HBM3, 0 %, 1 MiB, 72.23 W, 26, 345 MHz
2026/09/15 02:17:10.767, 5, GPU-11bb96fb-3b4c-98eb-f310-70437157969c, NVIDIA H100 80GB HBM3, 0 %, 1 MiB, 69.33 W, 26, 345 MHz
2026/09/15 02:17:10.768, 6, GPU-7d80084d-f83b-1a50-3007-35e8f2af67c2, NVIDIA H100 80GB HBM3, 0 %, 1 MiB, 70.90 W, 27, 345 MHz
2026/09/15 02:17:10.770, 7, GPU-69cdf81a-1c5b-4e7c-54e2-2dd45eb25e36, NVIDIA H100 80GB HBM3, 0 %, 1 MiB, 70.27 W, 26, 345 MHz
2026/09/15 02:17:11.774, 0, GPU-3d9bae9f-f6a5-a533-682a-2990f19ffa90, NVIDIA H100 80GB HBM3, 66 %, 23726 MiB, 268.28 W, 43, 1980 MHz
2026/09/15 02:17:11.776, 1, GPU-d67482aa-44bc-1a33-2545-de34f4bb6c82, NVIDIA H100 80GB HBM3, 0 %, 1 MiB, 70.97 W, 35, 345 MHz
2026/09/15 02:17:11.778, 2, GPU-6c47d827-68bc-9d8f-448e-55624a5f2f65, NVIDIA H100 80GB HBM3, 0 %, 1 MiB, 71.47 W, 26, 345 MHz
2026/09/15 02:17:11.779, 3, GPU-a481f1cc-7ac4-a6c3-b8a4-eed1d39e45aa, NVIDIA H100 80GB HBM3, 0 %, 1 MiB, 74.88 W, 26, 345 MHz
2026/09/15 02:17:11.781, 4, GPU-a60182ac-1fbd-0654-4298-7dfab8d789ca, NVIDIA H100 80GB HBM3, 0 %, 1 MiB, 72.38 W, 26, 345 MHz
2026/09/15 02:17:11.782, 5, GPU-11bb96fb-3b4c-98eb-f310-70437157969c, NVIDIA H100 80GB HBM3, 0 %, 1 MiB, 69.35 W, 26, 345 MHz
2026/09/15 02:17:11.784, 6, GPU-7d80084d-f83b-1a50-3007-35e8f2af67c2, NVIDIA H100 80GB HBM3, 0 %, 1 MiB, 70.93 W, 27, 345 MHz
2026/09/15 02:17:11.785, 7, GPU-69cdf81a-1c5b-4e7c-54e2-2dd45eb25e36, NVIDIA H100 80GB HBM3, 0 %, 1 MiB, 70.29 W, 26, 345 MHz
2026/09/15 02:17:12.787, 0, GPU-3d9bae9f-f6a5-a533-682a-2990f19ffa90, NVIDIA H100 80GB HBM3, 0 %, 23726 MiB, 119.63 W, 41, 1980 MHz
2026/09/15 02:17:12.789, 1, GPU-d67482aa-44bc-1a33-2545-de34f4bb6c82, NVIDIA H100 80GB HBM3, 0 %, 1 MiB, 71.00 W, 35, 345 MHz
2026/09/15 02:17:12.790, 2, GPU-6c47d827-68bc-9d8f-448e-55624a5f2f65, NVIDIA H100 80GB HBM3, 0 %, 1 MiB, 71.50 W, 26, 345 MHz
2026/09/15 02:17:12.792, 3, GPU-a481f1cc-7ac4-a6c3-b8a4-eed1d39e45aa, NVIDIA H100 80GB HBM3, 0 %, 1 MiB, 74.94 W, 26, 345 MHz
2026/09/15 02:17:12.793, 4, GPU-a60182ac-1fbd-0654-4298-7dfab8d789ca, NVIDIA H100 80GB HBM3, 0 %, 1 MiB, 72.22 W, 26, 345 MHz
2026/09/15 02:17:12.795, 5, GPU-11bb96fb-3b4c-98eb-f310-70437157969c, NVIDIA H100 80GB HBM3, 0 %, 1 MiB, 69.30 W, 26, 345 MHz
2026/09/15 02:17:12.796, 6, GPU-7d80084d-f83b-1a50-3007-35e8f2af67c2, NVIDIA H100 80GB HBM3, 0 %, 1 MiB, 70.87 W, 27, 345 MHz
2026/09/15 02:17:12.798, 7, GPU-69cdf81a-1c5b-4e7c-54e2-2dd45eb25e36, NVIDIA H100 80GB HBM3, 0 %, 1 MiB, 70.28 W, 26, 345 MHz
